decision_id,timestamp_jst,symbol,model_name,model_version,market_regime,suggested_side,confidence,risk_level,entry_permission,signal_reason,risk_reason,rsi,ma_short,ma_long,final_decision
1b7f165d-b0bd-4fca-8a62-762d7e988da0,2026-06-01 11:55:00+09:00,USDJPY,rule_based_ai_stub,v0.1,downtrend,short,0.65,medium,True,短期MAが長期MAを下回り、RSIが許容範囲,取引許可,32.908396334536064,159.9973070193625,159.99952616570803,entry_candidate
d73d31dd-a6df-4c8c-9f35-4911d630e3e0,2026-06-01 12:00:00+09:00,USDJPY,rule_based_ai_stub,v0.1,downtrend,short,0.65,medium,True,短期MAが長期MAを下回り、RSIが許容範囲,取引許可,33.83657146424383,159.99723868050583,159.99943364582884,entry_candidate
ec87130a-6fbe-4ac1-afd0-26fc9bdc9bef,2026-06-01 12:05:00+09:00,USDJPY,rule_based_ai_stub,v0.1,downtrend,short,0.65,medium,True,短期MAが長期MAを下回り、RSIが許容範囲,取引許可,32.15303246908071,159.9970668120135,159.99931076918588,entry_candidate
7d915346-50c5-43ed-856b-7e4fa7833140,2026-06-01 12:10:00+09:00,USDJPY,rule_based_ai_stub,v0.1,downtrend,none,0.2,low,False,条件未達,取引許可,29.9682185762244,159.99688608389758,159.99915496129984,wait
e87350c0-0a03-410b-9d4d-f9a981a2ecdb,2026-06-01 12:15:00+09:00,USDJPY,rule_based_ai_stub,v0.1,downtrend,short,0.65,medium,True,短期MAが長期MAを下回り、RSIが許容範囲,取引許可,30.48611803616842,159.99669641394252,159.99897705060346,entry_candidate
7c231be8-fbcd-4c84-a915-b15e269e3fb5,2026-06-01 12:20:00+09:00,USDJPY,rule_based_ai_stub,v0.1,downtrend,short,0.65,medium,True,短期MAが長期MAを下回り、RSIが許容範囲,取引許可,38.231720370043476,159.99657369925097,159.99881535023965,entry_candidate
53b4f5ae-73d2-4f3c-8d79-40c6883db8df,2026-06-01 12:25:00+09:00,USDJPY,rule_based_ai_stub,v0.1,downtrend,short,0.65,medium,True,短期MAが長期MAを下回り、RSIが許容範囲,取引許可,37.08822912642647,159.99647413766095,159.9986604082965,entry_candidate
1f88df7a-03e2-4f93-aef4-b3995d02c29b,2026-06-01 12:30:00+09:00,USDJPY,rule_based_ai_stub,v0.1,downtrend,short,0.65,medium,True,短期MAが長期MAを下回り、RSIが許容範囲,取引許可,38.792820421436716,159.99639887898743,159.99847721866834,entry_candidate
f5815174-f549-4d44-9e37-a98360fb8815,2026-06-01 12:35:00+09:00,USDJPY,rule_based_ai_stub,v0.1,downtrend,short,0.65,medium,True,短期MAが長期MAを下回り、RSIが許容範囲,取引許可,38.758258140683694,159.99621595121994,159.9982762200665,entry_candidate
85b41656-3612-4a4a-8d24-d9c59ac0ed29,2026-06-01 12:40:00+09:00,USDJPY,rule_based_ai_stub,v0.1,downtrend,short,0.65,medium,True,短期MAが長期MAを下回り、RSIが許容範囲,取引許可,35.78727173898393,159.99595977221415,159.99805840400452,entry_candidate
1c7d207f-e947-4993-b10d-5dd4f374de95,2026-06-01 12:45:00+09:00,USDJPY,rule_based_ai_stub,v0.1,downtrend,none,0.2,low,False,条件未達,取引許可,21.655310482754416,159.9957204865444,159.9978195478717,wait
0b2e79a3-46fc-4f0e-b50e-62dce641f52b,2026-06-01 12:50:00+09:00,USDJPY,rule_based_ai_stub,v0.1,downtrend,none,0.2,low,False,条件未達,取引許可,20.734736864070342,159.99541704169047,159.99758073805424,wait
00fb8a61-2add-4bf5-8692-6706256ac1e0,2026-06-01 12:55:00+09:00,USDJPY,rule_based_ai_stub,v0.1,downtrend,short,0.65,medium,True,短期MAが長期MAを下回り、RSIが許容範囲,取引許可,30.663683467633675,159.99522749513037,159.99736730910314,entry_candidate
7dbd46b1-4d8a-4238-953a-21373ebc9da1,2026-06-01 13:00:00+09:00,USDJPY,rule_based_ai_stub,v0.1,downtrend,none,0.2,low,False,条件未達,取引許可,27.42947311035364,159.99504468630496,159.99715557441894,wait
b2db73a8-7b28-4006-8622-fe124f0875a7,2026-06-01 13:05:00+09:00,USDJPY,rule_based_ai_stub,v0.1,downtrend,none,0.2,low,False,条件未達,取引許可,26.053646369199797,159.99487170897802,159.99694634373628,wait
f69812fc-0006-4789-952b-e0c90f29a2a1,2026-06-01 13:10:00+09:00,USDJPY,rule_based_ai_stub,v0.1,downtrend,none,0.2,low,False,条件未達,取引許可,26.833532037225993,159.99478134515198,159.99677126308362,wait
0b286caf-d6ac-4834-a0d2-0765c609de38,2026-06-01 13:15:00+09:00,USDJPY,rule_based_ai_stub,v0.1,downtrend,short,0.65,medium,True,短期MAが長期MAを下回り、RSIが許容範囲,取引許可,31.352314019310214,159.99466188415013,159.99659913585182,entry_candidate
a5f378a2-0f56-47cb-85ab-2c47752da444,2026-06-01 13:20:00+09:00,USDJPY,rule_based_ai_stub,v0.1,downtrend,short,0.65,medium,True,短期MAが長期MAを下回り、RSIが許容範囲,取引許可,33.69955641971134,159.99447165371924,159.9964326071053,entry_candidate
67ed6885-8e05-4d7d-b780-c7356ca75434,2026-06-01 13:25:00+09:00,USDJPY,rule_based_ai_stub,v0.1,downtrend,short,0.65,medium,True,短期MAが長期MAを下回り、RSIが許容範囲,取引許可,36.717223133558754,159.99430343868877,159.9962710355081,entry_candidate
4cd367a2-5a4b-4aff-9e0f-7ea7ede27ead,2026-06-01 13:30:00+09:00,USDJPY,rule_based_ai_stub,v0.1,downtrend,short,0.65,medium,True,短期MAが長期MAを下回り、RSIが許容範囲,取引許可,38.68528973104484,159.99419255604852,159.99614178097082,entry_candidate
cba7bf58-5103-47bd-85e3-0e9e5a2bc2bd,2026-06-01 13:35:00+09:00,USDJPY,rule_based_ai_stub,v0.1,downtrend,short,0.65,medium,True,短期MAが長期MAを下回り、RSIが許容範囲,取引許可,43.26847243904324,159.994143292599,159.99605158616393,entry_candidate
450c124a-bdeb-4441-8f40-a86b9ec05bad,2026-06-01 13:40:00+09:00,USDJPY,rule_based_ai_stub,v0.1,downtrend,short,0.65,medium,True,短期MAが長期MAを下回り、RSIが許容範囲,取引許可,40.39351744919508,159.99412599437287,159.99592297691882,entry_candidate
ccdbcedb-e84a-4b9d-8d70-6b2a962adbf3,2026-06-01 13:45:00+09:00,USDJPY,rule_based_ai_stub,v0.1,downtrend,short,0.65,medium,True,短期MAが長期MAを下回り、RSIが許容範囲,取引許可,40.36346236294835,159.99412922773834,159.99579297707243,entry_candidate
d197791f-0a08-45ea-8310-ba94dc9221f2,2026-06-01 13:50:00+09:00,USDJPY,rule_based_ai_stub,v0.1,downtrend,short,0.65,medium,True,短期MAが長期MAを下回り、RSIが許容範囲,取引許可,48.51502402079849,159.99417205621393,159.9956673728132,entry_candidate
ab9f4da8-37f8-4393-8f0f-b1a44cff446a,2026-06-01 13:55:00+09:00,USDJPY,rule_based_ai_stub,v0.1,downtrend,short,0.65,medium,True,短期MAが長期MAを下回り、RSIが許容範囲,取引許可,56.973117554430566,159.99421080583457,159.99558177344247,entry_candidate
57b65873-aa6b-4f3f-83c9-6e4ff31427a1,2026-06-01 14:00:00+09:00,USDJPY,rule_based_ai_stub,v0.1,downtrend,short,0.65,medium,True,短期MAが長期MAを下回り、RSIが許容範囲,取引許可,56.86847345633654,159.99420841582887,159.9954972608799,entry_candidate
3e41e23b-60b2-4e55-a7f2-caddf020bbec,2026-06-01 14:05:00+09:00,USDJPY,rule_based_ai_stub,v0.1,downtrend,short,0.65,medium,True,短期MAが長期MAを下回り、RSIが許容範囲,取引許可,50.78097342433141,159.99428489488204,159.9954078052912,entry_candidate
353be5f3-799d-4026-a847-bce232ce032b,2026-06-01 14:10:00+09:00,USDJPY,rule_based_ai_stub,v0.1,downtrend,short,0.65,medium,True,短期MAが長期MAを下回り、RSIが許容範囲,取引許可,43.412464896881524,159.9942898529881,159.99531909401253,entry_candidate
342ec7d9-5960-44bb-97a8-365e3fe92415,2026-06-01 14:15:00+09:00,USDJPY,rule_based_ai_stub,v0.1,downtrend,short,0.65,medium,True,短期MAが長期MAを下回り、RSIが許容範囲,取引許可,46.044488396078556,159.99425425487692,159.99520418432317,entry_candidate
d86ea09e-5b26-47f3-83f7-4a702540999e,2026-06-01 14:20:00+09:00,USDJPY,rule_based_ai_stub,v0.1,downtrend,short,0.65,medium,True,短期MAが長期MAを下回り、RSIが許容範囲,取引許可,48.723361846313566,159.99429312915692,159.9951128273757,entry_candidate
e42bbaa2-fcf0-4336-b935-341ad5228dc0,2026-06-01 14:25:00+09:00,USDJPY,rule_based_ai_stub,v0.1,downtrend,short,0.65,medium,True,短期MAが長期MAを下回り、RSIが許容範囲,取引許可,56.87189463467879,159.9943692316239,159.9950489359912,entry_candidate
d3575c0c-3d93-44e7-831e-9cf921d0ed16,2026-06-01 14:30:00+09:00,USDJPY,rule_based_ai_stub,v0.1,downtrend,none,0.2,low,False,条件未達,取引許可,60.2323835163442,159.99439018360866,159.99499387288154,wait
87d5f7bf-54db-4f65-9ec1-53fbc98f094e,2026-06-01 14:35:00+09:00,USDJPY,rule_based_ai_stub,v0.1,downtrend,none,0.2,low,False,条件未達,取引許可,61.698458172240926,159.99441474823234,159.9949246640171,wait
c8bf460b-7987-4d4a-b311-6a2360fda4c9,2026-06-01 14:40:00+09:00,USDJPY,rule_based_ai_stub,v0.1,downtrend,short,0.65,medium,True,短期MAが長期MAを下回り、RSIが許容範囲,取引許可,59.12435473178803,159.99449935553346,159.9948617073735,entry_candidate
2702172b-24ea-48df-99cd-c88ba1e2f657,2026-06-01 14:45:00+09:00,USDJPY,rule_based_ai_stub,v0.1,downtrend,short,0.65,medium,True,短期MAが長期MAを下回り、RSIが許容範囲,取引許可,51.250692211891824,159.99456716746565,159.99480562724946,entry_candidate
3e1fd7de-45df-4798-8f89-b26fed905d22,2026-06-01 14:50:00+09:00,USDJPY,rule_based_ai_stub,v0.1,downtrend,short,0.65,medium,True,短期MAが長期MAを下回り、RSIが許容範囲,取引許可,57.83915714967263,159.99463648600656,159.99474186130362,entry_candidate
99dd1040-e4d0-44d6-be8f-418c5144d78b,2026-06-01 14:55:00+09:00,USDJPY,rule_based_ai_stub,v0.1,uptrend,long,0.65,medium,True,短期MAが長期MAを上回り、RSIが許容範囲,取引許可,65.72480347533346,159.9947339291194,159.99472407669475,entry_candidate
691a2e8f-91b1-4d63-a6b7-7e0b5810bea8,2026-06-01 15:00:00+09:00,USDJPY,rule_based_ai_stub,v0.1,uptrend,long,0.65,medium,True,短期MAが長期MAを上回り、RSIが許容範囲,取引許可,64.4231643757578,159.99485353964218,159.9947022139253,entry_candidate
3ef73de0-14c0-4cab-8fa7-e04fc119fcb5,2026-06-01 15:05:00+09:00,USDJPY,rule_based_ai_stub,v0.1,uptrend,long,0.65,medium,True,短期MAが長期MAを上回り、RSIが許容範囲,取引許可,66.37852863206611,159.9950606652966,159.99473908971888,entry_candidate
66df2db9-554f-4071-aa7d-f71d480d720d,2026-06-01 15:10:00+09:00,USDJPY,rule_based_ai_stub,v0.1,uptrend,long,0.65,medium,True,短期MAが長期MAを上回り、RSIが許容範囲,取引許可,55.328764673155135,159.9951921204445,159.9947544395282,entry_candidate
95ce3545-4967-4736-a7bc-dc884305dcff,2026-06-01 15:15:00+09:00,USDJPY,rule_based_ai_stub,v0.1,uptrend,long,0.65,medium,True,短期MAが長期MAを上回り、RSIが許容範囲,取引許可,58.78887439644285,159.99542448104884,159.99478020669196,entry_candidate
dc0ea0ea-18b8-4f47-8997-acf555e69442,2026-06-01 15:20:00+09:00,USDJPY,rule_based_ai_stub,v0.1,uptrend,long,0.65,medium,True,短期MAが長期MAを上回り、RSIが許容範囲,取引許可,64.23709804669349,159.99562056771546,159.99479511686388,entry_candidate
d12a6fc9-132f-42ab-bc16-8ed3f52c5972,2026-06-01 15:25:00+09:00,USDJPY,rule_based_ai_stub,v0.1,uptrend,long,0.65,medium,True,短期MAが長期MAを上回り、RSIが許容範囲,取引許可,69.18615933705186,159.99573389201313,159.9948021874419,entry_candidate
5c7b4fe1-ad8b-446c-a0de-ab1f4e011e7b,2026-06-01 15:30:00+09:00,USDJPY,rule_based_ai_stub,v0.1,uptrend,long,0.65,medium,True,短期MAが長期MAを上回り、RSIが許容範囲,取引許可,67.15316957703095,159.99585540485572,159.99481271483762,entry_candidate
ba515b7e-3e38-4d59-b31a-820a2aed0d76,2026-06-01 15:35:00+09:00,USDJPY,rule_based_ai_stub,v0.1,uptrend,long,0.65,medium,True,短期MAが長期MAを上回り、RSIが許容範囲,取引許可,51.753130156409874,159.99582736260768,159.9947951344797,entry_candidate
e1200366-5439-478e-a48c-913e7a0af05e,2026-06-01 15:40:00+09:00,USDJPY,rule_based_ai_stub,v0.1,uptrend,long,0.65,medium,True,短期MAが長期MAを上回り、RSIが許容範囲,取引許可,51.09830499381124,159.995770254964,159.99479853495677,entry_candidate
fc1af2c0-ad15-46d7-b6ef-53989d265a74,2026-06-01 15:45:00+09:00,USDJPY,rule_based_ai_stub,v0.1,uptrend,long,0.65,medium,True,短期MAが長期MAを上回り、RSIが許容範囲,取引許可,48.23077935627719,159.99576325893662,159.99481988471354,entry_candidate
74b3b4c5-f0d7-4ed9-8bc8-0beb9bb14f3a,2026-06-01 15:50:00+09:00,USDJPY,rule_based_ai_stub,v0.1,uptrend,long,0.65,medium,True,短期MAが長期MAを上回り、RSIが許容範囲,取引許可,52.99086975733028,159.99581208783118,159.99487354335054,entry_candidate
d0418976-7e48-4cb2-9c6c-5f3057a71a64,2026-06-01 15:55:00+09:00,USDJPY,rule_based_ai_stub,v0.1,uptrend,long,0.65,medium,True,短期MAが長期MAを上回り、RSIが許容範囲,取引許可,53.550409139711114,159.99575810138654,159.99490094544683,entry_candidate
c6c25681-98a3-4f24-b3b1-efd61c08b594,2026-06-01 16:00:00+09:00,USDJPY,rule_based_ai_stub,v0.1,uptrend,long,0.65,medium,True,短期MAが長期MAを上回り、RSIが許容範囲,取引許可,48.72514243822831,159.9956654815637,159.99490914567824,entry_candidate
1637ecec-c608-4bf5-b481-1ed308fd5037,2026-06-01 16:05:00+09:00,USDJPY,rule_based_ai_stub,v0.1,uptrend,none,0.2,low,False,条件未達,取引許可,39.62503319124828,159.99546954170586,159.99493836729485,wait
75bad5cb-be82-4fa4-a1c2-c0af02fc3467,2026-06-01 16:10:00+09:00,USDJPY,rule_based_ai_stub,v0.1,uptrend,long,0.65,medium,True,短期MAが長期MAを上回り、RSIが許容範囲,取引許可,44.27307930604716,159.99545035920914,159.99497744421393,entry_candidate
847948bb-4bd6-4e20-87e8-419bcfece58b,2026-06-01 16:15:00+09:00,USDJPY,rule_based_ai_stub,v0.1,uptrend,none,0.2,low,False,条件未達,取引許可,38.03145458606491,159.99540651914268,159.99502841835613,wait
cfa0e44c-424c-4582-ba67-8c11f22c1c35,2026-06-01 16:20:00+09:00,USDJPY,rule_based_ai_stub,v0.1,uptrend,long,0.65,medium,True,短期MAが長期MAを上回り、RSIが許容範囲,取引許可,46.91803960332699,159.99533183871262,159.99508184519502,entry_candidate
c2c6d14d-9df3-438a-956b-816ecb216455,2026-06-01 16:25:00+09:00,USDJPY,rule_based_ai_stub,v0.1,uptrend,long,0.65,medium,True,短期MAが長期MAを上回り、RSIが許容範囲,取引許可,45.02093426571617,159.99529777202173,159.99513363188626,entry_candidate
460028d3-3282-4d7e-8877-593904633d6e,2026-06-01 16:30:00+09:00,USDJPY,rule_based_ai_stub,v0.1,uptrend,long,0.65,medium,True,短期MAが長期MAを上回り、RSIが許容範囲,取引許可,45.084718624416865,159.9952639711695,159.99516985321128,entry_candidate
19cb53d2-422a-44c7-867c-e8717e4c6eea,2026-06-01 16:35:00+09:00,USDJPY,rule_based_ai_stub,v0.1,uptrend,long,0.65,medium,True,短期MAが長期MAを上回り、RSIが許容範囲,取引許可,52.23410268577855,159.9953779810125,159.99520669728417,entry_candidate
d92da1a0-8636-43b4-9583-50a542d2709e,2026-06-01 16:40:00+09:00,USDJPY,rule_based_ai_stub,v0.1,uptrend,long,0.65,medium,True,短期MAが長期MAを上回り、RSIが許容範囲,取引許可,48.10546925700108,159.99546787179523,159.9952458274309,entry_candidate
43b195a0-914e-4746-97a4-95a9b2c72b1e,2026-06-01 16:45:00+09:00,USDJPY,rule_based_ai_stub,v0.1,uptrend,long,0.65,medium,True,短期MAが長期MAを上回り、RSIが許容範囲,取引許可,57.76580703216745,159.99552352384202,159.99528465008143,entry_candidate
f26ada1a-0b81-4fe0-a0e6-f97bca3b02cb,2026-06-01 16:50:00+09:00,USDJPY,rule_based_ai_stub,v0.1,uptrend,long,0.65,medium,True,短期MAが長期MAを上回り、RSIが許容範囲,取引許可,56.585359075152255,159.99548567577892,159.99531141653887,entry_candidate
c25a6b74-df32-49a7-8300-8a67504238b6,2026-06-01 16:55:00+09:00,USDJPY,rule_based_ai_stub,v0.1,uptrend,long,0.65,medium,True,短期MAが長期MAを上回り、RSIが許容範囲,取引許可,46.2715554513797,159.99540056547934,159.9952975319951,entry_candidate
12f3cdce-b526-4c70-8441-c626b3fa2e8a,2026-06-01 17:00:00+09:00,USDJPY,rule_based_ai_stub,v0.1,uptrend,none,0.2,low,False,条件未達,取引許可,38.648710310547514,159.99537068587375,159.99529656902655,wait
2f1304a4-e760-4117-865e-e3a6234e0038,2026-06-01 17:05:00+09:00,USDJPY,rule_based_ai_stub,v0.1,uptrend,long,0.65,medium,True,短期MAが長期MAを上回り、RSIが許容範囲,取引許可,43.1424706941759,159.99537894688396,159.9953030512955,entry_candidate
390c6a99-0822-43a8-93a0-e25fdfe3c3d5,2026-06-01 17:10:00+09:00,USDJPY,rule_based_ai_stub,v0.1,uptrend,long,0.65,medium,True,短期MAが長期MAを上回り、RSIが許容範囲,取引許可,47.96820170851867,159.9953416934611,159.99532805770494,entry_candidate
f6fb95b0-2688-475a-9bb1-f82744209d07,2026-06-01 17:15:00+09:00,USDJPY,rule_based_ai_stub,v0.1,downtrend,short,0.65,medium,True,短期MAが長期MAを下回り、RSIが許容範囲,取引許可,49.78128066277356,159.9952762731261,159.99536909110589,entry_candidate
27da1429-1a8e-4522-82c8-3965babca36d,2026-06-01 17:20:00+09:00,USDJPY,rule_based_ai_stub,v0.1,downtrend,short,0.65,medium,True,短期MAが長期MAを下回り、RSIが許容範囲,取引許可,34.328693531865866,159.9951665722642,159.99537299289742,entry_candidate
d208b24d-c8da-4b52-8a0e-5bae3413d6cd,2026-06-01 17:25:00+09:00,USDJPY,rule_based_ai_stub,v0.1,downtrend,none,0.2,low,False,条件未達,取引許可,29.515183731692133,159.99501017576452,159.99534727993313,wait
53c3994e-c8e1-4275-ba58-1a0597055031,2026-06-01 17:30:00+09:00,USDJPY,rule_based_ai_stub,v0.1,downtrend,short,0.65,medium,True,短期MAが長期MAを下回り、RSIが許容範囲,取引許可,30.260557662491095,159.9948317896615,159.9953170552289,entry_candidate
9e8b46ea-a0e6-4c9e-9dbf-a0531c339572,2026-06-01 17:35:00+09:00,USDJPY,rule_based_ai_stub,v0.1,downtrend,none,0.2,low,False,条件未達,取引許可,22.334674275296038,159.9945648574455,159.99525673368854,wait
1477da39-7cbb-452e-bf02-ee23189e2b6f,2026-06-01 17:40:00+09:00,USDJPY,rule_based_ai_stub,v0.1,downtrend,none,0.2,low,False,条件未達,取引許可,20.766526495568883,159.99432496359861,159.99518769678593,wait
09c2eeb7-72c8-4004-a235-795cec4bc07c,2026-06-01 17:45:00+09:00,USDJPY,rule_based_ai_stub,v0.1,downtrend,none,0.2,low,False,条件未達,取引許可,14.491099026691089,159.99412165540193,159.9951361460602,wait
9f16ab63-5ab1-44fd-b8e6-4c7482d1c566,2026-06-01 17:50:00+09:00,USDJPY,rule_based_ai_stub,v0.1,downtrend,short,0.65,medium,True,短期MAが長期MAを下回り、RSIが許容範囲,取引許可,35.176734828122036,159.99403226190793,159.995110008506,entry_candidate
73cd58f6-409e-4ff3-8030-69eb015a0ce3,2026-06-01 17:55:00+09:00,USDJPY,rule_based_ai_stub,v0.1,downtrend,short,0.65,medium,True,短期MAが長期MAを下回り、RSIが許容範囲,取引許可,38.01360812249119,159.994024773052,159.9950611466393,entry_candidate
c3ff2041-ca2a-4861-bbe0-8e2a120c8ef5,2026-06-01 18:00:00+09:00,USDJPY,rule_based_ai_stub,v0.1,downtrend,short,0.65,medium,True,短期MAが長期MAを下回り、RSIが許容範囲,取引許可,41.862152194610594,159.99401535570175,159.99501717437974,entry_candidate
e44ea20c-8404-4f7c-97c5-b11aa2100a26,2026-06-01 18:05:00+09:00,USDJPY,rule_based_ai_stub,v0.1,downtrend,short,0.65,medium,True,短期MAが長期MAを下回り、RSIが許容範囲,取引許可,50.49481058201083,159.99398916329207,159.99494588396064,entry_candidate
d7fbbc0c-fb3e-48b7-b882-43ed0c58cc26,2026-06-01 18:10:00+09:00,USDJPY,rule_based_ai_stub,v0.1,downtrend,short,0.65,medium,True,短期MAが長期MAを下回り、RSIが許容範囲,取引許可,37.0981750108682,159.99386677664882,159.9948862764397,entry_candidate
77472b9a-2a06-4082-be85-02dfb3ebf152,2026-06-01 18:15:00+09:00,USDJPY,rule_based_ai_stub,v0.1,downtrend,short,0.65,medium,True,短期MAが長期MAを下回り、RSIが許容範囲,取引許可,34.884746565839905,159.99375479366847,159.99481252864575,entry_candidate
07702c66-c720-422f-81fb-2421bf49f66c,2026-06-01 18:20:00+09:00,USDJPY,rule_based_ai_stub,v0.1,downtrend,short,0.65,medium,True,短期MAが長期MAを下回り、RSIが許容範囲,取引許可,35.327140842904086,159.99371659073572,159.99473833390417,entry_candidate
ee48419c-43dd-4dcc-9066-cf5cadca5e3e,2026-06-01 18:25:00+09:00,USDJPY,rule_based_ai_stub,v0.1,downtrend,short,0.65,medium,True,短期MAが長期MAを下回り、RSIが許容範囲,取引許可,51.52848415250739,159.99382258217472,159.99471017665365,entry_candidate
5ac1e749-6837-406d-a14c-29becdcbbf10,2026-06-01 18:30:00+09:00,USDJPY,rule_based_ai_stub,v0.1,downtrend,short,0.65,medium,True,短期MAが長期MAを下回り、RSIが許容範囲,取引許可,58.41475534954518,159.9939360912913,159.99467728404076,entry_candidate
23988087-1003-44d1-b76b-1db1556f9391,2026-06-01 18:35:00+09:00,USDJPY,rule_based_ai_stub,v0.1,downtrend,none,0.2,low,False,条件未達,取引許可,62.47744240135567,159.99410479163845,159.99468254336546,wait
f83e81fd-a4a1-4563-b61d-011aa9213775,2026-06-01 18:40:00+09:00,USDJPY,rule_based_ai_stub,v0.1,downtrend,none,0.2,low,False,条件未達,取引許可,64.67472148684257,159.99427982068272,159.99469088535886,wait
9f82f745-eca3-4b6b-9cdd-ee0845cf4b03,2026-06-01 18:45:00+09:00,USDJPY,rule_based_ai_stub,v0.1,downtrend,none,0.2,low,False,条件未達,取引許可,62.07756315943222,159.99437621328227,159.99467379750874,wait
0d445974-f9dc-4031-82c7-9ada69a3e47a,2026-06-01 18:50:00+09:00,USDJPY,rule_based_ai_stub,v0.1,downtrend,none,0.2,low,False,条件未達,取引許可,67.29978889611056,159.99443543772747,159.99465112513815,wait
27243c35-73e0-471c-ae20-1f8af3b44f0f,2026-06-01 18:55:00+09:00,USDJPY,rule_based_ai_stub,v0.1,downtrend,none,0.2,low,False,条件未達,取引許可,68.38455326485484,159.99452352993367,159.99464962282167,wait
0fda3153-3545-4b5e-b2c3-e69e80629707,2026-06-01 19:00:00+09:00,USDJPY,rule_based_ai_stub,v0.1,downtrend,none,0.2,low,False,条件未達,取引許可,64.69793696354417,159.9946382962177,159.9946747792644,wait
9d877fb6-941b-49dd-9d0b-3714476f7897,2026-06-01 19:05:00+09:00,USDJPY,rule_based_ai_stub,v0.1,uptrend,long,0.65,medium,True,短期MAが長期MAを上回り、RSIが許容範囲,取引許可,58.30666909488708,159.99471131542475,159.99469314186692,entry_candidate
27fdc922-b598-4a42-ae57-8205a82b1e09,2026-06-01 19:10:00+09:00,USDJPY,rule_based_ai_stub,v0.1,uptrend,long,0.65,medium,True,短期MAが長期MAを上回り、RSIが許容範囲,取引許可,62.555381728317336,159.99495041290814,159.99471962767268,entry_candidate
47d8451d-5ce1-4f38-84d7-835c2dcb5031,2026-06-01 19:15:00+09:00,USDJPY,rule_based_ai_stub,v0.1,uptrend,long,0.65,medium,True,短期MAが長期MAを上回り、RSIが許容範囲,取引許可,55.94730007251254,159.99512074353217,159.99471727010894,entry_candidate
e38cfa7b-f6a6-4bb9-8bdf-53470b33f1c1,2026-06-01 19:20:00+09:00,USDJPY,rule_based_ai_stub,v0.1,uptrend,long,0.65,medium,True,短期MAが長期MAを上回り、RSIが許容範囲,取引許可,67.7517714026124,159.99531740550034,159.9947335228334,entry_candidate
95c152e8-fff7-45d9-b821-6b6c1d4dab56,2026-06-01 19:25:00+09:00,USDJPY,rule_based_ai_stub,v0.1,uptrend,none,0.2,low,False,条件未達,取引許可,73.08747448759355,159.99550042814423,159.99477772869446,wait
49eb919d-0ab8-47c6-816a-70a07062d330,2026-06-01 19:30:00+09:00,USDJPY,rule_based_ai_stub,v0.1,uptrend,long,0.65,medium,True,短期MAが長期MAを上回り、RSIが許容範囲,取引許可,67.98724522889626,159.9956435420201,159.99480380765763,entry_candidate
a35642ae-8d06-4d52-a40a-e3cdbf99895b,2026-06-01 19:35:00+09:00,USDJPY,rule_based_ai_stub,v0.1,uptrend,long,0.65,medium,True,短期MAが長期MAを上回り、RSIが許容範囲,取引許可,58.595070847772774,159.99574326364237,159.9948043042421,entry_candidate
ad8bcf5a-6f2d-4144-887d-eba0c381d281,2026-06-01 19:40:00+09:00,USDJPY,rule_based_ai_stub,v0.1,uptrend,long,0.65,medium,True,短期MAが長期MAを上回り、RSIが許容範囲,取引許可,59.816465528249154,159.99584970342133,159.99481816256758,entry_candidate
b92f55d0-01a2-4b1a-aa14-6c3df4dabe91,2026-06-01 19:45:00+09:00,USDJPY,rule_based_ai_stub,v0.1,uptrend,long,0.65,medium,True,短期MAが長期MAを上回り、RSIが許容範囲,取引許可,56.47479579120595,159.99598940331953,159.9948290906679,entry_candidate
13c3820e-f676-432b-9503-2735759e102d,2026-06-01 19:50:00+09:00,USDJPY,rule_based_ai_stub,v0.1,uptrend,long,0.65,medium,True,短期MAが長期MAを上回り、RSIが許容範囲,取引許可,50.384129479806795,159.99599442890542,159.99482070951362,entry_candidate
3dd87182-32d5-4e6c-bcea-97ed177fa2d7,2026-06-01 19:55:00+09:00,USDJPY,rule_based_ai_stub,v0.1,uptrend,long,0.65,medium,True,短期MAが長期MAを上回り、RSIが許容範囲,取引許可,55.178085668963995,159.99596528598843,159.99483786299137,entry_candidate
8a27ff90-11ea-475f-a964-ed1f99c1faae,2026-06-01 20:00:00+09:00,USDJPY,rule_based_ai_stub,v0.1,uptrend,long,0.65,medium,True,短期MAが長期MAを上回り、RSIが許容範囲,取引許可,46.660807201246584,159.99584347628837,159.99483237606924,entry_candidate
e011ddd9-0a06-4737-8bf2-e26476afde0a,2026-06-01 20:05:00+09:00,USDJPY,rule_based_ai_stub,v0.1,uptrend,long,0.65,medium,True,短期MAが長期MAを上回り、RSIが許容範囲,取引許可,45.4822790126655,159.9957908155826,159.99483043143314,entry_candidate
3e741c52-f909-435c-ba59-299010e5a870,2026-06-01 20:10:00+09:00,USDJPY,rule_based_ai_stub,v0.1,uptrend,none,0.2,low,False,条件未達,取引許可,38.778065921590056,159.99562204394957,159.99481307783552,wait
b87dee56-f304-4e5a-8a00-b53496676e26,2026-06-01 20:15:00+09:00,USDJPY,rule_based_ai_stub,v0.1,uptrend,long,0.65,medium,True,短期MAが長期MAを上回り、RSIが許容範囲,取引許可,48.54347243534796,159.99560086158993,159.9948254662635,entry_candidate
e2a78ba8-b958-4e52-96dd-16e8ae532bd3,2026-06-01 20:20:00+09:00,USDJPY,rule_based_ai_stub,v0.1,uptrend,none,0.2,low,False,条件未達,取引許可,39.871345630339825,159.995511173711,159.99484838998237,wait
d928cfce-ca8a-474d-a2ba-6725a56983f4,2026-06-01 20:25:00+09:00,USDJPY,rule_based_ai_stub,v0.1,uptrend,long,0.65,medium,True,短期MAが長期MAを上回り、RSIが許容範囲,取引許可,43.57201930246233,159.99529585997496,159.99487295676462,entry_candidate
2c317291-09a6-4b78-8986-46b04eed477d,2026-06-01 20:30:00+09:00,USDJPY,rule_based_ai_stub,v0.1,uptrend,long,0.0,high,False,短期MAが長期MAを上回り、RSIが許容範囲,重要イベント前後のため停止: US CPI,44.65039581277767,159.99517074891602,159.9949167940758,wait
77873e1d-eefc-4d9b-b909-1319f9d7a475,2026-06-01 20:35:00+09:00,USDJPY,rule_based_ai_stub,v0.1,uptrend,none,0.0,high,False,条件未達,重要イベント前後のため停止: US CPI,28.420517150586278,159.9950124095278,159.99495348826954,wait
d0bc2a4a-91d8-42c4-ac5d-3d0a190a7f7a,2026-06-01 20:40:00+09:00,USDJPY,rule_based_ai_stub,v0.1,downtrend,short,0.0,high,False,短期MAが長期MAを下回り、RSIが許容範囲,重要イベント前後のため停止: US CPI,32.87440773333476,159.994860460568,159.99499666155737,wait
29543a91-9d1b-4e9c-bed4-b5a5496ec755,2026-06-01 20:45:00+09:00,USDJPY,rule_based_ai_stub,v0.1,downtrend,short,0.0,high,False,短期MAが長期MAを下回り、RSIが許容範囲,重要イベント前後のため停止: US CPI,42.67382086463997,159.99479904252863,159.9950548863768,wait
8a639e58-f64d-4a4b-8581-7e543b206823,2026-06-01 20:50:00+09:00,USDJPY,rule_based_ai_stub,v0.1,downtrend,short,0.0,high,False,短期MAが長期MAを下回り、RSIが許容範囲,重要イベント前後のため停止: US CPI,36.65477943170091,159.9947347834991,159.99505488337732,wait
cb10f05c-8fd4-4fc3-97cf-baf75ef8b9ae,2026-06-01 20:55:00+09:00,USDJPY,rule_based_ai_stub,v0.1,downtrend,short,0.0,high,False,短期MAが長期MAを下回り、RSIが許容範囲,重要イベント前後のため停止: US CPI,39.18312930828258,159.99467632801375,159.9950550479786,wait
5144833c-a809-40ab-9c95-0dff2b394b3e,2026-06-01 21:00:00+09:00,USDJPY,rule_based_ai_stub,v0.1,downtrend,short,0.0,high,False,短期MAが長期MAを下回り、RSIが許容範囲,重要イベント前後のため停止: US CPI,46.27733514752294,159.9946839818538,159.9950552514533,wait
a9bb7d05-5390-473f-92df-97bbeaf5b4a4,2026-06-01 21:05:00+09:00,USDJPY,rule_based_ai_stub,v0.1,downtrend,short,0.0,high,False,短期MAが長期MAを下回り、RSIが許容範囲,重要イベント前後のため停止: US CPI,49.593003941081605,159.99470704721588,159.99506972607443,wait
6cb3279c-7d74-46cf-a93c-99b9f10c0838,2026-06-01 21:10:00+09:00,USDJPY,rule_based_ai_stub,v0.1,downtrend,short,0.0,high,False,短期MAが長期MAを下回り、RSIが許容範囲,重要イベント前後のため停止: US CPI,48.85470322397048,159.99471423625417,159.99509556437062,wait
e5bff031-9399-48b6-a442-fe8155fbb841,2026-06-01 21:15:00+09:00,USDJPY,rule_based_ai_stub,v0.1,downtrend,short,0.0,high,False,短期MAが長期MAを下回り、RSIが許容範囲,重要イベント前後のため停止: US CPI,41.77845673444228,159.99457790574152,159.99509983695455,wait
e1da1be8-b31d-4585-9c8e-0a147c24ae92,2026-06-01 21:20:00+09:00,USDJPY,rule_based_ai_stub,v0.1,downtrend,short,0.0,high,False,短期MAが長期MAを下回り、RSIが許容範囲,重要イベント前後のため停止: US CPI,47.4492476260463,159.9945068349718,159.99511180472774,wait
779f1791-0069-4a5e-9281-f4b08149140c,2026-06-01 21:25:00+09:00,USDJPY,rule_based_ai_stub,v0.1,downtrend,short,0.0,high,False,短期MAが長期MAを下回り、RSIが許容範囲,重要イベント前後のため停止: US CPI,41.42392512198936,159.9944667165115,159.99508766821023,wait
ef822ef6-6bac-4882-87b7-bc77ec417f76,2026-06-01 21:30:00+09:00,USDJPY,rule_based_ai_stub,v0.1,downtrend,short,0.0,high,False,短期MAが長期MAを下回り、RSIが許容範囲,重要イベント前後のため停止: US CPI,45.96962316872008,159.9943984468329,159.99507091258968,wait
273398c6-b3b7-4643-ab93-27ef31e06933,2026-06-01 21:35:00+09:00,USDJPY,rule_based_ai_stub,v0.1,downtrend,short,0.0,high,False,短期MAが長期MAを下回り、RSIが許容範囲,重要イベント前後のため停止: US CPI,49.179413156467426,159.99440904278057,159.99505490531692,wait
c668f152-91fa-4a84-abe8-fd47d3fcd56d,2026-06-01 21:40:00+09:00,USDJPY,rule_based_ai_stub,v0.1,downtrend,short,0.0,high,False,短期MAが長期MAを下回り、RSIが許容範囲,重要イベント前後のため停止: US CPI,41.92947249611734,159.99437426449546,159.9950281428283,wait
d2b2b0c9-9188-4226-a79a-4b3b38cc5c02,2026-06-01 21:45:00+09:00,USDJPY,rule_based_ai_stub,v0.1,downtrend,short,0.0,high,False,短期MAが長期MAを下回り、RSIが許容範囲,重要イベント前後のため停止: US CPI,48.91747272176685,159.99428574175747,159.99502472920187,wait
e93a09ac-2975-4607-bd7b-4d5c5416e8d0,2026-06-01 21:50:00+09:00,USDJPY,rule_based_ai_stub,v0.1,downtrend,short,0.0,high,False,短期MAが長期MAを下回り、RSIが許容範囲,重要イベント前後のため停止: US CPI,49.27329011234063,159.9942922468049,159.9950071530698,wait
ee5baf6e-2179-4a99-9c5f-be5577289a87,2026-06-01 21:55:00+09:00,USDJPY,rule_based_ai_stub,v0.1,downtrend,short,0.0,high,False,短期MAが長期MAを下回り、RSIが許容範囲,重要イベント前後のため停止: US CPI,37.72724951067312,159.99425380258847,159.99496513886353,wait
600cea91-972b-4226-b1ee-eb50d4db0537,2026-06-01 22:00:00+09:00,USDJPY,rule_based_ai_stub,v0.1,downtrend,short,0.0,high,False,短期MAが長期MAを下回り、RSIが許容範囲,重要イベント前後のため停止: US CPI,57.236346774981754,159.9942956529579,159.99494103703336,wait
08ecabb7-df26-4c47-aa5e-33071833b8a4,2026-06-01 22:05:00+09:00,USDJPY,rule_based_ai_stub,v0.1,downtrend,short,0.0,high,False,短期MAが長期MAを下回り、RSIが許容範囲,重要イベント前後のため停止: US CPI,58.555615581225595,159.99432210382977,159.9949399888761,wait
390097cf-8ef5-4000-89be-2b3e64778514,2026-06-01 22:10:00+09:00,USDJPY,rule_based_ai_stub,v0.1,downtrend,short,0.0,high,False,短期MAが長期MAを下回り、RSIが許容範囲,重要イベント前後のため停止: US CPI,50.744083572959184,159.99435083706234,159.99489570575534,wait
bbfc6df4-6c25-4ad5-8bcb-9d50b6767f66,2026-06-01 22:15:00+09:00,USDJPY,rule_based_ai_stub,v0.1,downtrend,short,0.0,high,False,短期MAが長期MAを下回り、RSIが許容範囲,重要イベント前後のため停止: US CPI,50.136003687137475,159.994478420806,159.99488572937915,wait
9781eccf-5091-4c52-bc23-1417edc80711,2026-06-01 22:20:00+09:00,USDJPY,rule_based_ai_stub,v0.1,downtrend,short,0.0,high,False,短期MAが長期MAを下回り、RSIが許容範囲,重要イベント前後のため停止: US CPI,51.46623490891223,159.99453117338786,159.99484972735686,wait
07d4446d-498e-4f95-8575-0c87ab089faf,2026-06-01 22:25:00+09:00,USDJPY,rule_based_ai_stub,v0.1,downtrend,none,0.0,high,False,条件未達,重要イベント前後のため停止: US CPI,62.772840297045036,159.99460843096622,159.99479033581758,wait
2a4bd513-fb4e-4862-b699-a788a70481d2,2026-06-01 22:30:00+09:00,USDJPY,rule_based_ai_stub,v0.1,downtrend,none,0.0,high,False,条件未達,重要イベント前後のため停止: US CPI,65.13784836936435,159.99473109368105,159.99476676314333,wait
d04b5616-7f93-4e13-935e-17021a496695,2026-06-01 22:35:00+09:00,USDJPY,rule_based_ai_stub,v0.1,uptrend,long,0.0,high,False,短期MAが長期MAを上回り、RSIが許容範囲,重要イベント前後のため停止: US CPI,59.11544523375131,159.9947953998695,159.99473895072595,wait
7b471219-3c22-49ee-8e59-e7755d65f2e4,2026-06-01 22:40:00+09:00,USDJPY,rule_based_ai_stub,v0.1,uptrend,long,0.0,high,False,短期MAが長期MAを上回り、RSIが許容範囲,重要イベント前後のため停止: US CPI,61.71203224274523,159.99494187610046,159.9947255337213,wait
904248d4-877a-49e3-b470-909b017871ee,2026-06-01 22:45:00+09:00,USDJPY,rule_based_ai_stub,v0.1,uptrend,long,0.0,high,False,短期MAが長期MAを上回り、RSIが許容範囲,重要イベント前後のため停止: US CPI,61.936966892593176,159.99509737869292,159.99472738765968,wait
bc21b75a-4480-4081-b861-62343781149b,2026-06-01 22:50:00+09:00,USDJPY,rule_based_ai_stub,v0.1,uptrend,long,0.0,high,False,短期MAが長期MAを上回り、RSIが許容範囲,重要イベント前後のため停止: US CPI,68.30434030395159,159.9952793306697,159.99476878699122,wait
5b644ea0-045b-43e2-a786-bd3a1fd31cf0,2026-06-01 22:55:00+09:00,USDJPY,rule_based_ai_stub,v0.1,uptrend,none,0.0,high,False,条件未達,重要イベント前後のため停止: US CPI,72.32222931232545,159.9955918398665,159.99484065682293,wait
5b10304f-acf4-4de7-9864-f6add434c43b,2026-06-01 23:00:00+09:00,USDJPY,rule_based_ai_stub,v0.1,uptrend,none,0.0,high,False,条件未達,重要イベント前後のため停止: US CPI,70.39773290424883,159.99579879093199,159.99492614191456,wait
6333271b-b2f7-4e87-8c67-83513ea89e84,2026-06-01 23:05:00+09:00,USDJPY,rule_based_ai_stub,v0.1,uptrend,none,0.2,low,False,条件未達,取引許可,70.1859114345901,159.99594436354317,159.99499117152962,wait
18064c3e-6360-4e75-a627-51e2a8069c22,2026-06-01 23:10:00+09:00,USDJPY,rule_based_ai_stub,v0.1,uptrend,long,0.65,medium,True,短期MAが長期MAを上回り、RSIが許容範囲,取引許可,60.46839162678742,159.99610502560776,159.99505669964142,entry_candidate
3fc29f7a-3813-48e2-b05a-e503002689f0,2026-06-01 23:15:00+09:00,USDJPY,rule_based_ai_stub,v0.1,uptrend,long,0.65,medium,True,短期MAが長期MAを上回り、RSIが許容範囲,取引許可,55.002521704699355,159.99619206947767,159.99508279867507,entry_candidate
7067da9b-c980-439e-943b-c85dbdbc87ff,2026-06-01 23:20:00+09:00,USDJPY,rule_based_ai_stub,v0.1,uptrend,long,0.65,medium,True,短期MAが長期MAを上回り、RSIが許容範囲,取引許可,60.438307180020615,159.99632399234562,159.99512066690176,entry_candidate
c800c29c-c247-4787-a754-c8108cb6c1d2,2026-06-01 23:25:00+09:00,USDJPY,rule_based_ai_stub,v0.1,uptrend,long,0.65,medium,True,短期MAが長期MAを上回り、RSIが許容範囲,取引許可,59.29969059276113,159.99643361858213,159.99516958868662,entry_candidate
3787db93-9764-4f4d-ac63-7555e8b7c609,2026-06-01 23:30:00+09:00,USDJPY,rule_based_ai_stub,v0.1,uptrend,long,0.65,medium,True,短期MAが長期MAを上回り、RSIが許容範囲,取引許可,65.97824784281373,159.99649914957962,159.9952095633645,entry_candidate
40bf273f-f290-4b10-84c7-5eed439bfc0f,2026-06-01 23:35:00+09:00,USDJPY,rule_based_ai_stub,v0.1,uptrend,long,0.65,medium,True,短期MAが長期MAを上回り、RSIが許容範囲,取引許可,66.1102586821338,159.9966470738555,159.99528383883518,entry_candidate
e8ea854f-c0dc-437a-a8fd-ab91ef38db3b,2026-06-01 23:40:00+09:00,USDJPY,rule_based_ai_stub,v0.1,uptrend,long,0.65,medium,True,短期MAが長期MAを上回り、RSIが許容範囲,取引許可,61.88503886350448,159.99674747941953,159.99535454000517,entry_candidate
26a4b131-4f5f-4cb8-a58e-a771de04cf40,2026-06-01 23:45:00+09:00,USDJPY,rule_based_ai_stub,v0.1,uptrend,none,0.2,low,False,条件未達,取引許可,72.62024364878215,159.99689992264106,159.9954276810305,wait
ee58bade-922e-495d-a729-0da377f9ea37,2026-06-01 23:50:00+09:00,USDJPY,rule_based_ai_stub,v0.1,uptrend,long,0.65,medium,True,短期MAが長期MAを上回り、RSIが許容範囲,取引許可,67.70478465719376,159.99699803001292,159.99552320249583,entry_candidate
ca4c7d7a-8fdf-4628-bb76-5a27ba4b7b9a,2026-06-01 23:55:00+09:00,USDJPY,rule_based_ai_stub,v0.1,uptrend,none,0.2,low,False,条件未達,取引許可,74.22418833428958,159.997137306194,159.99566098288298,wait
e325c0fc-c246-4cc0-b0eb-1a4d13d6b192,2026-06-02 00:00:00+09:00,USDJPY,rule_based_ai_stub,v0.1,uptrend,none,0.2,low,False,条件未達,取引許可,73.77356480341898,159.99732013514821,159.99580485967937,wait
a9935bc0-ff65-41ec-bcee-094edc567710,2026-06-02 00:05:00+09:00,USDJPY,rule_based_ai_stub,v0.1,uptrend,long,0.65,medium,True,短期MAが長期MAを上回り、RSIが許容範囲,取引許可,62.73214714772781,159.99749779303286,159.99592142013526,entry_candidate
73f8a343-b3c4-4b01-aff6-cedfe4c329f0,2026-06-02 00:10:00+09:00,USDJPY,rule_based_ai_stub,v0.1,uptrend,long,0.65,medium,True,短期MAが長期MAを上回り、RSIが許容範囲,取引許可,58.01847527575836,159.9976663820141,159.99604074822807,entry_candidate
144481cc-65e0-4944-bd4f-5c33b3674a0d,2026-06-02 00:15:00+09:00,USDJPY,rule_based_ai_stub,v0.1,uptrend,long,0.65,medium,True,短期MAが長期MAを上回り、RSIが許容範囲,取引許可,63.946672798302004,159.99789988513032,159.996190125138,entry_candidate
a0851f71-56c2-4345-a376-3a1bdc5d71ea,2026-06-02 00:20:00+09:00,USDJPY,rule_based_ai_stub,v0.1,uptrend,long,0.65,medium,True,短期MAが長期MAを上回り、RSIが許容範囲,取引許可,68.1710904444418,159.99812607019274,159.99632707864208,entry_candidate
44f2dcdf-bce2-4eff-a325-2e5b45b2901d,2026-06-02 00:25:00+09:00,USDJPY,rule_based_ai_stub,v0.1,uptrend,none,0.2,low,False,条件未達,取引許可,75.93385356949074,159.99837089768116,159.99647098240985,wait
e178833d-f112-4786-b3ae-c8c8f55e931d,2026-06-02 00:30:00+09:00,USDJPY,rule_based_ai_stub,v0.1,uptrend,none,0.2,low,False,条件未達,取引許可,77.50224741850053,159.99862555251084,159.99661859859052,wait
47564215-dd5d-4bd2-98a2-c78288dd5e5d,2026-06-02 00:35:00+09:00,USDJPY,rule_based_ai_stub,v0.1,uptrend,none,0.2,low,False,条件未達,取引許可,76.2792857302112,159.99883520673242,159.9967592268191,wait
825f5294-cc89-4168-9ffc-763f0151f82e,2026-06-02 00:40:00+09:00,USDJPY,rule_based_ai_stub,v0.1,uptrend,long,0.65,medium,True,短期MAが長期MAを上回り、RSIが許容範囲,取引許可,69.69775661867786,159.9990018711735,159.99689707556448,entry_candidate
929e02bb-4023-4056-ae89-905fc50f98c9,2026-06-02 00:45:00+09:00,USDJPY,rule_based_ai_stub,v0.1,uptrend,long,0.65,medium,True,短期MAが長期MAを上回り、RSIが許容範囲,取引許可,58.227399967936435,159.99902011654947,159.99700580596112,entry_candidate
694461bc-207b-4995-b6f9-92ebeb55fe5d,2026-06-02 00:50:00+09:00,USDJPY,rule_based_ai_stub,v0.1,uptrend,long,0.65,medium,True,短期MAが長期MAを上回り、RSIが許容範囲,取引許可,55.988543778642025,159.99902926901953,159.9971022099007,entry_candidate
9c6e4b6a-dcfc-4051-abb4-64c24b2c6ca6,2026-06-02 00:55:00+09:00,USDJPY,rule_based_ai_stub,v0.1,uptrend,long,0.65,medium,True,短期MAが長期MAを上回り、RSIが許容範囲,取引許可,53.62850936141581,159.99894523297095,159.9972247930105,entry_candidate
93c03e1c-48a3-4f6e-985d-d3b68f94caa2,2026-06-02 01:00:00+09:00,USDJPY,rule_based_ai_stub,v0.1,uptrend,long,0.65,medium,True,短期MAが長期MAを上回り、RSIが許容範囲,取引許可,55.78707093232512,159.9988406182422,159.99731984810745,entry_candidate
6055e243-19fe-4056-9e58-698ff68ffca5,2026-06-02 01:05:00+09:00,USDJPY,rule_based_ai_stub,v0.1,uptrend,none,0.2,low,False,条件未達,取引許可,36.0623462358489,159.99871657445235,159.99738624367615,wait
f1217705-dc0b-4545-8c83-5f05a1e012a6,2026-06-02 01:10:00+09:00,USDJPY,rule_based_ai_stub,v0.1,uptrend,none,0.2,low,False,条件未達,取引許可,32.90335811003105,159.99865473433368,159.99747538065188,wait
5ff5672b-3c9d-4f66-b964-799daa7b697c,2026-06-02 01:15:00+09:00,USDJPY,rule_based_ai_stub,v0.1,uptrend,none,0.2,low,False,条件未達,取引許可,39.16805180459226,159.99858803646325,159.99755999702376,wait
e20fd229-6ff3-47ef-8770-ec6f55956867,2026-06-02 01:20:00+09:00,USDJPY,rule_based_ai_stub,v0.1,uptrend,long,0.65,medium,True,短期MAが長期MAを上回り、RSIが許容範囲,取引許可,40.02660304880711,159.99848831886027,159.9976461271329,entry_candidate
638a5e6a-51bb-4000-9aaf-b5ff80b3f976,2026-06-02 01:25:00+09:00,USDJPY,rule_based_ai_stub,v0.1,uptrend,none,0.2,low,False,条件未達,取引許可,37.623373163354245,159.9983605874879,159.99772170125038,wait
eabde722-70fa-4d3f-ad4a-334275a1be85,2026-06-02 01:30:00+09:00,USDJPY,rule_based_ai_stub,v0.1,uptrend,none,0.2,low,False,条件未達,取引許可,39.165831353042215,159.9982121046702,159.99777893558687,wait
02dfedbe-0ebc-4165-9fc5-ae0a568a4439,2026-06-02 01:35:00+09:00,USDJPY,rule_based_ai_stub,v0.1,uptrend,none,0.2,low,False,条件未達,取引許可,28.707028493077047,159.99801011478323,159.99783079845704,wait
33e30367-94a2-4a81-a3ba-37f3a2a1c7bd,2026-06-02 01:40:00+09:00,USDJPY,rule_based_ai_stub,v0.1,downtrend,none,0.2,low,False,条件未達,取引許可,27.721571970046185,159.99786835395017,159.9978725681811,wait
6913f7d3-5749-4472-ae48-377ad081dfb4,2026-06-02 01:45:00+09:00,USDJPY,rule_based_ai_stub,v0.1,downtrend,short,0.65,medium,True,短期MAが長期MAを下回り、RSIが許容範囲,取引許可,32.600584207719166,159.9978303747047,159.99791680463173,entry_candidate
8538641f-82fd-4b42-8774-f36e944284fc,2026-06-02 01:50:00+09:00,USDJPY,rule_based_ai_stub,v0.1,downtrend,short,0.65,medium,True,短期MAが長期MAを下回り、RSIが許容範囲,取引許可,43.66712552632647,159.997868873769,159.9979653909338,entry_candidate
9402ded0-34dd-4b11-83b3-3fd0eb274841,2026-06-02 01:55:00+09:00,USDJPY,rule_based_ai_stub,v0.1,downtrend,short,0.65,medium,True,短期MAが長期MAを下回り、RSIが許容範囲,取引許可,58.09255255323206,159.99791724299615,159.997999927387,entry_candidate
e4c32a80-2dc5-4b4a-855c-fcc0276e3125,2026-06-02 02:00:00+09:00,USDJPY,rule_based_ai_stub,v0.1,downtrend,short,0.65,medium,True,短期MAが長期MAを下回り、RSIが許容範囲,取引許可,52.48506215771835,159.9978860240677,159.99801559248604,entry_candidate
79be2a83-6c8d-4816-b549-c29e9e87e1da,2026-06-02 02:05:00+09:00,USDJPY,rule_based_ai_stub,v0.1,downtrend,short,0.65,medium,True,短期MAが長期MAを下回り、RSIが許容範囲,取引許可,43.21908141748619,159.9978702008262,159.99802818943715,entry_candidate
76ac6f06-7917-4f02-8a90-6c28a8ba6aef,2026-06-02 02:10:00+09:00,USDJPY,rule_based_ai_stub,v0.1,downtrend,short,0.65,medium,True,短期MAが長期MAを下回り、RSIが許容範囲,取引許可,44.92860377184468,159.99787147030176,159.99806419554983,entry_candidate
2d9a5233-28a4-41ce-ae8f-fe6faa11783c,2026-06-02 02:15:00+09:00,USDJPY,rule_based_ai_stub,v0.1,downtrend,short,0.65,medium,True,短期MAが長期MAを下回り、RSIが許容範囲,取引許可,54.01037790463631,159.9978791632059,159.99812236159983,entry_candidate
047ed18f-2e40-44b7-9162-a7e854e8f668,2026-06-02 02:20:00+09:00,USDJPY,rule_based_ai_stub,v0.1,downtrend,short,0.65,medium,True,短期MAが長期MAを下回り、RSIが許容範囲,取引許可,55.64151592255996,159.99795680136614,159.9981903968064,entry_candidate
801769db-efff-47c5-9e6d-caa82241e845,2026-06-02 02:25:00+09:00,USDJPY,rule_based_ai_stub,v0.1,downtrend,none,0.2,low,False,条件未達,取引許可,67.37705152231416,159.99821938984562,159.99831695833825,wait
c4571afe-9126-4567-945d-6f937deb6047,2026-06-02 02:30:00+09:00,USDJPY,rule_based_ai_stub,v0.1,uptrend,none,0.2,low,False,条件未達,取引許可,73.42669169129942,159.99850761241473,159.99844842319857,wait
17a252ca-47c6-407e-a93e-5ff454226243,2026-06-02 02:35:00+09:00,USDJPY,rule_based_ai_stub,v0.1,uptrend,none,0.2,low,False,条件未達,取引許可,75.31616360951172,159.99890976178074,159.99858502776544,wait
396b6b73-6506-4ca8-9d34-7972e0444c69,2026-06-02 02:40:00+09:00,USDJPY,rule_based_ai_stub,v0.1,uptrend,none,0.2,low,False,条件未達,取引許可,76.81991671148913,159.9993417218669,159.99873731566353,wait
26aa16d5-dc7b-4d02-9d9a-782a4989c487,2026-06-02 02:45:00+09:00,USDJPY,rule_based_ai_stub,v0.1,uptrend,none,0.2,low,False,条件未達,取引許可,83.98037809382477,159.9997782122893,159.99887623451448,wait
493fac7d-9bfd-4b1e-9870-f54e46e6c04d,2026-06-02 02:50:00+09:00,USDJPY,rule_based_ai_stub,v0.1,uptrend,none,0.2,low,False,条件未達,取引許可,81.78736715449575,160.00014478668731,159.99901430982527,wait
6d40006f-e4b9-4f5b-b1b3-990bda46c866,2026-06-02 02:55:00+09:00,USDJPY,rule_based_ai_stub,v0.1,uptrend,none,0.2,low,False,条件未達,取引許可,82.03857625505415,160.00049661944374,159.99911969847028,wait
4f41a672-6741-427c-b586-3d21a8c4dbe4,2026-06-02 03:00:00+09:00,USDJPY,rule_based_ai_stub,v0.1,uptrend,none,0.2,low,False,条件未達,取引許可,76.20700550201478,160.00087869440787,159.99920177890593,wait
6ff5d781-dc32-4df9-8a74-40e7b3777b7f,2026-06-02 03:05:00+09:00,USDJPY,rule_based_ai_stub,v0.1,uptrend,none,0.2,low,False,条件未達,取引許可,73.00029563498376,160.00129581969364,159.99929419832407,wait
7c10e09d-743d-4b08-95a4-3591dbb0be13,2026-06-02 03:10:00+09:00,USDJPY,rule_based_ai_stub,v0.1,uptrend,none,0.2,low,False,条件未達,取引許可,78.30379639798932,160.00166292503863,159.99939637655805,wait
1c2f00d7-112a-43a6-8134-357c171bd04e,2026-06-02 03:15:00+09:00,USDJPY,rule_based_ai_stub,v0.1,uptrend,none,0.2,low,False,条件未達,取引許可,84.78468199152853,160.00200843479308,159.9994918781541,wait
8c48e03c-6917-4248-b44e-6ffcf8750fa9,2026-06-02 03:20:00+09:00,USDJPY,rule_based_ai_stub,v0.1,uptrend,none,0.2,low,False,条件未達,取引許可,86.84980323533699,160.00244392509154,159.99962968177266,wait
1144c73f-bd6b-4518-86cd-7fe715518c23,2026-06-02 03:25:00+09:00,USDJPY,rule_based_ai_stub,v0.1,uptrend,none,0.2,low,False,条件未達,取引許可,75.34724628771446,160.00259341555582,159.99972446429646,wait
fd3d6554-bc75-4779-beeb-ca63a5b63f94,2026-06-02 03:30:00+09:00,USDJPY,rule_based_ai_stub,v0.1,uptrend,none,0.2,low,False,条件未達,取引許可,75.63339557285387,160.0027486745041,159.99982279719632,wait
871a8f80-a39e-404e-a761-c787408bb329,2026-06-02 03:35:00+09:00,USDJPY,rule_based_ai_stub,v0.1,uptrend,long,0.65,medium,True,短期MAが長期MAを上回り、RSIが許容範囲,取引許可,58.40207159070336,160.00276651937682,159.9998954653136,entry_candidate
94bda34a-1c18-4289-a261-d73617d4b8cf,2026-06-02 03:40:00+09:00,USDJPY,rule_based_ai_stub,v0.1,uptrend,long,0.65,medium,True,短期MAが長期MAを上回り、RSIが許容範囲,取引許可,54.268417246582366,160.00271306756807,159.9999743811284,entry_candidate
7ebb3e1c-3bef-4cb5-aec2-0749366c1317,2026-06-02 03:45:00+09:00,USDJPY,rule_based_ai_stub,v0.1,uptrend,long,0.65,medium,True,短期MAが長期MAを上回り、RSIが許容範囲,取引許可,54.095077799231056,160.0026814937266,160.00009669357354,entry_candidate
d3e4d23f-c1cf-49d7-b9f3-8de9c806e960,2026-06-02 03:50:00+09:00,USDJPY,rule_based_ai_stub,v0.1,uptrend,long,0.65,medium,True,短期MAが長期MAを上回り、RSIが許容範囲,取引許可,50.515085317464155,160.00266889734831,160.0002275192682,entry_candidate
31ab77d1-5469-470e-a6d9-cca14172e78b,2026-06-02 03:55:00+09:00,USDJPY,rule_based_ai_stub,v0.1,uptrend,long,0.65,medium,True,短期MAが長期MAを上回り、RSIが許容範囲,取引許可,43.172073649293466,160.0025644652701,160.00032610923665,entry_candidate
e5eb06b1-81ff-42f1-88ff-ae7772d35841,2026-06-02 04:00:00+09:00,USDJPY,rule_based_ai_stub,v0.1,uptrend,long,0.65,medium,True,短期MAが長期MAを上回り、RSIが許容範囲,取引許可,41.756662762613935,160.00246290926717,160.00040920924758,entry_candidate
c5271efb-3e51-4079-b2ff-0688ebc04012,2026-06-02 04:05:00+09:00,USDJPY,rule_based_ai_stub,v0.1,uptrend,long,0.65,medium,True,短期MAが長期MAを上回り、RSIが許容範囲,取引許可,41.375309728195084,160.002407174082,160.0005243982006,entry_candidate
c7b05044-e1b3-4dbc-87ac-3337939a0231,2026-06-02 04:10:00+09:00,USDJPY,rule_based_ai_stub,v0.1,uptrend,long,0.65,medium,True,短期MAが長期MAを上回り、RSIが許容範囲,取引許可,41.52073740804117,160.00233918874267,160.00062452802769,entry_candidate
447e8f1a-79ac-4ce0-9da0-7f6003350de5,2026-06-02 04:15:00+09:00,USDJPY,rule_based_ai_stub,v0.1,uptrend,long,0.65,medium,True,短期MAが長期MAを上回り、RSIが許容範囲,取引許可,43.40399998908735,160.00227793262582,160.00072184354158,entry_candidate
0a0b51fe-e374-4b14-9c77-759e3d29a4fe,2026-06-02 04:20:00+09:00,USDJPY,rule_based_ai_stub,v0.1,uptrend,long,0.65,medium,True,短期MAが長期MAを上回り、RSIが許容範囲,取引許可,45.44619839626843,160.00210322217262,160.00083464954344,entry_candidate
ac24baac-2b62-446b-bea6-2c9aad82f6d7,2026-06-02 04:25:00+09:00,USDJPY,rule_based_ai_stub,v0.1,uptrend,long,0.65,medium,True,短期MAが長期MAを上回り、RSIが許容範囲,取引許可,42.6455830690838,160.0019892949617,160.0009340334544,entry_candidate
c767549a-a69c-4f90-ac27-fec88cc77f62,2026-06-02 04:30:00+09:00,USDJPY,rule_based_ai_stub,v0.1,uptrend,long,0.65,medium,True,短期MAが長期MAを上回り、RSIが許容範囲,取引許可,41.83316718464657,160.00194825194572,160.0010681796215,entry_candidate
7212d697-68c4-41bf-af2b-1328a3bf6a1d,2026-06-02 04:35:00+09:00,USDJPY,rule_based_ai_stub,v0.1,uptrend,long,0.65,medium,True,短期MAが長期MAを上回り、RSIが許容範囲,取引許可,52.454171005713775,160.0020195406744,160.00123194061064,entry_candidate
3a6d0fa0-942a-459f-b871-5a81e7d9238d,2026-06-02 04:40:00+09:00,USDJPY,rule_based_ai_stub,v0.1,uptrend,long,0.65,medium,True,短期MAが長期MAを上回り、RSIが許容範囲,取引許可,41.039499949706425,160.00201316886705,160.00135598610066,entry_candidate
0c8f9412-a1b0-4d62-8556-5cf84bb60cde,2026-06-02 04:45:00+09:00,USDJPY,rule_based_ai_stub,v0.1,uptrend,long,0.65,medium,True,短期MAが長期MAを上回り、RSIが許容範囲,取引許可,48.236904374986146,160.00196167224559,160.00147379275384,entry_candidate
194e1cdc-5448-40b4-bd72-816b9c79798b,2026-06-02 04:50:00+09:00,USDJPY,rule_based_ai_stub,v0.1,uptrend,long,0.65,medium,True,短期MAが長期MAを上回り、RSIが許容範囲,取引許可,47.4008975711854,160.00187387229994,160.00156251877854,entry_candidate
644efa64-95ff-4ed1-b848-5a63d0deee5c,2026-06-02 04:55:00+09:00,USDJPY,rule_based_ai_stub,v0.1,uptrend,long,0.65,medium,True,短期MAが長期MAを上回り、RSIが許容範囲,取引許可,46.24017084544031,160.00188258125993,160.0016478886579,entry_candidate
8af4e2ff-b3f9-4ff8-a595-3e2ab1d46af6,2026-06-02 05:00:00+09:00,USDJPY,rule_based_ai_stub,v0.1,uptrend,long,0.65,medium,True,短期MAが長期MAを上回り、RSIが許容範囲,取引許可,42.71543116287218,160.00188742936845,160.00174301101447,entry_candidate
1cad578b-210d-4054-8cbf-f1fc2c67c062,2026-06-02 05:05:00+09:00,USDJPY,rule_based_ai_stub,v0.1,uptrend,long,0.65,medium,True,短期MAが長期MAを上回り、RSIが許容範囲,取引許可,46.65188689874816,160.00185256076745,160.00185185151435,entry_candidate
3c4bbfbf-3bb6-4b83-ad93-796311e185da,2026-06-02 05:10:00+09:00,USDJPY,rule_based_ai_stub,v0.1,downtrend,short,0.65,medium,True,短期MAが長期MAを下回り、RSIが許容範囲,取引許可,52.53360168462067,160.00187945986198,160.00196052454777,entry_candidate
5841b4a3-5993-463b-888e-8ba3ba0c3cf3,2026-06-02 05:15:00+09:00,USDJPY,rule_based_ai_stub,v0.1,downtrend,short,0.65,medium,True,短期MAが長期MAを下回り、RSIが許容範囲,取引許可,53.37844486471966,160.00193882378673,160.00207506373522,entry_candidate
b6262148-1295-40c5-8e71-60081b269f5a,2026-06-02 05:20:00+09:00,USDJPY,rule_based_ai_stub,v0.1,downtrend,short,0.65,medium,True,短期MAが長期MAを下回り、RSIが許容範囲,取引許可,51.08324325821969,160.00193589429918,160.00216101385445,entry_candidate
a5c98cf2-22e4-4c71-95a5-ee0762407443,2026-06-02 05:25:00+09:00,USDJPY,rule_based_ai_stub,v0.1,downtrend,short,0.65,medium,True,短期MAが長期MAを下回り、RSIが許容範囲,取引許可,48.57365253879361,160.00194881976716,160.00217717676156,entry_candidate
2aefbeb8-1198-41b6-ab29-e7f5c10d2d80,2026-06-02 05:30:00+09:00,USDJPY,rule_based_ai_stub,v0.1,downtrend,short,0.65,medium,True,短期MAが長期MAを下回り、RSIが許容範囲,取引許可,46.34213108896315,160.00183080076513,160.00217590907167,entry_candidate
d58353ef-d759-44da-bac1-f0b675746c21,2026-06-02 05:35:00+09:00,USDJPY,rule_based_ai_stub,v0.1,downtrend,short,0.65,medium,True,短期MAが長期MAを下回り、RSIが許容範囲,取引許可,46.335110032410036,160.0016484193504,160.00214482646723,entry_candidate
031707df-75f2-4a76-ae1c-ad32dea18ec8,2026-06-02 05:40:00+09:00,USDJPY,rule_based_ai_stub,v0.1,downtrend,short,0.65,medium,True,短期MAが長期MAを下回り、RSIが許容範囲,取引許可,44.4941105045157,160.00165556777696,160.0021272680707,entry_candidate
6adb7828-f026-4945-b4b2-683903a85b7d,2026-06-02 05:45:00+09:00,USDJPY,rule_based_ai_stub,v0.1,downtrend,short,0.65,medium,True,短期MAが長期MAを下回り、RSIが許容範囲,取引許可,43.31793691114141,160.00167364257337,160.00210560284853,entry_candidate
b566863b-0d04-4c29-9063-76f9ea568124,2026-06-02 05:50:00+09:00,USDJPY,rule_based_ai_stub,v0.1,downtrend,short,0.65,medium,True,短期MAが長期MAを下回り、RSIが許容範囲,取引許可,46.61544579716266,160.00166176249527,160.00206817738118,entry_candidate
37e44fff-4707-4ecd-99c5-2f53ac6bb2a0,2026-06-02 05:55:00+09:00,USDJPY,rule_based_ai_stub,v0.1,downtrend,short,0.65,medium,True,短期MAが長期MAを下回り、RSIが許容範囲,取引許可,50.2404910396841,160.0016531538478,160.00203340012592,entry_candidate
6786c3e6-4262-433c-9db5-2b6f415f955d,2026-06-02 06:00:00+09:00,USDJPY,rule_based_ai_stub,v0.1,downtrend,none,0.2,low,False,条件未達,取引許可,61.56048171137263,160.0017902790471,160.00204687256092,wait
a935dbf4-bd53-46bb-aace-520149204fcf,2026-06-02 06:05:00+09:00,USDJPY,rule_based_ai_stub,v0.1,downtrend,none,0.2,low,False,条件未達,取引許可,62.116561255822084,160.00198476433152,160.00208149972698,wait
33208af7-80a9-45fb-aa8e-5e4d94db0312,2026-06-02 06:10:00+09:00,USDJPY,rule_based_ai_stub,v0.1,downtrend,short,0.65,medium,True,短期MAが長期MAを下回り、RSIが許容範囲,取引許可,58.68881153445517,160.00207803175365,160.00209889345277,entry_candidate
e9411cfa-406c-4f57-9af5-e5872e377822,2026-06-02 06:15:00+09:00,USDJPY,rule_based_ai_stub,v0.1,downtrend,short,0.65,medium,True,短期MAが長期MAを下回り、RSIが許容範囲,取引許可,57.087377274019396,160.00210379971247,160.0021068520417,entry_candidate
63da8a82-5789-4961-a5b2-46716c31f02e,2026-06-02 06:20:00+09:00,USDJPY,rule_based_ai_stub,v0.1,uptrend,long,0.65,medium,True,短期MAが長期MAを上回り、RSIが許容範囲,取引許可,59.373318553322164,160.0022529280491,160.0020973481736,entry_candidate
6f25b69a-1eb7-4407-ac6a-387273773392,2026-06-02 06:25:00+09:00,USDJPY,rule_based_ai_stub,v0.1,uptrend,long,0.65,medium,True,短期MAが長期MAを上回り、RSIが許容範囲,取引許可,53.925579793713766,160.00238339797423,160.002107170901,entry_candidate
f89be87e-6ff5-4500-8c6f-8a7602dd390a,2026-06-02 06:30:00+09:00,USDJPY,rule_based_ai_stub,v0.1,uptrend,long,0.65,medium,True,短期MAが長期MAを上回り、RSIが許容範囲,取引許可,60.27759992562969,160.0025598061363,160.00211295294906,entry_candidate
df12beb3-5e04-44ed-b9f5-8edb9ce21e67,2026-06-02 06:35:00+09:00,USDJPY,rule_based_ai_stub,v0.1,uptrend,long,0.65,medium,True,短期MAが長期MAを上回り、RSIが許容範囲,取引許可,63.92718070620644,160.0028076124627,160.0021585241625,entry_candidate
b87b804b-b8d9-4b4e-8ac8-be8e3b11fbf5,2026-06-02 06:40:00+09:00,USDJPY,rule_based_ai_stub,v0.1,uptrend,long,0.65,medium,True,短期MAが長期MAを上回り、RSIが許容範囲,取引許可,61.90859279103216,160.0029207995535,160.00219651206584,entry_candidate
7c24745c-c034-4728-a20b-ad0df04b92f9,2026-06-02 06:45:00+09:00,USDJPY,rule_based_ai_stub,v0.1,uptrend,long,0.65,medium,True,短期MAが長期MAを上回り、RSIが許容範囲,取引許可,64.58796192426146,160.00301076129097,160.0022153587033,entry_candidate
80e37f43-e26b-4a9f-85db-4702c8043850,2026-06-02 06:50:00+09:00,USDJPY,rule_based_ai_stub,v0.1,uptrend,long,0.65,medium,True,短期MAが長期MAを上回り、RSIが許容範囲,取引許可,46.69017767237691,160.0030017038591,160.0021791128848,entry_candidate
5b1add15-35a9-4c03-8775-571a4e15b362,2026-06-02 06:55:00+09:00,USDJPY,rule_based_ai_stub,v0.1,uptrend,long,0.65,medium,True,短期MAが長期MAを上回り、RSIが許容範囲,取引許可,42.27531770622066,160.00289553394785,160.00214375635187,entry_candidate
b7f4e970-909a-46e5-a113-4cf5fadfcc16,2026-06-02 07:00:00+09:00,USDJPY,rule_based_ai_stub,v0.1,uptrend,long,0.65,medium,True,短期MAが長期MAを上回り、RSIが許容範囲,取引許可,45.16714402584472,160.00267062781919,160.00211611207823,entry_candidate
7ecec433-a82e-4cfb-80df-8e5c91dc3638,2026-06-02 07:05:00+09:00,USDJPY,rule_based_ai_stub,v0.1,uptrend,none,0.2,low,False,条件未達,取引許可,38.06143819787376,160.0023317092684,160.0020563447891,wait
3ae1e62e-e897-45e2-9458-ccd9e1de8360,2026-06-02 07:10:00+09:00,USDJPY,rule_based_ai_stub,v0.1,uptrend,none,0.2,low,False,条件未達,取引許可,35.976235231742564,160.00215037978106,160.00203595713225,wait
4fc22bb7-662f-4aaa-bba2-2e2fea304ba6,2026-06-02 07:15:00+09:00,USDJPY,rule_based_ai_stub,v0.1,downtrend,none,0.2,low,False,条件未達,取引許可,28.061561067314116,160.0019217549285,160.00198812614258,wait
336bc4c1-cf94-48d9-8ff1-da694f879be0,2026-06-02 07:20:00+09:00,USDJPY,rule_based_ai_stub,v0.1,downtrend,short,0.65,medium,True,短期MAが長期MAを下回り、RSIが許容範囲,取引許可,30.251182292695518,160.00160778229414,160.00193220154745,entry_candidate
7462bab2-dc66-4689-ab17-72f231074b53,2026-06-02 07:25:00+09:00,USDJPY,rule_based_ai_stub,v0.1,downtrend,short,0.65,medium,True,短期MAが長期MAを下回り、RSIが許容範囲,取引許可,32.058882512205116,160.0013357301619,160.0018893159678,entry_candidate
236055a1-77fe-4413-9914-79b1c84a160f,2026-06-02 07:30:00+09:00,USDJPY,rule_based_ai_stub,v0.1,downtrend,short,0.65,medium,True,短期MAが長期MAを下回り、RSIが許容範囲,取引許可,32.924431274246515,160.00111355072275,160.0018347192081,entry_candidate
420bd4ff-5f0c-46ca-bb08-0b3c0083dd9c,2026-06-02 07:35:00+09:00,USDJPY,rule_based_ai_stub,v0.1,downtrend,short,0.65,medium,True,短期MAが長期MAを下回り、RSIが許容範囲,取引許可,31.26117826176896,160.00078084647336,160.0017456260955,entry_candidate
a136576a-0a9d-482d-bc9c-a532bed70cc6,2026-06-02 07:40:00+09:00,USDJPY,rule_based_ai_stub,v0.1,downtrend,short,0.65,medium,True,短期MAが長期MAを下回り、RSIが許容範囲,取引許可,34.52843504065417,160.00055264693518,160.00170967142188,entry_candidate
32f6905f-c14a-4a87-adfc-0ce2a08109a0,2026-06-02 07:45:00+09:00,USDJPY,rule_based_ai_stub,v0.1,downtrend,short,0.65,medium,True,短期MAが長期MAを下回り、RSIが許容範囲,取引許可,31.045644900618754,160.00032793531778,160.00167077972736,entry_candidate
d9c07086-07fc-4f71-acd3-0ad44ef3c89f,2026-06-02 07:50:00+09:00,USDJPY,rule_based_ai_stub,v0.1,downtrend,short,0.65,medium,True,短期MAが長期MAを下回り、RSIが許容範囲,取引許可,30.92817497843359,160.0002162116349,160.00162655932976,entry_candidate
cb5319b4-106e-43bf-bd89-0286d5cc3b0f,2026-06-02 07:55:00+09:00,USDJPY,rule_based_ai_stub,v0.1,downtrend,short,0.65,medium,True,短期MAが長期MAを下回り、RSIが許容範囲,取引許可,33.242758386153625,160.00017881250776,160.00157583343446,entry_candidate
fb3f53b8-d843-42ec-b34f-21e36dfa7525,2026-06-02 08:00:00+09:00,USDJPY,rule_based_ai_stub,v0.1,downtrend,short,0.65,medium,True,短期MAが長期MAを下回り、RSIが許容範囲,取引許可,43.50290832857586,160.00016399477298,160.00154163387978,entry_candidate
0fc06dea-dd21-4f36-930f-fbf97f625979,2026-06-02 08:05:00+09:00,USDJPY,rule_based_ai_stub,v0.1,downtrend,short,0.65,medium,True,短期MAが長期MAを下回り、RSIが許容範囲,取引許可,45.11772273230335,160.00018155535344,160.00149934298443,entry_candidate
41a25acb-74f2-44d3-9e82-fd2879dc5985,2026-06-02 08:10:00+09:00,USDJPY,rule_based_ai_stub,v0.1,downtrend,short,0.65,medium,True,短期MAが長期MAを下回り、RSIが許容範囲,取引許可,46.48227142251539,160.00012098547296,160.0014497990026,entry_candidate
b3f6853f-ae79-4f3a-a8d8-022763b72f8a,2026-06-02 08:15:00+09:00,USDJPY,rule_based_ai_stub,v0.1,downtrend,short,0.65,medium,True,短期MAが長期MAを下回り、RSIが許容範囲,取引許可,50.33140688421339,160.00011265698154,160.00137940387418,entry_candidate
aeb29d2c-96a3-4db7-8d4f-3c8998ea7380,2026-06-02 08:20:00+09:00,USDJPY,rule_based_ai_stub,v0.1,downtrend,short,0.65,medium,True,短期MAが長期MAを下回り、RSIが許容範囲,取引許可,41.85134108294566,160.0001320065817,160.00133090564162,entry_candidate
3d26f6eb-3922-47cc-ad5b-c4bc2a055fe1,2026-06-02 08:25:00+09:00,USDJPY,rule_based_ai_stub,v0.1,downtrend,short,0.65,medium,True,短期MAが長期MAを下回り、RSIが許容範囲,取引許可,53.935555900087856,160.00017792568676,160.00129901794097,entry_candidate
e627f97e-6b12-424f-b338-dfcc1bc841e8,2026-06-02 08:30:00+09:00,USDJPY,rule_based_ai_stub,v0.1,downtrend,none,0.2,low,False,条件未達,取引許可,64.28374576183403,160.0002310819681,160.00130147960905,wait
b94a0b06-bf06-4aea-8792-ba3a7d226af2,2026-06-02 08:35:00+09:00,USDJPY,rule_based_ai_stub,v0.1,downtrend,short,0.65,medium,True,短期MAが長期MAを下回り、RSIが許容範囲,取引許可,56.24078847151806,160.00029414058213,160.0012941998394,entry_candidate
ce3490ac-9df7-4e38-8589-fcf2c2bd6413,2026-06-02 08:40:00+09:00,USDJPY,rule_based_ai_stub,v0.1,downtrend,short,0.65,medium,True,短期MAが長期MAを下回り、RSIが許容範囲,取引許可,58.96631220130615,160.00040569267722,160.00129304638864,entry_candidate
0d7e8912-6c7e-4e62-8d1f-d2073643f787,2026-06-02 08:45:00+09:00,USDJPY,rule_based_ai_stub,v0.1,downtrend,short,0.65,medium,True,短期MAが長期MAを下回り、RSIが許容範囲,取引許可,56.34729915177012,160.00041912872936,160.001252608446,entry_candidate
31b94d76-9e68-4d35-8c8c-1749c68b065d,2026-06-02 08:50:00+09:00,USDJPY,rule_based_ai_stub,v0.1,downtrend,short,0.65,medium,True,短期MAが長期MAを下回り、RSIが許容範囲,取引許可,50.75866415197323,160.00047405095924,160.0012306554844,entry_candidate
3749e691-2e76-467b-b686-f39a3ebf88a1,2026-06-02 08:55:00+09:00,USDJPY,rule_based_ai_stub,v0.1,downtrend,short,0.65,medium,True,短期MAが長期MAを下回り、RSIが許容範囲,取引許可,53.31025339586429,160.00053528387573,160.00120321011048,entry_candidate
5b76ca65-d6a8-44b3-aa94-6e6e3ebad8b3,2026-06-02 09:00:00+09:00,USDJPY,rule_based_ai_stub,v0.1,downtrend,short,0.65,medium,True,短期MAが長期MAを下回り、RSIが許容範囲,取引許可,59.53910803006348,160.00060061340088,160.00114507866434,entry_candidate
0404edd6-66df-4452-80b9-4e58d913e6d4,2026-06-02 09:05:00+09:00,USDJPY,rule_based_ai_stub,v0.1,downtrend,short,0.65,medium,True,短期MAが長期MAを下回り、RSIが許容範囲,取引許可,54.31553120928011,160.00066481879387,160.00105936113857,entry_candidate
48ebac44-7230-4c93-a89d-27804e24840a,2026-06-02 09:10:00+09:00,USDJPY,rule_based_ai_stub,v0.1,downtrend,short,0.65,medium,True,短期MAが長期MAを下回り、RSIが許容範囲,取引許可,52.40327263500487,160.00071512797007,160.00099549774137,entry_candidate
56ea049b-8b87-4bcc-8b3a-97eab673ccb8,2026-06-02 09:15:00+09:00,USDJPY,rule_based_ai_stub,v0.1,downtrend,short,0.65,medium,True,短期MAが長期MAを下回り、RSIが許容範囲,取引許可,52.93914887362455,160.00076005277938,160.0009314882298,entry_candidate
f20a84d2-9f0a-4c5c-bcf0-35e9a321afa2,2026-06-02 09:20:00+09:00,USDJPY,rule_based_ai_stub,v0.1,downtrend,short,0.65,medium,True,短期MAが長期MAを下回り、RSIが許容範囲,取引許可,49.80471530654858,160.00076983348362,160.0008365407865,entry_candidate
c96f3b42-0481-400a-a3e7-4fda9b7c9695,2026-06-02 09:25:00+09:00,USDJPY,rule_based_ai_stub,v0.1,uptrend,long,0.65,medium,True,短期MAが長期MAを上回り、RSIが許容範囲,取引許可,55.19714171208116,160.00078898775897,160.0007675478692,entry_candidate
10a7ee01-9ee2-4016-9dec-37a4b440d25b,2026-06-02 09:30:00+09:00,USDJPY,rule_based_ai_stub,v0.1,uptrend,long,0.65,medium,True,短期MAが長期MAを上回り、RSIが許容範囲,取引許可,56.128616112184204,160.0007466919678,160.00069710821955,entry_candidate
7a16f046-90c6-46f3-89f5-96644baf1284,2026-06-02 09:35:00+09:00,USDJPY,rule_based_ai_stub,v0.1,uptrend,long,0.65,medium,True,短期MAが長期MAを上回り、RSIが許容範囲,取引許可,50.343845678380056,160.0007316414718,160.0006022095091,entry_candidate
c95e769e-6383-4236-8fd1-ac77e5c79a78,2026-06-02 09:40:00+09:00,USDJPY,rule_based_ai_stub,v0.1,uptrend,long,0.65,medium,True,短期MAが長期MAを上回り、RSIが許容範囲,取引許可,47.251693963268295,160.00065491930087,160.0005377529711,entry_candidate
73226d74-6807-4fcf-9d4b-a515439560b8,2026-06-02 09:45:00+09:00,USDJPY,rule_based_ai_stub,v0.1,uptrend,long,0.65,medium,True,短期MAが長期MAを上回り、RSIが許容範囲,取引許可,54.63775743541914,160.00069116649595,160.00047941018101,entry_candidate
4f66cec8-2586-4fa3-a8da-6b2b44438b6a,2026-06-02 09:50:00+09:00,USDJPY,rule_based_ai_stub,v0.1,uptrend,long,0.65,medium,True,短期MAが長期MAを上回り、RSIが許容範囲,取引許可,47.83691099221406,160.00077564605172,160.0004886362153,entry_candidate
6125994b-3ae2-4351-842f-02e14a4b598d,2026-06-02 09:55:00+09:00,USDJPY,rule_based_ai_stub,v0.1,uptrend,long,0.65,medium,True,短期MAが長期MAを上回り、RSIが許容範囲,取引許可,64.63951759430256,160.00086219118927,160.0005254291909,entry_candidate
fa8d4241-1580-4dcb-9883-54caad1d34cb,2026-06-02 10:00:00+09:00,USDJPY,rule_based_ai_stub,v0.1,uptrend,long,0.65,medium,True,短期MAが長期MAを上回り、RSIが許容範囲,取引許可,59.29708430146401,160.00089323698285,160.00055261505224,entry_candidate
e0c332ab-fc83-436d-b565-f2c51e6adb03,2026-06-02 10:05:00+09:00,USDJPY,rule_based_ai_stub,v0.1,uptrend,long,0.65,medium,True,短期MAが長期MAを上回り、RSIが許容範囲,取引許可,52.30599757825402,160.00092740870045,160.00059126094925,entry_candidate
87d01463-7866-49cb-a0f3-42ab476c31f8,2026-06-02 10:10:00+09:00,USDJPY,rule_based_ai_stub,v0.1,uptrend,long,0.65,medium,True,短期MAが長期MAを上回り、RSIが許容範囲,取引許可,54.89244906446702,160.0010093512108,160.0006151548846,entry_candidate
0101d997-5135-4115-8ca7-7aa31a5dbe40,2026-06-02 10:15:00+09:00,USDJPY,rule_based_ai_stub,v0.1,uptrend,long,0.65,medium,True,短期MAが長期MAを上回り、RSIが許容範囲,取引許可,62.033253712676206,160.00114646228118,160.00067305734737,entry_candidate
daeb51b9-9a90-47ff-b0ef-2ebe30d03b56,2026-06-02 10:20:00+09:00,USDJPY,rule_based_ai_stub,v0.1,uptrend,long,0.65,medium,True,短期MAが長期MAを上回り、RSIが許容範囲,取引許可,63.41055604882836,160.00131199650968,160.00073794552497,entry_candidate
cc2d469a-c670-483a-90c1-8ee3004fed66,2026-06-02 10:25:00+09:00,USDJPY,rule_based_ai_stub,v0.1,uptrend,long,0.65,medium,True,短期MAが長期MAを上回り、RSIが許容範囲,取引許可,67.7501495077556,160.0014409170025,160.0008026101494,entry_candidate
56e83ded-54d2-419e-9ee8-d790b98d9295,2026-06-02 10:30:00+09:00,USDJPY,rule_based_ai_stub,v0.1,uptrend,none,0.2,low,False,条件未達,取引許可,76.89059068042467,160.00161586996583,160.00086454796724,wait
036434bb-6884-4168-b96f-eb4a6eec8e7f,2026-06-02 10:35:00+09:00,USDJPY,rule_based_ai_stub,v0.1,uptrend,long,0.65,medium,True,短期MAが長期MAを上回り、RSIが許容範囲,取引許可,69.35284917731082,160.00179588983949,160.00094055729778,entry_candidate
d91f78d8-29e0-49c4-9690-85c7b0fbc5d7,2026-06-02 10:40:00+09:00,USDJPY,rule_based_ai_stub,v0.1,uptrend,none,0.2,low,False,条件未達,取引許可,70.02164614655595,160.00195828458837,160.0010062988555,wait
a72b0e2d-ffdd-4218-bf98-fe5fc3b2eb38,2026-06-02 10:45:00+09:00,USDJPY,rule_based_ai_stub,v0.1,uptrend,none,0.2,low,False,条件未達,取引許可,74.20196997554079,160.00209520472865,160.00106849998463,wait
0ca7c096-7964-4382-957f-0690a6a66336,2026-06-02 10:50:00+09:00,USDJPY,rule_based_ai_stub,v0.1,uptrend,long,0.65,medium,True,短期MAが長期MAを上回り、RSIが許容範囲,取引許可,69.06451126308508,160.0021805977028,160.00114343157125,entry_candidate
12c8a8b0-5f87-4ec4-a91e-a8f24a4e3adb,2026-06-02 10:55:00+09:00,USDJPY,rule_based_ai_stub,v0.1,uptrend,none,0.2,low,False,条件未達,取引許可,72.01594561905168,160.00228944807748,160.00122897438084,wait
3d6d272f-3d45-4470-a7fd-6875cee3d250,2026-06-02 11:00:00+09:00,USDJPY,rule_based_ai_stub,v0.1,uptrend,none,0.2,low,False,条件未達,取引許可,72.05823016402883,160.0024810190201,160.00132495646795,wait
0fd55734-699e-4bc3-9889-116e62207fe6,2026-06-02 11:05:00+09:00,USDJPY,rule_based_ai_stub,v0.1,uptrend,none,0.2,low,False,条件未達,取引許可,72.66324261163052,160.0027412744966,160.00144450066364,wait
e25ab74d-c3ad-43b0-bdfa-d2465fcbf461,2026-06-02 11:10:00+09:00,USDJPY,rule_based_ai_stub,v0.1,uptrend,none,0.2,low,False,条件未達,取引許可,83.23513888149603,160.00302943923316,160.00158463947133,wait
8d9feccb-73d6-406f-8696-f7b51d3ef1d1,2026-06-02 11:15:00+09:00,USDJPY,rule_based_ai_stub,v0.1,uptrend,none,0.2,low,False,条件未達,取引許可,88.6340903746171,160.00328813564855,160.00173155023637,wait
8b569dc8-03ea-4a83-89fe-067ad47fc839,2026-06-02 11:20:00+09:00,USDJPY,rule_based_ai_stub,v0.1,uptrend,none,0.2,low,False,条件未達,取引許可,88.54600348530704,160.00358197479218,160.0018879349285,wait
c6fa5698-8ed6-42fe-ab2b-25b7c029b857,2026-06-02 11:25:00+09:00,USDJPY,rule_based_ai_stub,v0.1,uptrend,none,0.2,low,False,条件未達,取引許可,84.44854635780214,160.00385443422883,160.00202811299675,wait
5d663b74-dde3-4e6d-b2d2-5c19f8782c5a,2026-06-02 11:30:00+09:00,USDJPY,rule_based_ai_stub,v0.1,uptrend,none,0.2,low,False,条件未達,取引許可,85.11940371208648,160.0040792187383,160.00214726022398,wait
a113f608-bebf-42e8-bf43-4732308edf10,2026-06-02 11:35:00+09:00,USDJPY,rule_based_ai_stub,v0.1,uptrend,none,0.2,low,False,条件未達,取引許可,83.73438786636117,160.0043270746645,160.00228486865862,wait
3cdb1ed3-c96c-4c59-93ef-41cc2763de35,2026-06-02 11:40:00+09:00,USDJPY,rule_based_ai_stub,v0.1,uptrend,none,0.2,low,False,条件未達,取引許可,81.07926335082566,160.0045524255199,160.0023885431364,wait
8695a9ae-4779-4332-80ba-1cd41b317683,2026-06-02 11:45:00+09:00,USDJPY,rule_based_ai_stub,v0.1,uptrend,none,0.2,low,False,条件未達,取引許可,89.0834306427423,160.00481764385918,160.0025346716946,wait
dc7c6463-70cf-40c4-b826-4596d7c3bb4d,2026-06-02 11:50:00+09:00,USDJPY,rule_based_ai_stub,v0.1,uptrend,none,0.2,low,False,条件未達,取引許可,78.7526653817381,160.0050528352245,160.00266969299298,wait
5db77aac-931b-4134-9d81-b7f023bea186,2026-06-02 11:55:00+09:00,USDJPY,rule_based_ai_stub,v0.1,uptrend,none,0.2,low,False,条件未達,取引許可,85.05331779865406,160.00533770711095,160.0028297821259,wait
aa9417bd-c086-4d12-941c-6f47382bfb73,2026-06-02 12:00:00+09:00,USDJPY,rule_based_ai_stub,v0.1,uptrend,none,0.2,low,False,条件未達,取引許可,78.49226747847298,160.0055310073109,160.0029684211046,wait
9b0dfefa-e031-47ab-ad0e-5f1dd2b5428b,2026-06-02 12:05:00+09:00,USDJPY,rule_based_ai_stub,v0.1,uptrend,long,0.65,medium,True,短期MAが長期MAを上回り、RSIが許容範囲,取引許可,67.03897851806752,160.0056229225984,160.00309720193184,entry_candidate
70bb614c-33c2-414e-afeb-0eba7386f77c,2026-06-02 12:10:00+09:00,USDJPY,rule_based_ai_stub,v0.1,uptrend,long,0.65,medium,True,短期MAが長期MAを上回り、RSIが許容範囲,取引許可,68.07016877322026,160.00570746948924,160.00324875331108,entry_candidate
e472387b-6322-4c18-a8e9-16991f232775,2026-06-02 12:15:00+09:00,USDJPY,rule_based_ai_stub,v0.1,uptrend,long,0.65,medium,True,短期MAが長期MAを上回り、RSIが許容範囲,取引許可,68.00443737147717,160.0058305493227,160.0034217157508,entry_candidate
f20b090a-d8b3-411a-803b-35c6af25a751,2026-06-02 12:20:00+09:00,USDJPY,rule_based_ai_stub,v0.1,uptrend,long,0.65,medium,True,短期MAが長期MAを上回り、RSIが許容範囲,取引許可,65.80925737023996,160.00595073749844,160.00361490293344,entry_candidate
5992703c-e30a-4da9-b06c-42675c33477e,2026-06-02 12:25:00+09:00,USDJPY,rule_based_ai_stub,v0.1,uptrend,long,0.65,medium,True,短期MAが長期MAを上回り、RSIが許容範囲,取引許可,67.77971393081668,160.00611785628746,160.00380440250626,entry_candidate
8dc78ad8-19af-46d6-9621-046224d8f19f,2026-06-02 12:30:00+09:00,USDJPY,rule_based_ai_stub,v0.1,uptrend,long,0.65,medium,True,短期MAが長期MAを上回り、RSIが許容範囲,取引許可,65.5075831289069,160.0062681544202,160.0039877477081,entry_candidate
55050dce-3078-43d5-b144-32fb06729afd,2026-06-02 12:35:00+09:00,USDJPY,rule_based_ai_stub,v0.1,uptrend,long,0.65,medium,True,短期MAが長期MAを上回り、RSIが許容範囲,取引許可,61.8213170568873,160.0063800969871,160.0041676871637,entry_candidate
b044a8d2-ab4f-4c0a-adbe-9120c79e29d6,2026-06-02 12:40:00+09:00,USDJPY,rule_based_ai_stub,v0.1,uptrend,long,0.65,medium,True,短期MAが長期MAを上回り、RSIが許容範囲,取引許可,60.890129132976554,160.00649097998368,160.00433389669732,entry_candidate
77d86037-d06f-488b-8cbe-61f1fed045f2,2026-06-02 12:45:00+09:00,USDJPY,rule_based_ai_stub,v0.1,uptrend,long,0.65,medium,True,短期MAが長期MAを上回り、RSIが許容範囲,取引許可,57.78588742121418,160.00653824704338,160.00448369854377,entry_candidate
519ae299-691b-4090-bcd5-8b891c45ce92,2026-06-02 12:50:00+09:00,USDJPY,rule_based_ai_stub,v0.1,uptrend,long,0.65,medium,True,短期MAが長期MAを上回り、RSIが許容範囲,取引許可,60.97931531329907,160.00667518112394,160.00463620468375,entry_candidate
fa9160e8-9a6d-48f3-b7a3-4c1e64496edb,2026-06-02 12:55:00+09:00,USDJPY,rule_based_ai_stub,v0.1,uptrend,long,0.65,medium,True,短期MAが長期MAを上回り、RSIが許容範囲,取引許可,58.119043926122934,160.00670014297162,160.00477576605334,entry_candidate
2b08da6a-de37-4b02-87dc-3a44987ebc07,2026-06-02 13:00:00+09:00,USDJPY,rule_based_ai_stub,v0.1,uptrend,long,0.65,medium,True,短期MAが長期MAを上回り、RSIが許容範囲,取引許可,58.08106017477905,160.00673413082856,160.00491538571984,entry_candidate
e77a102b-d03e-4e2c-99c8-e1783e4a768a,2026-06-02 13:05:00+09:00,USDJPY,rule_based_ai_stub,v0.1,uptrend,long,0.65,medium,True,短期MAが長期MAを上回り、RSIが許容範囲,取引許可,46.7076791892104,160.00681275882403,160.00505898530636,entry_candidate
d4c0008d-eb6e-42cb-a3fb-e24871bf86b2,2026-06-02 13:10:00+09:00,USDJPY,rule_based_ai_stub,v0.1,uptrend,long,0.65,medium,True,短期MAが長期MAを上回り、RSIが許容範囲,取引許可,54.587578080634195,160.00685412784856,160.0051970121903,entry_candidate
45a3959b-d87a-424a-b149-bf45dd85ba5c,2026-06-02 13:15:00+09:00,USDJPY,rule_based_ai_stub,v0.1,uptrend,long,0.65,medium,True,短期MAが長期MAを上回り、RSIが許容範囲,取引許可,58.960790392659426,160.0068277275107,160.00531547082733,entry_candidate
1a3dd539-0abe-48ee-91b2-16ddb45e6266,2026-06-02 13:20:00+09:00,USDJPY,rule_based_ai_stub,v0.1,uptrend,long,0.65,medium,True,短期MAが長期MAを上回り、RSIが許容範囲,取引許可,46.611428907957446,160.00672901016227,160.00542057415097,entry_candidate
445949a4-651e-4935-bea4-b25e95e990e9,2026-06-02 13:25:00+09:00,USDJPY,rule_based_ai_stub,v0.1,uptrend,long,0.65,medium,True,短期MAが長期MAを上回り、RSIが許容範囲,取引許可,42.54931112982617,160.00661105989892,160.00552778347173,entry_candidate
5d44d590-5c6b-4fe4-9c60-eb28d6360aac,2026-06-02 13:30:00+09:00,USDJPY,rule_based_ai_stub,v0.1,uptrend,none,0.2,low,False,条件未達,取引許可,39.35674138012617,160.00650597030278,160.00561778115377,wait
cf700fe8-53c2-4cc5-bd43-251da002b6ce,2026-06-02 13:35:00+09:00,USDJPY,rule_based_ai_stub,v0.1,uptrend,none,0.2,low,False,条件未達,取引許可,30.597023123543224,160.00642039626646,160.00570918930603,wait
4ed419e1-e864-45be-b765-29ab598b3bca,2026-06-02 13:40:00+09:00,USDJPY,rule_based_ai_stub,v0.1,uptrend,none,0.2,low,False,条件未達,取引許可,28.600827250455907,160.00630748008692,160.00578362853017,wait
e1dcb22f-a9b8-4156-afcc-85432bb60c21,2026-06-02 13:45:00+09:00,USDJPY,rule_based_ai_stub,v0.1,uptrend,none,0.2,low,False,条件未達,取引許可,35.22155040011195,160.00624002448984,160.0058653051308,wait
89a13243-3fcb-401a-ae53-0f6f59ba306d,2026-06-02 13:50:00+09:00,USDJPY,rule_based_ai_stub,v0.1,uptrend,none,0.2,low,False,条件未達,取引許可,28.013187148689894,160.006051408689,160.00592647501247,wait
07bd8736-148f-4704-943f-e171cea78b65,2026-06-02 13:55:00+09:00,USDJPY,rule_based_ai_stub,v0.1,downtrend,none,0.2,low,False,条件未達,取引許可,25.621967384264806,160.00579977256854,160.00594587421702,wait
cb6363ac-5d74-48e3-8d25-3fdbbf9e82c5,2026-06-02 14:00:00+09:00,USDJPY,rule_based_ai_stub,v0.1,downtrend,none,0.2,low,False,条件未達,取引許可,14.521839694090673,160.00555348909685,160.0059395424121,wait
34a2e820-5e6d-4661-a1b6-f4657662ad21,2026-06-02 14:05:00+09:00,USDJPY,rule_based_ai_stub,v0.1,downtrend,none,0.2,low,False,条件未達,取引許可,14.406127379251416,160.00531260255966,160.0059160946607,wait
3bbcd772-a508-479e-a3c8-f11cede992d6,2026-06-02 14:10:00+09:00,USDJPY,rule_based_ai_stub,v0.1,downtrend,none,0.2,low,False,条件未達,取引許可,19.461832935417192,160.005066614828,160.00587607072194,wait
3bf2462a-4573-4084-bc76-006561ad5673,2026-06-02 14:15:00+09:00,USDJPY,rule_based_ai_stub,v0.1,downtrend,short,0.65,medium,True,短期MAが長期MAを下回り、RSIが許容範囲,取引許可,33.41360733826204,160.00492258113488,160.00586028598943,entry_candidate
1c30aba3-de98-403e-8379-cef21bcaa9be,2026-06-02 14:20:00+09:00,USDJPY,rule_based_ai_stub,v0.1,downtrend,short,0.65,medium,True,短期MAが長期MAを下回り、RSIが許容範囲,取引許可,36.53644896593651,160.00486254144266,160.00584742970113,entry_candidate
296903eb-2121-4d34-85c0-166d7b9fdd06,2026-06-02 14:25:00+09:00,USDJPY,rule_based_ai_stub,v0.1,downtrend,short,0.65,medium,True,短期MAが長期MAを下回り、RSIが許容範囲,取引許可,38.161420071568415,160.0047823204634,160.00583707888325,entry_candidate
26382c94-a9cc-4c9c-93ce-b13b211b5fd9,2026-06-02 14:30:00+09:00,USDJPY,rule_based_ai_stub,v0.1,downtrend,short,0.65,medium,True,短期MAが長期MAを下回り、RSIが許容範囲,取引許可,41.865218587069535,160.00468890034517,160.00582100835607,entry_candidate
055596e9-85a6-4055-888a-e76190f5be84,2026-06-02 14:35:00+09:00,USDJPY,rule_based_ai_stub,v0.1,downtrend,short,0.65,medium,True,短期MAが長期MAを下回り、RSIが許容範囲,取引許可,35.59837538728178,160.00457070091747,160.005790398057,entry_candidate
a083a7dc-ac17-4cc2-b00a-3d42699a55db,2026-06-02 14:40:00+09:00,USDJPY,rule_based_ai_stub,v0.1,downtrend,short,0.65,medium,True,短期MAが長期MAを下回り、RSIが許容範囲,取引許可,33.663290249439086,160.00447512774826,160.0057578626063,entry_candidate
360ab68e-9238-4419-b83b-f83be7886be6,2026-06-02 14:45:00+09:00,USDJPY,rule_based_ai_stub,v0.1,downtrend,short,0.65,medium,True,短期MAが長期MAを下回り、RSIが許容範囲,取引許可,34.52543778488685,160.00435351915024,160.0057105968945,entry_candidate
81526c6b-dd2c-462b-8308-471ec702d97a,2026-06-02 14:50:00+09:00,USDJPY,rule_based_ai_stub,v0.1,downtrend,short,0.65,medium,True,短期MAが長期MAを下回り、RSIが許容範囲,取引許可,39.033993346994286,160.0043204506973,160.00568234683678,entry_candidate
29ca7c2b-cf08-4cbf-a1d9-a8201f438602,2026-06-02 14:55:00+09:00,USDJPY,rule_based_ai_stub,v0.1,downtrend,short,0.65,medium,True,短期MAが長期MAを下回り、RSIが許容範囲,取引許可,33.81626934969009,160.00431639388592,160.00560543647532,entry_candidate
807c8c0b-f96e-448d-8081-263b0dbdd36c,2026-06-02 15:00:00+09:00,USDJPY,rule_based_ai_stub,v0.1,downtrend,short,0.65,medium,True,短期MAが長期MAを下回り、RSIが許容範囲,取引許可,44.204515687094954,160.0043742266113,160.00555394884555,entry_candidate
20ccd710-a31c-4df5-b892-523ea544a385,2026-06-02 15:05:00+09:00,USDJPY,rule_based_ai_stub,v0.1,downtrend,none,0.2,low,False,条件未達,取引許可,62.17199440781444,160.0045193686399,160.0055482433412,wait
cf843965-48d0-4d73-b41b-d57f148b2840,2026-06-02 15:10:00+09:00,USDJPY,rule_based_ai_stub,v0.1,downtrend,none,0.2,low,False,条件未達,取引許可,67.1441638222932,160.0046435272828,160.00552142331978,wait
043b18a9-7e45-4798-b92c-cbd9339f2717,2026-06-02 15:15:00+09:00,USDJPY,rule_based_ai_stub,v0.1,downtrend,none,0.2,low,False,条件未達,取引許可,70.58056115864643,160.004714003701,160.00548810411553,wait
1af05a9b-a336-48ab-a3dc-915b59d4eb0d,2026-06-02 15:20:00+09:00,USDJPY,rule_based_ai_stub,v0.1,downtrend,none,0.2,low,False,条件未達,取引許可,71.93713768255846,160.0047761043376,160.00545588531418,wait
96d6527f-713e-42f0-b380-1581820c900a,2026-06-02 15:25:00+09:00,USDJPY,rule_based_ai_stub,v0.1,downtrend,none,0.2,low,False,条件未達,取引許可,62.166789951617176,160.0048261408771,160.00540650707978,wait
2f4836bd-9d56-491c-b051-22bfa94f3cf2,2026-06-02 15:30:00+09:00,USDJPY,rule_based_ai_stub,v0.1,downtrend,short,0.65,medium,True,短期MAが長期MAを下回り、RSIが許容範囲,取引許可,58.46960959185837,160.0048883328511,160.005361067833,entry_candidate
01c99dba-eeae-40df-bf9a-ec99b6f9b892,2026-06-02 15:35:00+09:00,USDJPY,rule_based_ai_stub,v0.1,downtrend,short,0.65,medium,True,短期MAが長期MAを下回り、RSIが許容範囲,取引許可,59.975619722759056,160.00500128091335,160.00533079269908,entry_candidate
7e3f16f3-6fbb-4471-bbb7-af1a6b16e294,2026-06-02 15:40:00+09:00,USDJPY,rule_based_ai_stub,v0.1,downtrend,none,0.2,low,False,条件未達,取引許可,60.703473352764156,160.00512003843733,160.00530088209086,wait
9ac4bd24-75a0-4cb7-a568-9b288ef8dd5f,2026-06-02 15:45:00+09:00,USDJPY,rule_based_ai_stub,v0.1,downtrend,none,0.2,low,False,条件未達,取引許可,62.93207208634023,160.00521457840406,160.00526937401472,wait
aebf6173-119f-4d7b-8283-dca7bf215913,2026-06-02 15:50:00+09:00,USDJPY,rule_based_ai_stub,v0.1,uptrend,long,0.65,medium,True,短期MAが長期MAを上回り、RSIが許容範囲,取引許可,63.193162862510086,160.0052942079515,160.00522202244593,entry_candidate
1bd0db93-c21c-4cbc-9cc4-f30cf17aceb5,2026-06-02 15:55:00+09:00,USDJPY,rule_based_ai_stub,v0.1,uptrend,long,0.65,medium,True,短期MAが長期MAを上回り、RSIが許容範囲,取引許可,68.72309889421182,160.0054400989607,160.00518542180507,entry_candidate
0d83a9fa-2999-45f5-b7b6-9b1a036f9a2b,2026-06-02 16:00:00+09:00,USDJPY,rule_based_ai_stub,v0.1,uptrend,none,0.2,low,False,条件未達,取引許可,73.3293152901247,160.00563257982452,160.00518676517757,wait
a6bd3c31-38f9-4f16-b3d3-ab105a31a974,2026-06-02 16:05:00+09:00,USDJPY,rule_based_ai_stub,v0.1,uptrend,none,0.2,low,False,条件未達,取引許可,84.24806485263838,160.00579638728405,160.00520945282787,wait
ba5a445f-45ae-46c8-af58-5eb0ffddfcd0,2026-06-02 16:10:00+09:00,USDJPY,rule_based_ai_stub,v0.1,uptrend,none,0.2,low,False,条件未達,取引許可,86.96818232270381,160.00607329187383,160.00526114466157,wait
059c0cda-026a-457e-99ae-74a74ac32179,2026-06-02 16:15:00+09:00,USDJPY,rule_based_ai_stub,v0.1,uptrend,none,0.2,low,False,条件未達,取引許可,77.100898614622,160.00629174349942,160.0053094427784,wait
ad05f412-8303-40f9-9178-124a4a463e99,2026-06-02 16:20:00+09:00,USDJPY,rule_based_ai_stub,v0.1,uptrend,none,0.2,low,False,条件未達,取引許可,80.00351971661081,160.00651930395722,160.00538598324582,wait
7c6e5087-61e0-4fca-8484-0a2c6768f309,2026-06-02 16:25:00+09:00,USDJPY,rule_based_ai_stub,v0.1,uptrend,none,0.2,low,False,条件未達,取引許可,79.53100172876205,160.0067760925389,160.00546151795982,wait
3c06499a-0da4-407e-acb8-fc67d99aa819,2026-06-02 16:30:00+09:00,USDJPY,rule_based_ai_stub,v0.1,uptrend,none,0.2,low,False,条件未達,取引許可,82.38892601774835,160.00713116664315,160.0055694666131,wait
a319e7d5-fc6a-48a8-8ccc-d24c62178880,2026-06-02 16:35:00+09:00,USDJPY,rule_based_ai_stub,v0.1,uptrend,none,0.2,low,False,条件未達,取引許可,79.38040952170763,160.00744519621313,160.00567239268128,wait
db2f0fa6-f56b-4c88-962d-1bdd497236e3,2026-06-02 16:40:00+09:00,USDJPY,rule_based_ai_stub,v0.1,uptrend,none,0.2,low,False,条件未達,取引許可,73.38744174467595,160.007712355886,160.00576917402384,wait
7249b50f-37c6-4fe2-a768-38d4861ee22a,2026-06-02 16:45:00+09:00,USDJPY,rule_based_ai_stub,v0.1,uptrend,long,0.65,medium,True,短期MAが長期MAを上回り、RSIが許容範囲,取引許可,69.8426234226473,160.00798819641585,160.00585209799004,entry_candidate
99c14d54-1ba4-43f5-b88c-5860099d255c,2026-06-02 16:50:00+09:00,USDJPY,rule_based_ai_stub,v0.1,uptrend,long,0.65,medium,True,短期MAが長期MAを上回り、RSIが許容範囲,取引許可,59.292282394925806,160.00815661665078,160.00592375843317,entry_candidate
dc91cfa4-7aae-4fff-8eb6-698f7a07355c,2026-06-02 16:55:00+09:00,USDJPY,rule_based_ai_stub,v0.1,uptrend,long,0.65,medium,True,短期MAが長期MAを上回り、RSIが許容範囲,取引許可,60.337258491002196,160.00827384922002,160.0060101140222,entry_candidate
cfca4e0d-15a2-41d8-b190-15da2a0b32bf,2026-06-02 17:00:00+09:00,USDJPY,rule_based_ai_stub,v0.1,uptrend,long,0.65,medium,True,短期MAが長期MAを上回り、RSIが許容範囲,取引許可,57.185212079944364,160.00828056797582,160.00609579147056,entry_candidate
5e1c5348-4282-4dd1-9796-8ae8a39348d8,2026-06-02 17:05:00+09:00,USDJPY,rule_based_ai_stub,v0.1,uptrend,long,0.65,medium,True,短期MAが長期MAを上回り、RSIが許容範囲,取引許可,56.15047571380903,160.00824684287963,160.00618753293452,entry_candidate
52a579dd-477e-4883-ad64-27d5db397b38,2026-06-02 17:10:00+09:00,USDJPY,rule_based_ai_stub,v0.1,uptrend,long,0.65,medium,True,短期MAが長期MAを上回り、RSIが許容範囲,取引許可,52.485601482400845,160.00812254645933,160.00627978853868,entry_candidate
71e9e047-d6fe-4f02-98bb-3e363e2a4f57,2026-06-02 17:15:00+09:00,USDJPY,rule_based_ai_stub,v0.1,uptrend,long,0.65,medium,True,短期MAが長期MAを上回り、RSIが許容範囲,取引許可,55.5556775632052,160.0081304259592,160.00637872438654,entry_candidate
ea9d4e6b-8205-4369-b3c6-ef43d17cabb3,2026-06-02 17:20:00+09:00,USDJPY,rule_based_ai_stub,v0.1,uptrend,long,0.65,medium,True,短期MAが長期MAを上回り、RSIが許容範囲,取引許可,51.439816353852464,160.00814221061907,160.00647920630462,entry_candidate
e051dc37-bd5e-4347-bf2f-9d8279568a67,2026-06-02 17:25:00+09:00,USDJPY,rule_based_ai_stub,v0.1,uptrend,long,0.65,medium,True,短期MAが長期MAを上回り、RSIが許容範囲,取引許可,52.205320958231795,160.00811598299592,160.00657273880398,entry_candidate
8a970412-05f7-49ef-b2f2-462f41223a7f,2026-06-02 17:30:00+09:00,USDJPY,rule_based_ai_stub,v0.1,uptrend,long,0.65,medium,True,短期MAが長期MAを上回り、RSIが許容範囲,取引許可,45.28426449801318,160.00793534449252,160.00665161466225,entry_candidate
b4d85070-fe22-408e-a84e-0fcc2101f9f7,2026-06-02 17:35:00+09:00,USDJPY,rule_based_ai_stub,v0.1,uptrend,long,0.65,medium,True,短期MAが長期MAを上回り、RSIが許容範囲,取引許可,46.573254548481195,160.00781971686197,160.00675539799613,entry_candidate
f93c75d5-0f37-46c8-b250-0bf54b46b289,2026-06-02 17:40:00+09:00,USDJPY,rule_based_ai_stub,v0.1,uptrend,none,0.2,low,False,条件未達,取引許可,31.929144577593803,160.00768006366317,160.0068374859955,wait
265d9fe6-4ae4-443b-8eed-aa798ac0ec32,2026-06-02 17:45:00+09:00,USDJPY,rule_based_ai_stub,v0.1,uptrend,long,0.65,medium,True,短期MAが長期MAを上回り、RSIが許容範囲,取引許可,43.32945252048945,160.00766195303495,160.00695490928496,entry_candidate
82e12c41-b749-474b-9d05-072316ccaaf2,2026-06-02 17:50:00+09:00,USDJPY,rule_based_ai_stub,v0.1,uptrend,long,0.65,medium,True,短期MAが長期MAを上回り、RSIが許容範囲,取引許可,50.92169870336489,160.00780900919898,160.00708661126706,entry_candidate
fd2f05d8-d2be-4111-8b76-bc82aaf524ed,2026-06-02 17:55:00+09:00,USDJPY,rule_based_ai_stub,v0.1,uptrend,long,0.65,medium,True,短期MAが長期MAを上回り、RSIが許容範囲,取引許可,51.41305361894012,160.0079588943315,160.0072242808374,entry_candidate
92d9adb2-e7ab-413b-bbf8-7c2b606e4f42,2026-06-02 18:00:00+09:00,USDJPY,rule_based_ai_stub,v0.1,uptrend,long,0.65,medium,True,短期MAが長期MAを上回り、RSIが許容範囲,取引許可,53.02708479773075,160.0080610793706,160.00732474239032,entry_candidate
7b2b5703-3a19-4492-9194-7b8ee3747d00,2026-06-02 18:05:00+09:00,USDJPY,rule_based_ai_stub,v0.1,uptrend,long,0.65,medium,True,短期MAが長期MAを上回り、RSIが許容範囲,取引許可,59.57916002322679,160.00822343833912,160.00742222283426,entry_candidate
fa281e39-4d41-4f4d-8a03-9f7fe46b7888,2026-06-02 18:10:00+09:00,USDJPY,rule_based_ai_stub,v0.1,uptrend,long,0.65,medium,True,短期MAが長期MAを上回り、RSIが許容範囲,取引許可,62.46644732467617,160.0083629825166,160.00751960694993,entry_candidate
2ea62038-7a48-4b14-a39c-557d63165344,2026-06-02 18:15:00+09:00,USDJPY,rule_based_ai_stub,v0.1,uptrend,long,0.65,medium,True,短期MAが長期MAを上回り、RSIが許容範囲,取引許可,65.30305773199083,160.00847060896766,160.00763092614207,entry_candidate
354a54f5-f8a8-476d-ba47-5cf615700474,2026-06-02 18:20:00+09:00,USDJPY,rule_based_ai_stub,v0.1,uptrend,long,0.65,medium,True,短期MAが長期MAを上回り、RSIが許容範囲,取引許可,57.904973415454094,160.0084509928439,160.00770416914008,entry_candidate
8670beb5-d338-4357-ab7b-745b23dc85c5,2026-06-02 18:25:00+09:00,USDJPY,rule_based_ai_stub,v0.1,uptrend,long,0.65,medium,True,短期MAが長期MAを上回り、RSIが許容範囲,取引許可,49.97223235162023,160.0084302531518,160.0077741095622,entry_candidate
5aeeebc5-4f6c-4420-b12b-677c044e8049,2026-06-02 18:30:00+09:00,USDJPY,rule_based_ai_stub,v0.1,uptrend,long,0.65,medium,True,短期MAが長期MAを上回り、RSIが許容範囲,取引許可,46.43096123319239,160.00845469637824,160.00784040250466,entry_candidate
aaebb82c-4312-471e-9a5a-03b4bcc60fcc,2026-06-02 18:35:00+09:00,USDJPY,rule_based_ai_stub,v0.1,uptrend,long,0.65,medium,True,短期MAが長期MAを上回り、RSIが許容範囲,取引許可,48.71952626931195,160.00845689267578,160.0079072685836,entry_candidate
8d8e7074-3653-420d-85fb-b06ea5ea91b1,2026-06-02 18:40:00+09:00,USDJPY,rule_based_ai_stub,v0.1,uptrend,long,0.65,medium,True,短期MAが長期MAを上回り、RSIが許容範囲,取引許可,50.47999690944787,160.0085025973601,160.00796500563644,entry_candidate
13465866-a054-4cd9-8139-e4f26d2a6e40,2026-06-02 18:45:00+09:00,USDJPY,rule_based_ai_stub,v0.1,uptrend,long,0.65,medium,True,短期MAが長期MAを上回り、RSIが許容範囲,取引許可,50.99709489986319,160.00848787160274,160.00804600701787,entry_candidate
f5320dda-cd66-4672-9f2e-fe1f4a7ba23b,2026-06-02 18:50:00+09:00,USDJPY,rule_based_ai_stub,v0.1,uptrend,long,0.65,medium,True,短期MAが長期MAを上回り、RSIが許容範囲,取引許可,52.04564750996237,160.0083607928179,160.00810880622257,entry_candidate
37d89be3-b477-452b-bf06-a4b7fe59babe,2026-06-02 18:55:00+09:00,USDJPY,rule_based_ai_stub,v0.1,uptrend,long,0.65,medium,True,短期MAが長期MAを上回り、RSIが許容範囲,取引許可,43.03654328040049,160.0082500538414,160.0081609324643,entry_candidate
da26f5b2-fb22-4030-9365-7909d4fa9fd9,2026-06-02 19:00:00+09:00,USDJPY,rule_based_ai_stub,v0.1,uptrend,none,0.2,low,False,条件未達,取引許可,36.68871949631335,160.00823098637295,160.00819087790646,wait
a890dea5-185f-45f8-ad58-50c38e15b6ab,2026-06-02 19:05:00+09:00,USDJPY,rule_based_ai_stub,v0.1,downtrend,short,0.65,medium,True,短期MAが長期MAを下回り、RSIが許容範囲,取引許可,41.929952499411506,160.0081699472275,160.00821340948207,entry_candidate
c786c2b4-808e-40d1-ad2f-1eced2b188de,2026-06-02 19:10:00+09:00,USDJPY,rule_based_ai_stub,v0.1,downtrend,short,0.65,medium,True,短期MAが長期MAを下回り、RSIが許容範囲,取引許可,55.09606852910491,160.0081502158182,160.0082119149314,entry_candidate
fa55af87-1eb8-4fa8-b97d-96830b19e7f4,2026-06-02 19:15:00+09:00,USDJPY,rule_based_ai_stub,v0.1,downtrend,short,0.65,medium,True,短期MAが長期MAを下回り、RSIが許容範囲,取引許可,40.41893413987057,160.0080123614887,160.00820446547183,entry_candidate
a6fd37a8-a5d9-44d5-b374-0dbc10c40c81,2026-06-02 19:20:00+09:00,USDJPY,rule_based_ai_stub,v0.1,downtrend,short,0.65,medium,True,短期MAが長期MAを下回り、RSIが許容範囲,取引許可,34.547211004129466,160.00787752283364,160.00815690876553,entry_candidate
b51a533f-e277-41f6-a5e6-f92bbe9dcf92,2026-06-02 19:25:00+09:00,USDJPY,rule_based_ai_stub,v0.1,downtrend,short,0.65,medium,True,短期MAが長期MAを下回り、RSIが許容範囲,取引許可,34.81311548272873,160.00783653677078,160.0081275909728,entry_candidate
c99c20ac-94ae-44eb-9305-2e567305ce0d,2026-06-02 19:30:00+09:00,USDJPY,rule_based_ai_stub,v0.1,downtrend,short,0.65,medium,True,短期MAが長期MAを下回り、RSIが許容範囲,取引許可,43.863126193072326,160.00781190422353,160.00806731503144,entry_candidate
d3c0572a-d22c-4adf-b27a-8c18e463835b,2026-06-02 19:35:00+09:00,USDJPY,rule_based_ai_stub,v0.1,downtrend,short,0.65,medium,True,短期MAが長期MAを下回り、RSIが許容範囲,取引許可,43.114104748666996,160.0077474983198,160.0080080359525,entry_candidate
922a5239-3d9d-4e7e-8979-e0cca2c23c36,2026-06-02 19:40:00+09:00,USDJPY,rule_based_ai_stub,v0.1,downtrend,short,0.65,medium,True,短期MAが長期MAを下回り、RSIが許容範囲,取引許可,51.67031048695679,160.0077831532884,160.00798860477056,entry_candidate
47d640b5-d264-467b-a065-88a5ec0f0107,2026-06-02 19:45:00+09:00,USDJPY,rule_based_ai_stub,v0.1,downtrend,short,0.65,medium,True,短期MAが長期MAを下回り、RSIが許容範囲,取引許可,51.991183330430346,160.00779344949208,160.0079810913766,entry_candidate
8a2de8ce-2a6d-48aa-a701-327946487471,2026-06-02 19:50:00+09:00,USDJPY,rule_based_ai_stub,v0.1,downtrend,short,0.65,medium,True,短期MAが長期MAを下回り、RSIが許容範囲,取引許可,59.187881418691056,160.00791609157648,160.0080286311978,entry_candidate
705ad2b4-2dc6-446c-aa39-1657dc8cc490,2026-06-02 19:55:00+09:00,USDJPY,rule_based_ai_stub,v0.1,downtrend,short,0.65,medium,True,短期MAが長期MAを下回り、RSIが許容範囲,取引許可,57.04040318177189,160.00804922855917,160.0080860589107,entry_candidate
2f4ad1d8-b1cc-413a-8a6b-cc5d0f0d17d2,2026-06-02 20:00:00+09:00,USDJPY,rule_based_ai_stub,v0.1,uptrend,long,0.65,medium,True,短期MAが長期MAを上回り、RSIが許容範囲,取引許可,69.92357902093909,160.00827938815652,160.00819048463336,entry_candidate
14b6df69-df3f-4d83-81aa-340ab950e027,2026-06-02 20:05:00+09:00,USDJPY,rule_based_ai_stub,v0.1,uptrend,none,0.2,low,False,条件未達,取引許可,74.6175829023801,160.00857159285428,160.0083216594736,wait
03fe248a-ca14-48a2-8f71-6b552a981783,2026-06-02 20:10:00+09:00,USDJPY,rule_based_ai_stub,v0.1,uptrend,none,0.2,low,False,条件未達,取引許可,73.05550978496767,160.00881576860073,160.0084429889785,wait
399725e5-0b8f-4e39-a4e4-fdda7b70b0b9,2026-06-02 20:15:00+09:00,USDJPY,rule_based_ai_stub,v0.1,uptrend,none,0.2,low,False,条件未達,取引許可,73.94941277944977,160.00916475499932,160.00854924181854,wait
35d5bbce-593e-4ea7-a41c-7b61e73b7af0,2026-06-02 20:20:00+09:00,USDJPY,rule_based_ai_stub,v0.1,uptrend,none,0.2,low,False,条件未達,取引許可,73.82357754128572,160.0096227159039,160.00865041052714,wait
1c0a0258-bcec-4e20-b4ba-9ad4dfc32c07,2026-06-02 20:25:00+09:00,USDJPY,rule_based_ai_stub,v0.1,uptrend,none,0.2,low,False,条件未達,取引許可,82.26211835677687,160.0100852245453,160.00878400482262,wait
1a173b9d-cc66-43a5-819f-762f8c288703,2026-06-02 20:30:00+09:00,USDJPY,rule_based_ai_stub,v0.1,uptrend,none,0.2,low,False,条件未達,取引許可,85.75089015510227,160.01048287131303,160.00891649063826,wait
9f71a501-32e3-454c-9c24-ee9b08c5b512,2026-06-02 20:35:00+09:00,USDJPY,rule_based_ai_stub,v0.1,uptrend,none,0.2,low,False,条件未達,取引許可,85.09379424267621,160.01095224498064,160.00905221199207,wait
c69b8edf-ce38-40ca-b898-7bf07a0ef4c3,2026-06-02 20:40:00+09:00,USDJPY,rule_based_ai_stub,v0.1,uptrend,none,0.2,low,False,条件未達,取引許可,85.89225669619476,160.0113969822738,160.00922757764076,wait
db2ca285-4fc8-4f84-8099-835e31be3e36,2026-06-02 20:45:00+09:00,USDJPY,rule_based_ai_stub,v0.1,uptrend,none,0.2,low,False,条件未達,取引許可,79.93493007291947,160.0117479988609,160.00934310665193,wait
b43a6e5b-c27b-4520-b678-e8d03929f5db,2026-06-02 20:50:00+09:00,USDJPY,rule_based_ai_stub,v0.1,uptrend,none,0.2,low,False,条件未達,取引許可,71.13054867349882,160.01198088766319,160.00941925735253,wait
7140c921-f2e6-4793-9848-6b4e421dd77f,2026-06-02 20:55:00+09:00,USDJPY,rule_based_ai_stub,v0.1,uptrend,long,0.65,medium,True,短期MAが長期MAを上回り、RSIが許容範囲,取引許可,61.93159652534671,160.01210843893247,160.00946924044433,entry_candidate
94531e37-189d-4b6b-97fc-89f31bf6fe72,2026-06-02 21:00:00+09:00,USDJPY,rule_based_ai_stub,v0.1,uptrend,long,0.65,medium,True,短期MAが長期MAを上回り、RSIが許容範囲,取引許可,57.88296090839439,160.01211948246385,160.00954328566442,entry_candidate
be02cbee-09e8-4083-b19d-e8c6a4bcb8d4,2026-06-02 21:05:00+09:00,USDJPY,rule_based_ai_stub,v0.1,uptrend,long,0.65,medium,True,短期MAが長期MAを上回り、RSIが許容範囲,取引許可,59.619914964971386,160.01207863606587,160.00960672538253,entry_candidate
014678c2-cd20-4269-bda1-ee7fe6476ce7,2026-06-02 21:10:00+09:00,USDJPY,rule_based_ai_stub,v0.1,uptrend,long,0.65,medium,True,短期MAが長期MAを上回り、RSIが許容範囲,取引許可,58.13681000304152,160.0121253557279,160.00969711338226,entry_candidate
16a26b48-8378-4580-a6f1-4303bf297562,2026-06-02 21:15:00+09:00,USDJPY,rule_based_ai_stub,v0.1,uptrend,long,0.65,medium,True,短期MAが長期MAを上回り、RSIが許容範囲,取引許可,52.931750819761,160.01212720158142,160.00976810602316,entry_candidate
0ee32690-3708-4b06-8582-ea3157c8e626,2026-06-02 21:20:00+09:00,USDJPY,rule_based_ai_stub,v0.1,uptrend,long,0.65,medium,True,短期MAが長期MAを上回り、RSIが許容範囲,取引許可,58.94026233099866,160.01217820941474,160.00989281605075,entry_candidate
e7d80d36-1c5e-4fd5-8f4b-64832da03fdd,2026-06-02 21:25:00+09:00,USDJPY,rule_based_ai_stub,v0.1,uptrend,long,0.65,medium,True,短期MAが長期MAを上回り、RSIが許容範囲,取引許可,51.04102760147437,160.01209178059727,160.0100045139711,entry_candidate
a27c6257-3800-49d5-bae7-9eff9a1209c6,2026-06-02 21:30:00+09:00,USDJPY,rule_based_ai_stub,v0.1,uptrend,long,0.65,medium,True,短期MAが長期MAを上回り、RSIが許容範囲,取引許可,43.78627628906049,160.01196842883087,160.01008773478915,entry_candidate
6fdf9bcb-0a7e-4d7f-8193-80116b6fb5c9,2026-06-02 21:35:00+09:00,USDJPY,rule_based_ai_stub,v0.1,uptrend,none,0.2,low,False,条件未達,取引許可,38.47713569458285,160.0118079971065,160.01016924680232,wait
cfd03a5f-d0bd-470d-bf62-1013a466335f,2026-06-02 21:40:00+09:00,USDJPY,rule_based_ai_stub,v0.1,uptrend,long,0.65,medium,True,短期MAが長期MAを上回り、RSIが許容範囲,取引許可,42.71099460562606,160.01161384743025,160.01026466099748,entry_candidate
b8da95c0-23c0-40f4-bd00-7356a4f7bd25,2026-06-02 21:45:00+09:00,USDJPY,rule_based_ai_stub,v0.1,uptrend,none,0.2,low,False,条件未達,取引許可,39.73424514449797,160.01150599999093,160.01034914944796,wait
fefd2d97-0dcd-4e70-af41-15ab58a6aa81,2026-06-02 21:50:00+09:00,USDJPY,rule_based_ai_stub,v0.1,uptrend,none,0.2,low,False,条件未達,取引許可,29.803556611496347,160.01135394337223,160.01041697420396,wait
7f674577-f02c-4010-8f87-4396b08fc55c,2026-06-02 21:55:00+09:00,USDJPY,rule_based_ai_stub,v0.1,uptrend,none,0.2,low,False,条件未達,取引許可,33.61365285401992,160.01129939236043,160.01048568661736,wait
da857cff-c985-4c88-8a0f-d3ca2c7540bb,2026-06-02 22:00:00+09:00,USDJPY,rule_based_ai_stub,v0.1,uptrend,none,0.2,low,False,条件未達,取引許可,33.30455500451045,160.01119308821535,160.01053065294525,wait
c7dcd3ea-54e2-406c-8f75-822e9556e118,2026-06-02 22:05:00+09:00,USDJPY,rule_based_ai_stub,v0.1,uptrend,long,0.65,medium,True,短期MAが長期MAを上回り、RSIが許容範囲,取引許可,42.85581147703986,160.01108439058493,160.0105782065017,entry_candidate
26c508b7-6b72-45e4-91ba-a208a20afcb2,2026-06-02 22:10:00+09:00,USDJPY,rule_based_ai_stub,v0.1,uptrend,long,0.65,medium,True,短期MAが長期MAを上回り、RSIが許容範囲,取引許可,45.58907440565684,160.0109189050142,160.01062000978092,entry_candidate
f8657878-155a-4129-832c-5d94953fcb35,2026-06-02 22:15:00+09:00,USDJPY,rule_based_ai_stub,v0.1,uptrend,none,0.2,low,False,条件未達,取引許可,38.84518723186613,160.0107027207151,160.01066489243195,wait
c02afdbd-b5dd-4872-89c1-57137b22bb72,2026-06-02 22:20:00+09:00,USDJPY,rule_based_ai_stub,v0.1,downtrend,none,0.2,low,False,条件未達,取引許可,28.775133376345394,160.0103794122929,160.01072677920385,wait
6bf52019-a189-4c57-8bdf-ee2fde2c1ed3,2026-06-02 22:25:00+09:00,USDJPY,rule_based_ai_stub,v0.1,downtrend,none,0.2,low,False,条件未達,取引許可,25.7602601491907,160.01007214826748,160.01074971780338,wait
837259c4-358f-4c7d-837a-946a1c4ed417,2026-06-02 22:30:00+09:00,USDJPY,rule_based_ai_stub,v0.1,downtrend,none,0.2,low,False,条件未達,取引許可,14.009339456724192,160.00984691940917,160.01076607318436,wait
cdabae34-1126-411b-ab9f-33a39a3e6701,2026-06-02 22:35:00+09:00,USDJPY,rule_based_ai_stub,v0.1,downtrend,none,0.2,low,False,条件未達,取引許可,24.170623086624545,160.00967222505184,160.01081082237968,wait
7f62e1e4-1197-44e6-9735-0edbc9b15770,2026-06-02 22:40:00+09:00,USDJPY,rule_based_ai_stub,v0.1,downtrend,none,0.2,low,False,条件未達,取引許可,26.018692985488002,160.00942904111977,160.0108132902746,wait
cb44e85c-a17f-494d-bce2-54488fd4b631,2026-06-02 22:45:00+09:00,USDJPY,rule_based_ai_stub,v0.1,downtrend,short,0.65,medium,True,短期MAが長期MAを下回り、RSIが許容範囲,取引許可,30.025064598087255,160.00921269425083,160.01082223103424,entry_candidate
120bbc35-bc04-46b7-9bf0-e5a4fa55ed40,2026-06-02 22:50:00+09:00,USDJPY,rule_based_ai_stub,v0.1,downtrend,none,0.2,low,False,条件未達,取引許可,25.670527267870668,160.00907320660602,160.0108026792138,wait
f63e122b-7b39-4dc1-992e-efac0bb1f350,2026-06-02 22:55:00+09:00,USDJPY,rule_based_ai_stub,v0.1,downtrend,none,0.2,low,False,条件未達,取引許可,23.853732212369977,160.00889853132156,160.01076878753815,wait
562a3ee1-cb30-4b7c-890c-c2ab57420631,2026-06-02 23:00:00+09:00,USDJPY,rule_based_ai_stub,v0.1,downtrend,none,0.2,low,False,条件未達,取引許可,29.179480788730444,160.0087837279941,160.01069876622444,wait
fd2ac72b-09eb-4a2e-88e0-3f26f6bd7b84,2026-06-02 23:05:00+09:00,USDJPY,rule_based_ai_stub,v0.1,downtrend,none,0.2,low,False,条件未達,取引許可,26.341173480686237,160.0085836789231,160.0105822351913,wait
2017ee4d-67cc-469c-bb4b-b8b90fe51efb,2026-06-02 23:10:00+09:00,USDJPY,rule_based_ai_stub,v0.1,downtrend,none,0.2,low,False,条件未達,取引許可,28.544577565455114,160.00833761747452,160.01046062607222,wait
1595d083-879e-4ea3-87c3-35786bdc4166,2026-06-02 23:15:00+09:00,USDJPY,rule_based_ai_stub,v0.1,downtrend,none,0.2,low,False,条件未達,取引許可,19.80611029995167,160.00807865612063,160.0103028594724,wait
0b4b949d-dc96-497f-94a8-4b0f2e64ff2c,2026-06-02 23:20:00+09:00,USDJPY,rule_based_ai_stub,v0.1,downtrend,short,0.65,medium,True,短期MAが長期MAを下回り、RSIが許容範囲,取引許可,31.384522363024104,160.00794362436926,160.01016708202562,entry_candidate
6976a29c-5389-4da3-a6e2-cf65555aadaf,2026-06-02 23:25:00+09:00,USDJPY,rule_based_ai_stub,v0.1,downtrend,short,0.65,medium,True,短期MAが長期MAを下回り、RSIが許容範囲,取引許可,34.575257487355415,160.0078633164716,160.01000908177878,entry_candidate
e276b207-6db5-477e-874a-4a4fc01627b3,2026-06-02 23:30:00+09:00,USDJPY,rule_based_ai_stub,v0.1,downtrend,short,0.65,medium,True,短期MAが長期MAを下回り、RSIが許容範囲,取引許可,33.956377695456666,160.00775115625336,160.0098555014978,entry_candidate
54eeb564-7965-469f-b95d-ef688d8d697e,2026-06-02 23:35:00+09:00,USDJPY,rule_based_ai_stub,v0.1,downtrend,short,0.65,medium,True,短期MAが長期MAを下回り、RSIが許容範囲,取引許可,39.246413372422204,160.00760193791464,160.0096940533577,entry_candidate
c2a7eff8-d6f0-4b08-b1e4-5737bfcef429,2026-06-02 23:40:00+09:00,USDJPY,rule_based_ai_stub,v0.1,downtrend,short,0.65,medium,True,短期MAが長期MAを下回り、RSIが許容範囲,取引許可,39.04388737052744,160.0074963894758,160.0095130926753,entry_candidate
1ebf26da-aa8e-41c3-bef5-144f10d63aae,2026-06-02 23:45:00+09:00,USDJPY,rule_based_ai_stub,v0.1,downtrend,short,0.65,medium,True,短期MAが長期MAを下回り、RSIが許容範囲,取引許可,31.452200344177598,160.00735459023116,160.00935776149097,entry_candidate
4016d96e-6ef2-4c8b-8c4d-a15fa5076be5,2026-06-02 23:50:00+09:00,USDJPY,rule_based_ai_stub,v0.1,downtrend,short,0.65,medium,True,短期MAが長期MAを下回り、RSIが許容範囲,取引許可,40.109538204655315,160.00727001220244,160.00923238739358,entry_candidate
a45a7422-f19d-403e-9537-d76e825daa9d,2026-06-02 23:55:00+09:00,USDJPY,rule_based_ai_stub,v0.1,downtrend,short,0.65,medium,True,短期MAが長期MAを下回り、RSIが許容範囲,取引許可,41.84063975141059,160.00726295320086,160.00915362562762,entry_candidate
ec2a83dc-9ad7-483e-8142-e3e2294c15e1,2026-06-03 00:00:00+09:00,USDJPY,rule_based_ai_stub,v0.1,downtrend,short,0.65,medium,True,短期MAが長期MAを下回り、RSIが許容範囲,取引許可,41.83947779249924,160.00723472065988,160.00907051228978,entry_candidate
653afa5d-aa45-4063-8366-9fd59602c924,2026-06-03 00:05:00+09:00,USDJPY,rule_based_ai_stub,v0.1,downtrend,short,0.65,medium,True,短期MAが長期MAを下回り、RSIが許容範囲,取引許可,42.90137262994064,160.00722945932299,160.00896584294367,entry_candidate
e66f56a1-a065-4729-ae79-48e4b7a4137c,2026-06-03 00:10:00+09:00,USDJPY,rule_based_ai_stub,v0.1,downtrend,short,0.65,medium,True,短期MAが長期MAを下回り、RSIが許容範囲,取引許可,42.0747407281269,160.00723812786654,160.0088315501184,entry_candidate
8f62b6c4-3cfd-4154-820e-4a319b745da1,2026-06-03 00:15:00+09:00,USDJPY,rule_based_ai_stub,v0.1,downtrend,short,0.65,medium,True,短期MAが長期MAを下回り、RSIが許容範囲,取引許可,36.73818820097802,160.00719159424645,160.00865765702738,entry_candidate
bfa557be-d993-4535-914e-68be174b3c62,2026-06-03 00:20:00+09:00,USDJPY,rule_based_ai_stub,v0.1,downtrend,short,0.65,medium,True,短期MAが長期MAを下回り、RSIが許容範囲,取引許可,33.51165018402992,160.0069710648166,160.00843136715957,entry_candidate
2d977f98-32ba-4090-b620-067af9702c70,2026-06-03 00:25:00+09:00,USDJPY,rule_based_ai_stub,v0.1,downtrend,short,0.65,medium,True,短期MAが長期MAを下回り、RSIが許容範囲,取引許可,45.311250583236884,160.00681711592253,160.00825086022053,entry_candidate
a6b3ffcb-f0be-406e-9f41-e18b03b4ed1d,2026-06-03 00:30:00+09:00,USDJPY,rule_based_ai_stub,v0.1,downtrend,short,0.65,medium,True,短期MAが長期MAを下回り、RSIが許容範囲,取引許可,43.6966959184892,160.00678040168955,160.00812615911738,entry_candidate
9d4958ff-14f3-43f7-8827-597f514fd933,2026-06-03 00:35:00+09:00,USDJPY,rule_based_ai_stub,v0.1,downtrend,short,0.65,medium,True,短期MAが長期MAを下回り、RSIが許容範囲,取引許可,42.50904949733263,160.00672053665906,160.0079982332085,entry_candidate
b5420179-c8de-4a5b-92f0-f2b7d1a6e65c,2026-06-03 00:40:00+09:00,USDJPY,rule_based_ai_stub,v0.1,downtrend,short,0.65,medium,True,短期MAが長期MAを下回り、RSIが許容範囲,取引許可,48.29039445066374,160.00669511587918,160.00787351549155,entry_candidate
e8994dbc-cec5-4ef5-a73c-18151412a6af,2026-06-03 00:45:00+09:00,USDJPY,rule_based_ai_stub,v0.1,downtrend,short,0.65,medium,True,短期MAが長期MAを下回り、RSIが許容範囲,取引許可,48.74686908140189,160.006696306087,160.00775453018966,entry_candidate
20a44c6a-3f9b-4f1f-bbc7-8f8e1fa46e72,2026-06-03 00:50:00+09:00,USDJPY,rule_based_ai_stub,v0.1,downtrend,none,0.2,low,False,条件未達,取引許可,60.39700578048968,160.00682073200028,160.00772131693623,wait
6bb23ea6-67c1-4eb2-b052-afcb70680e97,2026-06-03 00:55:00+09:00,USDJPY,rule_based_ai_stub,v0.1,downtrend,none,0.2,low,False,条件未達,取引許可,64.23215163916547,160.0069632612736,160.00770824859868,wait
30bd9425-5f79-44d7-aa2a-440ca0a1f842,2026-06-03 01:00:00+09:00,USDJPY,rule_based_ai_stub,v0.1,downtrend,none,0.2,low,False,条件未達,取引許可,62.173435221323075,160.00712591972476,160.00771478945956,wait
547d9db4-c628-467c-982e-824df78e5e50,2026-06-03 01:05:00+09:00,USDJPY,rule_based_ai_stub,v0.1,downtrend,short,0.65,medium,True,短期MAが長期MAを下回り、RSIが許容範囲,取引許可,56.16775742009389,160.00726959206585,160.00769424343733,entry_candidate
bff74611-6d89-480c-a8d9-23b87eee868d,2026-06-03 01:10:00+09:00,USDJPY,rule_based_ai_stub,v0.1,downtrend,short,0.65,medium,True,短期MAが長期MAを下回り、RSIが許容範囲,取引許可,52.31154204900886,160.00734669467587,160.00764081333898,entry_candidate
d3bb857f-b1d2-43eb-9135-e7bb8e0427a4,2026-06-03 01:15:00+09:00,USDJPY,rule_based_ai_stub,v0.1,downtrend,short,0.65,medium,True,短期MAが長期MAを下回り、RSIが許容範囲,取引許可,54.90389866859115,160.00754906652585,160.00760643896433,entry_candidate
44b4fe27-ee76-45ec-854a-75f090719d12,2026-06-03 01:20:00+09:00,USDJPY,rule_based_ai_stub,v0.1,uptrend,long,0.65,medium,True,短期MAが長期MAを上回り、RSIが許容範囲,取引許可,53.23289568002363,160.00778938039173,160.00756802319253,entry_candidate
f53cf6cf-c903-4ed1-bf2b-c461493d8c64,2026-06-03 01:25:00+09:00,USDJPY,rule_based_ai_stub,v0.1,uptrend,long,0.65,medium,True,短期MAが長期MAを上回り、RSIが許容範囲,取引許可,56.36844486474686,160.00789023785873,160.00752355675093,entry_candidate
04340ba0-a94b-48f9-8ec4-9698ef7004d2,2026-06-03 01:30:00+09:00,USDJPY,rule_based_ai_stub,v0.1,uptrend,long,0.65,medium,True,短期MAが長期MAを上回り、RSIが許容範囲,取引許可,59.84944502555061,160.00787651829583,160.00746935874625,entry_candidate
c7fb2010-ee70-4602-a2e6-1ffa6604f7f0,2026-06-03 01:35:00+09:00,USDJPY,rule_based_ai_stub,v0.1,uptrend,long,0.65,medium,True,短期MAが長期MAを上回り、RSIが許容範囲,取引許可,51.17247822094414,160.00782117313474,160.0073812159028,entry_candidate
bdc1d9b1-cb86-4130-9dd1-1691dd5fa23c,2026-06-03 01:40:00+09:00,USDJPY,rule_based_ai_stub,v0.1,uptrend,long,0.65,medium,True,短期MAが長期MAを上回り、RSIが許容範囲,取引許可,51.3218159633046,160.00782135720726,160.0073376208541,entry_candidate
88e8d88f-03c0-496b-8139-333209a55574,2026-06-03 01:45:00+09:00,USDJPY,rule_based_ai_stub,v0.1,uptrend,long,0.65,medium,True,短期MAが長期MAを上回り、RSIが許容範囲,取引許可,55.17190340583915,160.00785006075992,160.00730031902603,entry_candidate
5ed20605-2787-4bd7-b1b7-a215a0cd66e8,2026-06-03 01:50:00+09:00,USDJPY,rule_based_ai_stub,v0.1,uptrend,long,0.65,medium,True,短期MAが長期MAを上回り、RSIが許容範囲,取引許可,53.28277571589963,160.00772442164006,160.0072717219476,entry_candidate
2888dcfa-b778-4ba7-8633-76b579b9048a,2026-06-03 01:55:00+09:00,USDJPY,rule_based_ai_stub,v0.1,uptrend,long,0.65,medium,True,短期MAが長期MAを上回り、RSIが許容範囲,取引許可,56.91313962522585,160.00761680098157,160.007281005152,entry_candidate
0d8854c6-a820-461c-a248-426f6a0d3fde,2026-06-03 02:00:00+09:00,USDJPY,rule_based_ai_stub,v0.1,uptrend,long,0.65,medium,True,短期MAが長期MAを上回り、RSIが許容範囲,取引許可,46.16982577312161,160.00751944461803,160.00729336166756,entry_candidate
2485e5a5-8ff6-49c9-92de-93fa299cf510,2026-06-03 02:05:00+09:00,USDJPY,rule_based_ai_stub,v0.1,uptrend,none,0.2,low,False,条件未達,取引許可,37.64279391603387,160.0074268010665,160.0073086174851,wait
afbf254e-26c0-4f82-a9bf-817b13e8d825,2026-06-03 02:10:00+09:00,USDJPY,rule_based_ai_stub,v0.1,uptrend,long,0.65,medium,True,短期MAが長期MAを上回り、RSIが許容範囲,取引許可,45.2486448813816,160.0074906360348,160.0073584861924,entry_candidate
e913b73b-7053-4a70-b8c6-86956bd162e4,2026-06-03 02:15:00+09:00,USDJPY,rule_based_ai_stub,v0.1,uptrend,long,0.65,medium,True,短期MAが長期MAを上回り、RSIが許容範囲,取引許可,50.94788791119049,160.0075712433235,160.00743730136526,entry_candidate
9a98e406-a070-47c2-a6e3-614accc04c61,2026-06-03 02:20:00+09:00,USDJPY,rule_based_ai_stub,v0.1,uptrend,long,0.65,medium,True,短期MAが長期MAを上回り、RSIが許容範囲,取引許可,53.320580822912284,160.00763780584177,160.00746608368337,entry_candidate
4f9fe740-ec4b-46e2-9f1c-a744e8fe8c8b,2026-06-03 02:25:00+09:00,USDJPY,rule_based_ai_stub,v0.1,uptrend,long,0.65,medium,True,短期MAが長期MAを上回り、RSIが許容範囲,取引許可,51.716092583674545,160.0077659641116,160.00749110596428,entry_candidate
edba9ae7-ede9-4486-bf97-735fe26777dd,2026-06-03 02:30:00+09:00,USDJPY,rule_based_ai_stub,v0.1,uptrend,long,0.65,medium,True,短期MAが長期MAを上回り、RSIが許容範囲,取引許可,51.21442191581696,160.00788267011296,160.00751319669945,entry_candidate
a2cb600e-bb84-4e4d-935b-5ef77d48f869,2026-06-03 02:35:00+09:00,USDJPY,rule_based_ai_stub,v0.1,uptrend,long,0.65,medium,True,短期MAが長期MAを上回り、RSIが許容範囲,取引許可,51.379295016629065,160.00798431352794,160.0075086744406,entry_candidate
c03087f5-e130-4373-86b1-bd769a177a70,2026-06-03 02:40:00+09:00,USDJPY,rule_based_ai_stub,v0.1,uptrend,long,0.65,medium,True,短期MAが長期MAを上回り、RSIが許容範囲,取引許可,57.60166683283195,160.0080479087386,160.00752146060833,entry_candidate
10f2daa2-513a-4de0-8391-322d7c180e69,2026-06-03 02:45:00+09:00,USDJPY,rule_based_ai_stub,v0.1,uptrend,long,0.65,medium,True,短期MAが長期MAを上回り、RSIが許容範囲,取引許可,68.24982932156664,160.0081628927934,160.00756975321346,entry_candidate
3cff97e7-7a6e-4c00-87d1-85903b185158,2026-06-03 02:50:00+09:00,USDJPY,rule_based_ai_stub,v0.1,uptrend,long,0.65,medium,True,短期MAが長期MAを上回り、RSIが許容範囲,取引許可,56.92750574071813,160.00820834710157,160.0075845002473,entry_candidate
68a860b3-8577-4ffe-bd63-7e4e1d085dd8,2026-06-03 02:55:00+09:00,USDJPY,rule_based_ai_stub,v0.1,uptrend,long,0.65,medium,True,短期MAが長期MAを上回り、RSIが許容範囲,取引許可,55.854255314450775,160.00820795266463,160.00759600497327,entry_candidate
c72132d4-4a90-4c3a-aa16-cf983e7479a0,2026-06-03 03:00:00+09:00,USDJPY,rule_based_ai_stub,v0.1,uptrend,long,0.65,medium,True,短期MAが長期MAを上回り、RSIが許容範囲,取引許可,53.18592597771491,160.0081711576839,160.00760550734222,entry_candidate
60b4a40c-358c-42da-9b5b-819276dfb840,2026-06-03 03:05:00+09:00,USDJPY,rule_based_ai_stub,v0.1,uptrend,long,0.65,medium,True,短期MAが長期MAを上回り、RSIが許容範囲,取引許可,45.51057290818259,160.008153070644,160.00761648792545,entry_candidate
bc31553f-3fad-429d-adeb-8ed74b047dfb,2026-06-03 03:10:00+09:00,USDJPY,rule_based_ai_stub,v0.1,uptrend,long,0.65,medium,True,短期MAが長期MAを上回り、RSIが許容範囲,取引許可,43.076562235155514,160.00802920770403,160.00762217947155,entry_candidate
0255e442-7501-462d-953a-d5b50e32995f,2026-06-03 03:15:00+09:00,USDJPY,rule_based_ai_stub,v0.1,uptrend,long,0.65,medium,True,短期MAが長期MAを上回り、RSIが許容範囲,取引許可,43.06750507699,160.0078351997234,160.00765183652425,entry_candidate
a5396d24-20ce-4b01-899b-883853d0f61d,2026-06-03 03:20:00+09:00,USDJPY,rule_based_ai_stub,v0.1,downtrend,short,0.65,medium,True,短期MAが長期MAを下回り、RSIが許容範囲,取引許可,35.70196573883092,160.00769548013184,160.0077075554551,entry_candidate
3f4853e9-07d5-4912-9af5-73ddad86f5ff,2026-06-03 03:25:00+09:00,USDJPY,rule_based_ai_stub,v0.1,downtrend,short,0.65,medium,True,短期MAが長期MAを下回り、RSIが許容範囲,取引許可,30.14347262834056,160.00752372996843,160.0077266439796,entry_candidate
a0bedbef-30da-4212-b4e8-379e8dbc6e58,2026-06-03 03:30:00+09:00,USDJPY,rule_based_ai_stub,v0.1,downtrend,short,0.65,medium,True,短期MAが長期MAを下回り、RSIが許容範囲,取引許可,34.796027229229836,160.00740928355893,160.00772282398924,entry_candidate
6cdca7bd-50e3-42fc-82be-d6876161db71,2026-06-03 03:35:00+09:00,USDJPY,rule_based_ai_stub,v0.1,downtrend,short,0.65,medium,True,短期MAが長期MAを下回り、RSIが許容範囲,取引許可,35.24811403633892,160.00736146523056,160.00772231729778,entry_candidate
70bf6bcc-8fda-4aa2-a14c-dfc796bc6ca1,2026-06-03 03:40:00+09:00,USDJPY,rule_based_ai_stub,v0.1,downtrend,short,0.65,medium,True,短期MAが長期MAを下回り、RSIが許容範囲,取引許可,37.459847591507156,160.00725539062242,160.0077082188561,entry_candidate
a59671b0-3a00-4591-bfa7-5ba313ee476d,2026-06-03 03:45:00+09:00,USDJPY,rule_based_ai_stub,v0.1,downtrend,short,0.65,medium,True,短期MAが長期MAを下回り、RSIが許容範囲,取引許可,39.300580402732116,160.00700846699917,160.00767380685082,entry_candidate
c6b70d2f-5f6a-4b68-8076-84f0cb1946eb,2026-06-03 03:50:00+09:00,USDJPY,rule_based_ai_stub,v0.1,downtrend,short,0.65,medium,True,短期MAが長期MAを下回り、RSIが許容範囲,取引許可,30.769379588419895,160.00680263318807,160.00757846730988,entry_candidate
26f05b89-11bf-46f8-ba35-b05cf48cd59e,2026-06-03 03:55:00+09:00,USDJPY,rule_based_ai_stub,v0.1,downtrend,none,0.2,low,False,条件未達,取引許可,20.94780520381292,160.00660642047646,160.00747705804088,wait
6e6fb65c-531c-4640-83a0-7ae820bab41c,2026-06-03 04:00:00+09:00,USDJPY,rule_based_ai_stub,v0.1,downtrend,short,0.65,medium,True,短期MAが長期MAを下回り、RSIが許容範囲,取引許可,30.557417374900098,160.00646778575268,160.00738612935154,entry_candidate
22e2ec9b-4811-4fee-8008-6c5268cdbf9a,2026-06-03 04:05:00+09:00,USDJPY,rule_based_ai_stub,v0.1,downtrend,none,0.2,low,False,条件未達,取引許可,21.459332481581185,160.00630462953583,160.00729483374877,wait
ef849f9a-e4e5-4669-ae05-871077e985b8,2026-06-03 04:10:00+09:00,USDJPY,rule_based_ai_stub,v0.1,downtrend,none,0.2,low,False,条件未達,取引許可,24.64365590005667,160.00617605963046,160.00723196778978,wait
5da6c409-9286-44c1-bb0d-952d8dfbd341,2026-06-03 04:15:00+09:00,USDJPY,rule_based_ai_stub,v0.1,downtrend,short,0.65,medium,True,短期MAが長期MAを下回り、RSIが許容範囲,取引許可,33.992432857920946,160.00612825861975,160.00717823388888,entry_candidate
07b6ac00-1f94-43c1-b1ea-fcea39c23142,2026-06-03 04:20:00+09:00,USDJPY,rule_based_ai_stub,v0.1,downtrend,none,0.2,low,False,条件未達,取引許可,29.689444470568517,160.0059945612636,160.00710928241242,wait
70194b49-2596-445d-98dc-e502e6babe9b,2026-06-03 04:25:00+09:00,USDJPY,rule_based_ai_stub,v0.1,downtrend,short,0.65,medium,True,短期MAが長期MAを下回り、RSIが許容範囲,取引許可,37.53933681461048,160.00592957942288,160.00707309116763,entry_candidate
1a802237-3122-430e-9db7-0c43c0d3d06c,2026-06-03 04:30:00+09:00,USDJPY,rule_based_ai_stub,v0.1,downtrend,short,0.65,medium,True,短期MAが長期MAを下回り、RSIが許容範囲,取引許可,34.321670605907144,160.00581794355293,160.0070366324083,entry_candidate
d819e63a-a9ab-42e8-9fb9-6d9a16e19890,2026-06-03 04:35:00+09:00,USDJPY,rule_based_ai_stub,v0.1,downtrend,short,0.65,medium,True,短期MAが長期MAを下回り、RSIが許容範囲,取引許可,42.0793001627013,160.00573734952187,160.00702770942678,entry_candidate
e40e9204-f1bd-4211-82e3-b6c93701cd87,2026-06-03 04:40:00+09:00,USDJPY,rule_based_ai_stub,v0.1,downtrend,short,0.65,medium,True,短期MAが長期MAを下回り、RSIが許容範囲,取引許可,36.76090437105674,160.0056305399353,160.00697794643213,entry_candidate
e135810e-5892-4bfb-ad6f-8671ade10d29,2026-06-03 04:45:00+09:00,USDJPY,rule_based_ai_stub,v0.1,downtrend,short,0.65,medium,True,短期MAが長期MAを下回り、RSIが許容範囲,取引許可,30.782192621973465,160.00547886442686,160.00688340807312,entry_candidate
33a7678d-5df7-4c22-a7a5-d2069a8d3686,2026-06-03 04:50:00+09:00,USDJPY,rule_based_ai_stub,v0.1,downtrend,none,0.2,low,False,条件未達,取引許可,27.272043963131054,160.00527465036302,160.0067618768842,wait
6675ca13-5156-4395-9994-12fe20f9806a,2026-06-03 04:55:00+09:00,USDJPY,rule_based_ai_stub,v0.1,downtrend,none,0.2,low,False,条件未達,取引許可,29.827373975601958,160.0050350709852,160.00661648137543,wait
700af16e-f436-42ab-aff0-6a6387210816,2026-06-03 05:00:00+09:00,USDJPY,rule_based_ai_stub,v0.1,downtrend,short,0.65,medium,True,短期MAが長期MAを下回り、RSIが許容範囲,取引許可,33.089334311267166,160.0047834318731,160.0064741251032,entry_candidate
af274665-ffa8-4b8a-b232-ddc51254658b,2026-06-03 05:05:00+09:00,USDJPY,rule_based_ai_stub,v0.1,downtrend,none,0.2,low,False,条件未達,取引許可,25.843448224165556,160.00453545469202,160.00633105162396,wait
fcffb55d-94dc-4bf0-a803-e061d392169e,2026-06-03 05:10:00+09:00,USDJPY,rule_based_ai_stub,v0.1,downtrend,none,0.2,low,False,条件未達,取引許可,26.745296777556135,160.00431444051858,160.00617323595102,wait
c06cef83-c0a8-48c4-91e4-5302983ab88d,2026-06-03 05:15:00+09:00,USDJPY,rule_based_ai_stub,v0.1,downtrend,none,0.2,low,False,条件未達,取引許可,25.22148091194093,160.00397278098586,160.00597874644302,wait
ccc672a4-4eaa-4e1a-a3ee-e3083521bd56,2026-06-03 05:20:00+09:00,USDJPY,rule_based_ai_stub,v0.1,downtrend,none,0.2,low,False,条件未達,取引許可,24.3904816661135,160.00371128772727,160.0058004430409,wait
3f5348a4-d91f-4f4c-8337-816fb3e51209,2026-06-03 05:25:00+09:00,USDJPY,rule_based_ai_stub,v0.1,downtrend,none,0.2,low,False,条件未達,取引許可,17.33770286961007,160.00336207564905,160.0056051283468,wait
60e35431-0a14-4413-b828-708b60a4e21a,2026-06-03 05:30:00+09:00,USDJPY,rule_based_ai_stub,v0.1,downtrend,none,0.2,low,False,条件未達,取引許可,18.892534292405443,160.00301340295343,160.00541354335508,wait
2c770c7a-15fd-41d1-801a-40523ede2577,2026-06-03 05:35:00+09:00,USDJPY,rule_based_ai_stub,v0.1,downtrend,none,0.2,low,False,条件未達,取引許可,15.185327750198056,160.00263857025791,160.00524579500345,wait
e0aa9931-891e-4c8d-81b8-6487a43ead54,2026-06-03 05:40:00+09:00,USDJPY,rule_based_ai_stub,v0.1,downtrend,none,0.2,low,False,条件未達,取引許可,14.91348326607573,160.00225887985195,160.00504827013657,wait
0c102b04-b252-4540-b784-4b8658d3f445,2026-06-03 05:45:00+09:00,USDJPY,rule_based_ai_stub,v0.1,downtrend,none,0.2,low,False,条件未達,取引許可,9.792628161719136,160.00195020577382,160.00481251239995,wait
3c51211d-c087-444f-91ae-7972a1050d2a,2026-06-03 05:50:00+09:00,USDJPY,rule_based_ai_stub,v0.1,downtrend,none,0.2,low,False,条件未達,取引許可,18.760149535780428,160.00177322345806,160.0046168356697,wait
d6d8b92e-c612-4c0f-a9f4-3c705d4098e6,2026-06-03 05:55:00+09:00,USDJPY,rule_based_ai_stub,v0.1,downtrend,none,0.2,low,False,条件未達,取引許可,21.092425390986605,160.0015649923015,160.0044021612544,wait
19949169-cf3a-427b-a35b-4f32b340ba64,2026-06-03 06:00:00+09:00,USDJPY,rule_based_ai_stub,v0.1,downtrend,short,0.65,medium,True,短期MAが長期MAを下回り、RSIが許容範囲,取引許可,32.19385709688689,160.00138555962542,160.00421225908374,entry_candidate
ae281aab-a62e-4c21-9458-7a2091e6bbe6,2026-06-03 06:05:00+09:00,USDJPY,rule_based_ai_stub,v0.1,downtrend,none,0.2,low,False,条件未達,取引許可,28.237709088846003,160.0011948574379,160.00401164722192,wait
446889e3-49cc-4f4f-b6c0-22139902ad61,2026-06-03 06:10:00+09:00,USDJPY,rule_based_ai_stub,v0.1,downtrend,short,0.65,medium,True,短期MAが長期MAを下回り、RSIが許容範囲,取引許可,30.094645393833247,160.00099871583632,160.00382973866178,entry_candidate
3c58c205-a487-446f-ac7d-d68009ec7380,2026-06-03 06:15:00+09:00,USDJPY,rule_based_ai_stub,v0.1,downtrend,short,0.65,medium,True,短期MAが長期MAを下回り、RSIが許容範囲,取引許可,41.78174139831613,160.00095772866885,160.0036862560915,entry_candidate
8d83e207-3caf-45c9-b71a-9ec82aaceda6,2026-06-03 06:20:00+09:00,USDJPY,rule_based_ai_stub,v0.1,downtrend,short,0.65,medium,True,短期MAが長期MAを下回り、RSIが許容範囲,取引許可,30.79454614966683,160.00079646326637,160.0035007707524,entry_candidate
f917effb-f954-4b63-ae61-cee7e1ae1210,2026-06-03 06:25:00+09:00,USDJPY,rule_based_ai_stub,v0.1,downtrend,short,0.65,medium,True,短期MAが長期MAを下回り、RSIが許容範囲,取引許可,33.023922389514226,160.00065590391105,160.00331585299432,entry_candidate
17de433f-2642-4dd7-a8e1-4caa185d7055,2026-06-03 06:30:00+09:00,USDJPY,rule_based_ai_stub,v0.1,downtrend,short,0.65,medium,True,短期MAが長期MAを下回り、RSIが許容範囲,取引許可,36.33909840935913,160.0005767899675,160.00313604549126,entry_candidate
05907f2c-f705-45a7-a603-7450c63889eb,2026-06-03 06:35:00+09:00,USDJPY,rule_based_ai_stub,v0.1,downtrend,short,0.65,medium,True,短期MAが長期MAを下回り、RSIが許容範囲,取引許可,39.529899526942465,160.0004851538211,160.00295369120028,entry_candidate
2dc898bf-0d33-402b-b5eb-101e22f390d3,2026-06-03 06:40:00+09:00,USDJPY,rule_based_ai_stub,v0.1,downtrend,short,0.65,medium,True,短期MAが長期MAを下回り、RSIが許容範囲,取引許可,43.853145402627106,160.00045509563662,160.00278150514131,entry_candidate
d05adc0b-7bf7-4b10-bb61-e92fbfe6f266,2026-06-03 06:45:00+09:00,USDJPY,rule_based_ai_stub,v0.1,downtrend,short,0.65,medium,True,短期MAが長期MAを下回り、RSIが許容範囲,取引許可,41.356175436364516,160.00041406597,160.00261437872356,entry_candidate
40359864-6e10-48da-8e0e-43c5e776b59f,2026-06-03 06:50:00+09:00,USDJPY,rule_based_ai_stub,v0.1,downtrend,short,0.65,medium,True,短期MAが長期MAを下回り、RSIが許容範囲,取引許可,45.07382395448987,160.0003270511523,160.00245830832446,entry_candidate
c0140ce8-9c85-4867-9d53-582226bdfb36,2026-06-03 06:55:00+09:00,USDJPY,rule_based_ai_stub,v0.1,downtrend,short,0.65,medium,True,短期MAが長期MAを下回り、RSIが許容範囲,取引許可,46.030286898657636,160.00026109706633,160.00228705345103,entry_candidate
44c19cec-e82f-4cc1-86fa-3600da0f7b74,2026-06-03 07:00:00+09:00,USDJPY,rule_based_ai_stub,v0.1,downtrend,short,0.65,medium,True,短期MAが長期MAを下回り、RSIが許容範囲,取引許可,46.82640727219972,160.00021174747783,160.00212691299214,entry_candidate
c13d0fed-28ab-4a10-9563-2ed0abbe844b,2026-06-03 07:05:00+09:00,USDJPY,rule_based_ai_stub,v0.1,downtrend,short,0.65,medium,True,短期MAが長期MAを下回り、RSIが許容範囲,取引許可,50.64012885462066,160.0002316042742,160.00198730546805,entry_candidate
547dfa5d-44aa-4485-bed7-170c30a2c417,2026-06-03 07:10:00+09:00,USDJPY,rule_based_ai_stub,v0.1,downtrend,short,0.65,medium,True,短期MAが長期MAを下回り、RSIが許容範囲,取引許可,48.22034851241063,160.0002418509948,160.00185166911655,entry_candidate
748e9aeb-487f-4589-95b9-c90402604e40,2026-06-03 07:15:00+09:00,USDJPY,rule_based_ai_stub,v0.1,downtrend,short,0.65,medium,True,短期MAが長期MAを下回り、RSIが許容範囲,取引許可,51.88613751091105,160.00015942543607,160.00169664503028,entry_candidate
6a859ef7-d349-4712-937c-ba831659a8af,2026-06-03 07:20:00+09:00,USDJPY,rule_based_ai_stub,v0.1,downtrend,short,0.65,medium,True,短期MAが長期MAを下回り、RSIが許容範囲,取引許可,46.47047290842327,160.0001762017911,160.0015613175949,entry_candidate
f09e6f32-e163-404a-af64-c70c05646c71,2026-06-03 07:25:00+09:00,USDJPY,rule_based_ai_stub,v0.1,downtrend,short,0.65,medium,True,短期MAが長期MAを下回り、RSIが許容範囲,取引許可,34.77193074814433,160.0002111949996,160.00140972485323,entry_candidate
8fba27b4-eef5-467b-84ab-66641ff065b9,2026-06-03 07:30:00+09:00,USDJPY,rule_based_ai_stub,v0.1,downtrend,short,0.65,medium,True,短期MAが長期MAを下回り、RSIが許容範囲,取引許可,52.63309715165334,160.00023705720878,160.00127575004322,entry_candidate
69ab75cf-c19a-4716-83fc-e68cb206c0f3,2026-06-03 07:35:00+09:00,USDJPY,rule_based_ai_stub,v0.1,downtrend,short,0.65,medium,True,短期MAが長期MAを下回り、RSIが許容範囲,取引許可,55.983820483314,160.00025202246323,160.00112524884742,entry_candidate
707cd675-619e-472b-843a-deddd94dcd0c,2026-06-03 07:40:00+09:00,USDJPY,rule_based_ai_stub,v0.1,downtrend,short,0.65,medium,True,短期MAが長期MAを下回り、RSIが許容範囲,取引許可,53.732690272292324,160.0002629191669,160.00099229821848,entry_candidate
d6f90aed-990d-4c0c-919b-537d464c5f12,2026-06-03 07:45:00+09:00,USDJPY,rule_based_ai_stub,v0.1,downtrend,none,0.2,low,False,条件未達,取引許可,67.92998614070012,160.0004077851698,160.0009240189712,wait
84a76b81-cc54-4841-b84d-d551794826ad,2026-06-03 07:50:00+09:00,USDJPY,rule_based_ai_stub,v0.1,downtrend,none,0.2,low,False,条件未達,取引許可,69.92848911020474,160.00059187791848,160.00089738417628,wait
452ac2ff-e82d-4d48-975c-538a8042dda5,2026-06-03 07:55:00+09:00,USDJPY,rule_based_ai_stub,v0.1,downtrend,none,0.2,low,False,条件未達,取引許可,72.4380975019281,160.00076745335238,160.00086451424008,wait
71779c46-219e-482d-b0c1-e4bbbe1b4604,2026-06-03 08:00:00+09:00,USDJPY,rule_based_ai_stub,v0.1,uptrend,none,0.2,low,False,条件未達,取引許可,75.90556301315124,160.00094470037928,160.0008473358275,wait
e7836005-6a58-4438-936e-1303f186ea67,2026-06-03 08:05:00+09:00,USDJPY,rule_based_ai_stub,v0.1,uptrend,none,0.2,low,False,条件未達,取引許可,73.80306751488754,160.00108882259534,160.0008384281025,wait
0bd3a30f-8ab7-4cc5-a904-39380e46bd81,2026-06-03 08:10:00+09:00,USDJPY,rule_based_ai_stub,v0.1,uptrend,long,0.65,medium,True,短期MAが長期MAを上回り、RSIが許容範囲,取引許可,55.68924888151484,160.00111415845157,160.00078490842756,entry_candidate
726498b9-ed8c-4e22-8436-9e79c5166272,2026-06-03 08:15:00+09:00,USDJPY,rule_based_ai_stub,v0.1,uptrend,long,0.65,medium,True,短期MAが長期MAを上回り、RSIが許容範囲,取引許可,49.38876086600854,160.00110968384053,160.00074227931518,entry_candidate
859ae9be-65fe-463c-811a-e7ed23b0764c,2026-06-03 08:20:00+09:00,USDJPY,rule_based_ai_stub,v0.1,uptrend,long,0.65,medium,True,短期MAが長期MAを上回り、RSIが許容範囲,取引許可,40.39055939543002,160.00103604994467,160.00066957166737,entry_candidate
49d74a3d-cd99-45da-ac04-a1297e2b53b1,2026-06-03 08:25:00+09:00,USDJPY,rule_based_ai_stub,v0.1,uptrend,long,0.65,medium,True,短期MAが長期MAを上回り、RSIが許容範囲,取引許可,40.59190566367996,160.00096646828396,160.0006111890649,entry_candidate
0a3b91be-5851-4a15-bc61-9251ef2fd28c,2026-06-03 08:30:00+09:00,USDJPY,rule_based_ai_stub,v0.1,uptrend,long,0.65,medium,True,短期MAが長期MAを上回り、RSIが許容範囲,取引許可,42.408087423660355,160.00087808493512,160.00056397737046,entry_candidate
6897b0d7-36de-4f75-8183-b7fdba8c3dbd,2026-06-03 08:35:00+09:00,USDJPY,rule_based_ai_stub,v0.1,uptrend,long,0.65,medium,True,短期MAが長期MAを上回り、RSIが許容範囲,取引許可,51.299400967767745,160.00089457267595,160.00054391632008,entry_candidate
2487fdf9-c110-400a-bf45-93f04eb724d5,2026-06-03 08:40:00+09:00,USDJPY,rule_based_ai_stub,v0.1,uptrend,long,0.65,medium,True,短期MAが長期MAを上回り、RSIが許容範囲,取引許可,51.044140316239336,160.00091291804262,160.00054364428203,entry_candidate
e767750b-9780-4cd1-b19b-99ff4752a9d1,2026-06-03 08:45:00+09:00,USDJPY,rule_based_ai_stub,v0.1,uptrend,long,0.65,medium,True,短期MAが長期MAを上回り、RSIが許容範囲,取引許可,51.8567719840698,160.0008165383429,160.00054612982757,entry_candidate
0318afcf-ba93-4c7e-971e-1402efa94581,2026-06-03 08:50:00+09:00,USDJPY,rule_based_ai_stub,v0.1,uptrend,long,0.65,medium,True,短期MAが長期MAを上回り、RSIが許容範囲,取引許可,53.82184762522328,160.00071807268708,160.00054566725262,entry_candidate
ee25d58f-8351-4a8f-bddd-6600c394dc2c,2026-06-03 08:55:00+09:00,USDJPY,rule_based_ai_stub,v0.1,uptrend,none,0.2,low,False,条件未達,取引許可,37.70554927459916,160.0005253514424,160.000517967287,wait
dc0d5d94-a24f-472c-9c83-b1c9788c5c7b,2026-06-03 09:00:00+09:00,USDJPY,rule_based_ai_stub,v0.1,downtrend,short,0.65,medium,True,短期MAが長期MAを下回り、RSIが許容範囲,取引許可,34.585261835228124,160.00028435022952,160.00048026602886,entry_candidate
b67afc22-2f43-4a8a-acc1-0cce3777bf3a,2026-06-03 09:05:00+09:00,USDJPY,rule_based_ai_stub,v0.1,downtrend,short,0.65,medium,True,短期MAが長期MAを下回り、RSIが許容範囲,取引許可,39.31082389575039,160.000102296045,160.00047424097153,entry_candidate
93aec916-7d21-4eb5-a5e5-ea6703f3446d,2026-06-03 09:10:00+09:00,USDJPY,rule_based_ai_stub,v0.1,downtrend,none,0.2,low,False,条件未達,取引許可,29.513367218537624,159.99994821877493,160.00043474274042,wait
d1b5d20b-2326-4d91-86b5-f6eb52b9229e,2026-06-03 09:15:00+09:00,USDJPY,rule_based_ai_stub,v0.1,downtrend,short,0.65,medium,True,短期MAが長期MAを下回り、RSIが許容範囲,取引許可,36.09687185638532,159.9999017335226,160.00039028093306,entry_candidate
611dd90f-c87a-40ca-8171-cba1fbe733b7,2026-06-03 09:20:00+09:00,USDJPY,rule_based_ai_stub,v0.1,downtrend,short,0.65,medium,True,短期MAが長期MAを下回り、RSIが許容範囲,取引許可,43.74239410758215,159.99996571268665,160.00039265480748,entry_candidate
2dabb325-c6fe-449e-8387-8d821d9df978,2026-06-03 09:25:00+09:00,USDJPY,rule_based_ai_stub,v0.1,downtrend,short,0.65,medium,True,短期MAが長期MAを下回り、RSIが許容範囲,取引許可,45.91782567264518,160.00002650312925,160.00040138880428,entry_candidate
5a3e8cd9-5a5a-4f7f-a88c-1673e9df867c,2026-06-03 09:30:00+09:00,USDJPY,rule_based_ai_stub,v0.1,downtrend,short,0.65,medium,True,短期MAが長期MAを下回り、RSIが許容範囲,取引許可,57.14144597280304,160.00011801174614,160.0004110512967,entry_candidate
93770ab3-2897-4dbd-b9d7-0792941bb3db,2026-06-03 09:35:00+09:00,USDJPY,rule_based_ai_stub,v0.1,downtrend,none,0.2,low,False,条件未達,取引許可,66.3908258865583,160.00023923314038,160.00046194275987,wait
8621b4a9-384a-4c83-8dad-20e3021b1dde,2026-06-03 09:40:00+09:00,USDJPY,rule_based_ai_stub,v0.1,downtrend,none,0.2,low,False,条件未達,取引許可,66.81895844878113,160.00035320147862,160.0005096795627,wait
9c173979-eb86-4378-b1df-52eeab679d97,2026-06-03 09:45:00+09:00,USDJPY,rule_based_ai_stub,v0.1,downtrend,none,0.2,low,False,条件未達,取引許可,62.662962567942735,160.00049053587264,160.0005716197951,wait
26ff378b-4dc2-4a59-8d81-07b397d5434e,2026-06-03 09:50:00+09:00,USDJPY,rule_based_ai_stub,v0.1,downtrend,short,0.65,medium,True,短期MAが長期MAを下回り、RSIが許容範囲,取引許可,59.13575877814222,160.00056343194265,160.0006244608494,entry_candidate
93b9a5be-e39c-481f-9d69-ad047b0cb068,2026-06-03 09:55:00+09:00,USDJPY,rule_based_ai_stub,v0.1,uptrend,long,0.65,medium,True,短期MAが長期MAを上回り、RSIが許容範囲,取引許可,56.06143168200942,160.00070439255958,160.00066573245147,entry_candidate
1a867708-dec2-4b22-b2a5-84c9ae5b9a6e,2026-06-03 10:00:00+09:00,USDJPY,rule_based_ai_stub,v0.1,uptrend,long,0.65,medium,True,短期MAが長期MAを上回り、RSIが許容範囲,取引許可,56.06480030417896,160.00087508923949,160.00070137994942,entry_candidate
92d25f58-26bb-4f4b-bce8-fbc15767df67,2026-06-03 10:05:00+09:00,USDJPY,rule_based_ai_stub,v0.1,uptrend,long,0.65,medium,True,短期MAが長期MAを上回り、RSIが許容範囲,取引許可,63.11318276178783,160.0009644384684,160.00071851903624,entry_candidate
c414a07b-73aa-41e5-8425-7a28e8df10c8,2026-06-03 10:10:00+09:00,USDJPY,rule_based_ai_stub,v0.1,uptrend,long,0.65,medium,True,短期MAが長期MAを上回り、RSIが許容範囲,取引許可,62.54308787243362,160.00113129532141,160.00073122418266,entry_candidate
869b6e49-5717-40a6-9e68-75eaa21387af,2026-06-03 10:15:00+09:00,USDJPY,rule_based_ai_stub,v0.1,uptrend,long,0.65,medium,True,短期MAが長期MAを上回り、RSIが許容範囲,取引許可,56.87327387649072,160.00121708159998,160.0007428329877,entry_candidate
40c711a0-45e4-4a2c-9be2-6f2df733505f,2026-06-03 10:20:00+09:00,USDJPY,rule_based_ai_stub,v0.1,uptrend,long,0.65,medium,True,短期MAが長期MAを上回り、RSIが許容範囲,取引許可,68.08592181296723,160.00130989204945,160.00077055156027,entry_candidate
9708eeb2-732c-409c-b47d-d9bf9b8c0c3e,2026-06-03 10:25:00+09:00,USDJPY,rule_based_ai_stub,v0.1,uptrend,long,0.65,medium,True,短期MAが長期MAを上回り、RSIが許容範囲,取引許可,65.04846330496153,160.00144014999987,160.00081104047104,entry_candidate
76ec4296-3558-4ff5-ab7d-4e50be68f87a,2026-06-03 10:30:00+09:00,USDJPY,rule_based_ai_stub,v0.1,uptrend,long,0.65,medium,True,短期MAが長期MAを上回り、RSIが許容範囲,取引許可,67.70114471953913,160.00159064585418,160.00086224751183,entry_candidate
54158250-693e-456b-8185-907e1c52ecf3,2026-06-03 10:35:00+09:00,USDJPY,rule_based_ai_stub,v0.1,uptrend,long,0.65,medium,True,短期MAが長期MAを上回り、RSIが許容範囲,取引許可,67.01194135892364,160.00160210624568,160.00091197068733,entry_candidate
48ca0ac8-fcf1-4077-b988-29c57d23cd57,2026-06-03 10:40:00+09:00,USDJPY,rule_based_ai_stub,v0.1,uptrend,long,0.65,medium,True,短期MAが長期MAを上回り、RSIが許容範囲,取引許可,62.70260542842104,160.00159097957766,160.00095236636628,entry_candidate
43ac9460-712d-434e-95e8-effb07029975,2026-06-03 10:45:00+09:00,USDJPY,rule_based_ai_stub,v0.1,uptrend,long,0.65,medium,True,短期MAが長期MAを上回り、RSIが許容範囲,取引許可,43.49863471120531,160.00151850369454,160.00094185930337,entry_candidate
1cb65ac0-b09a-4b78-b4c2-55ebcdfe452a,2026-06-03 10:50:00+09:00,USDJPY,rule_based_ai_stub,v0.1,uptrend,none,0.2,low,False,条件未達,取引許可,39.68203860111434,160.00144678119338,160.0009094286077,wait
5168fe52-ad1a-4603-9222-30b0bd1cd485,2026-06-03 10:55:00+09:00,USDJPY,rule_based_ai_stub,v0.1,uptrend,long,0.65,medium,True,短期MAが長期MAを上回り、RSIが許容範囲,取引許可,40.662382321806795,160.00143641593533,160.00088871997912,entry_candidate
f908f087-d202-46c4-9fda-44493ab8c1d9,2026-06-03 11:00:00+09:00,USDJPY,rule_based_ai_stub,v0.1,uptrend,long,0.65,medium,True,短期MAが長期MAを上回り、RSIが許容範囲,取引許可,48.38734086855418,160.00142238331733,160.00086060759543,entry_candidate
2d1d9d58-7523-4959-91bc-7d48c3e1df8d,2026-06-03 11:05:00+09:00,USDJPY,rule_based_ai_stub,v0.1,uptrend,long,0.65,medium,True,短期MAが長期MAを上回り、RSIが許容範囲,取引許可,47.96800916040639,160.00140504662437,160.0008239270459,entry_candidate
26455fb4-c174-458a-ab89-fa2bfa4b0695,2026-06-03 11:10:00+09:00,USDJPY,rule_based_ai_stub,v0.1,uptrend,long,0.65,medium,True,短期MAが長期MAを上回り、RSIが許容範囲,取引許可,48.2117091002543,160.0014276119156,160.00083570867065,entry_candidate
a6727ce5-db7b-408b-9abf-99c0f1041850,2026-06-03 11:15:00+09:00,USDJPY,rule_based_ai_stub,v0.1,uptrend,long,0.65,medium,True,短期MAが長期MAを上回り、RSIが許容範囲,取引許可,60.719752284048894,160.00154184197206,160.0008868856982,entry_candidate
e93e9128-d801-4c10-9fb3-ec0a889dee80,2026-06-03 11:20:00+09:00,USDJPY,rule_based_ai_stub,v0.1,uptrend,long,0.65,medium,True,短期MAが長期MAを上回り、RSIが許容範囲,取引許可,62.170051170829204,160.00165279478242,160.00097613317286,entry_candidate
94740543-8111-47f1-bf1f-07818dda4c7f,2026-06-03 11:25:00+09:00,USDJPY,rule_based_ai_stub,v0.1,uptrend,none,0.2,low,False,条件未達,取引許可,71.55014669005313,160.00184090427817,160.00110251913574,wait
f90ae102-5e7a-4081-b5a8-44a459bb2981,2026-06-03 11:30:00+09:00,USDJPY,rule_based_ai_stub,v0.1,uptrend,long,0.65,medium,True,短期MAが長期MAを上回り、RSIが許容範囲,取引許可,65.31696488810488,160.00193844731672,160.001215701639,entry_candidate
8ea16a26-efc0-4e0a-ad57-f0389b879b24,2026-06-03 11:35:00+09:00,USDJPY,rule_based_ai_stub,v0.1,uptrend,long,0.65,medium,True,短期MAが長期MAを上回り、RSIが許容範囲,取引許可,57.510355047652375,160.00199925844004,160.00128019927536,entry_candidate
4e1abcb3-36b2-4463-afc6-e5b2c3d2f045,2026-06-03 11:40:00+09:00,USDJPY,rule_based_ai_stub,v0.1,uptrend,long,0.65,medium,True,短期MAが長期MAを上回り、RSIが許容範囲,取引許可,45.85610876690225,160.0019846272977,160.00130960278466,entry_candidate
9463c1e8-fa28-4b5d-857d-9148828f3ed0,2026-06-03 11:45:00+09:00,USDJPY,rule_based_ai_stub,v0.1,uptrend,long,0.65,medium,True,短期MAが長期MAを上回り、RSIが許容範囲,取引許可,53.56569892437761,160.0020937365567,160.00136759204128,entry_candidate
7f7cb6ad-3567-4b1b-89b6-44fd48670e09,2026-06-03 11:50:00+09:00,USDJPY,rule_based_ai_stub,v0.1,uptrend,long,0.65,medium,True,短期MAが長期MAを上回り、RSIが許容範囲,取引許可,56.765651418082854,160.00225777876153,160.00142266396585,entry_candidate
f8ef4416-5b03-4c9b-9a91-d7182677de40,2026-06-03 11:55:00+09:00,USDJPY,rule_based_ai_stub,v0.1,uptrend,long,0.65,medium,True,短期MAが長期MAを上回り、RSIが許容範囲,取引許可,60.78051442709085,160.0024001767082,160.00151366173438,entry_candidate
ae071ad2-a5e7-4d2f-9c26-808b79a1f036,2026-06-03 12:00:00+09:00,USDJPY,rule_based_ai_stub,v0.1,uptrend,long,0.65,medium,True,短期MAが長期MAを上回り、RSIが許容範囲,取引許可,63.69229700372399,160.0025187236553,160.00160539873735,entry_candidate
37e1360b-875a-4db1-8225-c2a241a2b269,2026-06-03 12:05:00+09:00,USDJPY,rule_based_ai_stub,v0.1,uptrend,long,0.65,medium,True,短期MAが長期MAを上回り、RSIが許容範囲,取引許可,57.46437929808917,160.0026271044163,160.00166552983634,entry_candidate
05470f1e-38c7-4f64-bf11-9c387a4526f0,2026-06-03 12:10:00+09:00,USDJPY,rule_based_ai_stub,v0.1,uptrend,long,0.65,medium,True,短期MAが長期MAを上回り、RSIが許容範囲,取引許可,62.1515568996716,160.00281429248022,160.00179106657242,entry_candidate
a509e3e4-095d-40c7-ac53-113de88e3cc8,2026-06-03 12:15:00+09:00,USDJPY,rule_based_ai_stub,v0.1,uptrend,long,0.65,medium,True,短期MAが長期MAを上回り、RSIが許容範囲,取引許可,66.39437726880577,160.00294015971033,160.00189969442746,entry_candidate
334f08c8-d494-48e6-b174-c30cfee2d027,2026-06-03 12:20:00+09:00,USDJPY,rule_based_ai_stub,v0.1,uptrend,long,0.65,medium,True,短期MAが長期MAを上回り、RSIが許容範囲,取引許可,64.54385885967824,160.003050824935,160.00200450392228,entry_candidate
6933d81c-02d5-43d2-86bc-a4526d42943a,2026-06-03 12:25:00+09:00,USDJPY,rule_based_ai_stub,v0.1,uptrend,long,0.65,medium,True,短期MAが長期MAを上回り、RSIが許容範囲,取引許可,62.84885283931416,160.0031039387002,160.00212833099275,entry_candidate
e6d067d7-e2f2-4848-aa82-91467674aeb4,2026-06-03 12:30:00+09:00,USDJPY,rule_based_ai_stub,v0.1,uptrend,long,0.65,medium,True,短期MAが長期MAを上回り、RSIが許容範囲,取引許可,63.038418768215905,160.003219792387,160.00224962851928,entry_candidate
69dd56c8-eb42-4be9-b7d5-14f1733e433e,2026-06-03 12:35:00+09:00,USDJPY,rule_based_ai_stub,v0.1,uptrend,long,0.65,medium,True,短期MAが長期MAを上回り、RSIが許容範囲,取引許可,57.76727172933527,160.00340907301015,160.0023368125653,entry_candidate
7eea384e-7d94-4414-b247-f8fa7d1a082a,2026-06-03 12:40:00+09:00,USDJPY,rule_based_ai_stub,v0.1,uptrend,long,0.65,medium,True,短期MAが長期MAを上回り、RSIが許容範囲,取引許可,57.684230284349496,160.00364776592298,160.00240779093278,entry_candidate
f894be6b-3fb1-49c4-bec4-604ee711ec89,2026-06-03 12:45:00+09:00,USDJPY,rule_based_ai_stub,v0.1,uptrend,long,0.65,medium,True,短期MAが長期MAを上回り、RSIが許容範囲,取引許可,66.1033108265183,160.0038352300381,160.00248249009644,entry_candidate
1238a16f-108d-4910-b963-79e03baa4c11,2026-06-03 12:50:00+09:00,USDJPY,rule_based_ai_stub,v0.1,uptrend,none,0.2,low,False,条件未達,取引許可,82.53738228523068,160.00408407709523,160.00259621235006,wait
ebe7dcad-0343-45d6-b5d1-f6992d55172a,2026-06-03 12:55:00+09:00,USDJPY,rule_based_ai_stub,v0.1,uptrend,none,0.2,low,False,条件未達,取引許可,82.29502938470297,160.0044029743882,160.0027465223439,wait
ec516bda-041e-4325-8339-b8f1348bac85,2026-06-03 13:00:00+09:00,USDJPY,rule_based_ai_stub,v0.1,uptrend,none,0.2,low,False,条件未達,取引許可,83.70461464702805,160.00478753258116,160.00290954651794,wait
e52f1191-b901-41b6-8ca1-31b97e112580,2026-06-03 13:05:00+09:00,USDJPY,rule_based_ai_stub,v0.1,uptrend,none,0.2,low,False,条件未達,取引許可,80.5906665046313,160.00520280444272,160.00307831849443,wait
f423155c-f498-4189-9b16-fbe62d9b0c99,2026-06-03 13:10:00+09:00,USDJPY,rule_based_ai_stub,v0.1,uptrend,none,0.2,low,False,条件未達,取引許可,74.0781467855655,160.00544630846426,160.00322940428669,wait
7426fa13-82ea-4674-a8f8-52fc27a0f234,2026-06-03 13:15:00+09:00,USDJPY,rule_based_ai_stub,v0.1,uptrend,none,0.2,low,False,条件未達,取引許可,80.28871215408616,160.00567706208068,160.0033863545877,wait
8b3e432b-e9db-4356-af2a-3d4885877ab7,2026-06-03 13:20:00+09:00,USDJPY,rule_based_ai_stub,v0.1,uptrend,none,0.2,low,False,条件未達,取引許可,75.3474900696861,160.005905132203,160.00353625064014,wait
0eedf01f-7be5-4fd3-b605-729ea71b9a69,2026-06-03 13:25:00+09:00,USDJPY,rule_based_ai_stub,v0.1,uptrend,none,0.2,low,False,条件未達,取引許可,77.61328636070128,160.00615162357005,160.0036988221828,wait
cc1dd53c-4747-46f2-8898-a0e53d2ed97b,2026-06-03 13:30:00+09:00,USDJPY,rule_based_ai_stub,v0.1,uptrend,long,0.65,medium,True,短期MAが長期MAを上回り、RSIが許容範囲,取引許可,66.58436170555444,160.00628944124404,160.00381589364923,entry_candidate
16e1e164-e9de-4e89-b9e1-d2f87eca3f07,2026-06-03 13:35:00+09:00,USDJPY,rule_based_ai_stub,v0.1,uptrend,long,0.65,medium,True,短期MAが長期MAを上回り、RSIが許容範囲,取引許可,68.67411734327685,160.00649254223276,160.0039669578943,entry_candidate
6e927588-cc0e-41b1-85e8-c526cd857dd7,2026-06-03 13:40:00+09:00,USDJPY,rule_based_ai_stub,v0.1,uptrend,long,0.65,medium,True,短期MAが長期MAを上回り、RSIが許容範囲,取引許可,66.64979461207264,160.00672726654935,160.00411988659002,entry_candidate
9767ebb3-abd7-4895-9025-9d0a662d1754,2026-06-03 13:45:00+09:00,USDJPY,rule_based_ai_stub,v0.1,uptrend,long,0.65,medium,True,短期MAが長期MAを上回り、RSIが許容範囲,取引許可,63.85782273479849,160.00691707339456,160.00428201332977,entry_candidate
e6355978-62f1-44fc-8835-e5fe6cf8369b,2026-06-03 13:50:00+09:00,USDJPY,rule_based_ai_stub,v0.1,uptrend,long,0.65,medium,True,短期MAが長期MAを上回り、RSIが許容範囲,取引許可,62.759653226599674,160.0069621737962,160.00443467655097,entry_candidate
6ca76395-a4f6-4cd4-8da7-06fb1e5eed2e,2026-06-03 13:55:00+09:00,USDJPY,rule_based_ai_stub,v0.1,uptrend,long,0.65,medium,True,短期MAが長期MAを上回り、RSIが許容範囲,取引許可,54.140672248201994,160.00685726036193,160.00455347048612,entry_candidate
37ad287c-81b6-4faa-972a-c0fec67f54b3,2026-06-03 14:00:00+09:00,USDJPY,rule_based_ai_stub,v0.1,uptrend,long,0.65,medium,True,短期MAが長期MAを上回り、RSIが許容範囲,取引許可,50.39932434698828,160.00671384612554,160.00467336745402,entry_candidate
2d38420d-55a2-4a9d-9416-3a7113a48c56,2026-06-03 14:05:00+09:00,USDJPY,rule_based_ai_stub,v0.1,uptrend,long,0.65,medium,True,短期MAが長期MAを上回り、RSIが許容範囲,取引許可,45.009508482425574,160.0065996585713,160.0048098558101,entry_candidate
b4936f53-4a6a-471b-9286-447c8d4478f7,2026-06-03 14:10:00+09:00,USDJPY,rule_based_ai_stub,v0.1,uptrend,none,0.2,low,False,条件未達,取引許可,32.18323139294564,160.00647045321313,160.00491035138586,wait
f9ae54e8-a1c7-45a7-b5e5-6b2c8cf5fa68,2026-06-03 14:15:00+09:00,USDJPY,rule_based_ai_stub,v0.1,uptrend,none,0.2,low,False,条件未達,取引許可,30.107603996426832,160.00628278326232,160.0049666683511,wait
c6469e1e-808a-4ff4-9563-74d786be06c6,2026-06-03 14:20:00+09:00,USDJPY,rule_based_ai_stub,v0.1,uptrend,none,0.2,low,False,条件未達,取引許可,31.81930747519141,160.00607553783098,160.005010498323,wait
a9ed2438-f6f8-469a-9557-9ed1d1edcfbe,2026-06-03 14:25:00+09:00,USDJPY,rule_based_ai_stub,v0.1,uptrend,long,0.65,medium,True,短期MAが長期MAを上回り、RSIが許容範囲,取引許可,40.873791566454386,160.00589703389994,160.00505086539007,entry_candidate
b3390b6f-c4a9-4339-97c5-425e31d41536,2026-06-03 14:30:00+09:00,USDJPY,rule_based_ai_stub,v0.1,uptrend,none,0.2,low,False,条件未達,取引許可,39.80115972699359,160.00579017363285,160.0050998024213,wait
e127d712-2793-4a57-87c7-da7cb999d041,2026-06-03 14:35:00+09:00,USDJPY,rule_based_ai_stub,v0.1,uptrend,none,0.2,low,False,条件未達,取引許可,30.549418715794133,160.0055316787021,160.005144431315,wait
4849d42b-55ff-4b63-91aa-57ca6d7e1993,2026-06-03 14:40:00+09:00,USDJPY,rule_based_ai_stub,v0.1,uptrend,none,0.2,low,False,条件未達,取引許可,34.17916024183877,160.00526879701306,160.00521460982847,wait
50c758a2-4d6a-4094-af13-8bbf6dc98d3e,2026-06-03 14:45:00+09:00,USDJPY,rule_based_ai_stub,v0.1,downtrend,none,0.2,low,False,条件未達,取引許可,24.02624992067416,160.00501362319906,160.00525530887725,wait
274bb00c-23f9-4165-8293-d75ffe76cd96,2026-06-03 14:50:00+09:00,USDJPY,rule_based_ai_stub,v0.1,downtrend,none,0.2,low,False,条件未達,取引許可,19.482484587135104,160.00467421027167,160.00524015372105,wait
8908dd7b-bd63-49a4-a3e6-33c23b647924,2026-06-03 14:55:00+09:00,USDJPY,rule_based_ai_stub,v0.1,downtrend,none,0.2,low,False,条件未達,取引許可,20.03862259783078,160.00441482543457,160.00522502006157,wait
0b8db50f-9c8a-467e-9649-b5572f1d1325,2026-06-03 15:00:00+09:00,USDJPY,rule_based_ai_stub,v0.1,downtrend,none,0.2,low,False,条件未達,取引許可,21.314259854352827,160.00410273534172,160.00520137134947,wait
bd1c2b07-3031-4e12-bfbf-c7d2984eaddc,2026-06-03 15:05:00+09:00,USDJPY,rule_based_ai_stub,v0.1,downtrend,none,0.2,low,False,条件未達,取引許可,29.33566742501003,160.0038217896688,160.00520808422758,wait
1444aec5-bce0-4a3f-ba22-5d955fa8a4c1,2026-06-03 15:10:00+09:00,USDJPY,rule_based_ai_stub,v0.1,downtrend,short,0.65,medium,True,短期MAが長期MAを下回り、RSIが許容範囲,取引許可,35.19474747882978,160.00369778984557,160.00520485050765,entry_candidate
7f33e9cf-c7a6-4dd5-a919-a8753e390583,2026-06-03 15:15:00+09:00,USDJPY,rule_based_ai_stub,v0.1,downtrend,short,0.65,medium,True,短期MAが長期MAを下回り、RSIが許容範囲,取引許可,40.27903047817385,160.00369487221244,160.00521823918515,entry_candidate
f39c30d7-bbd5-413a-b06d-4d9e5d08e69a,2026-06-03 15:20:00+09:00,USDJPY,rule_based_ai_stub,v0.1,downtrend,short,0.65,medium,True,短期MAが長期MAを下回り、RSIが許容範囲,取引許可,43.59476746508784,160.00369529937973,160.0052253231379,entry_candidate
5a6f81f3-0f0c-4dd7-bd8c-34c764be7e3d,2026-06-03 15:25:00+09:00,USDJPY,rule_based_ai_stub,v0.1,downtrend,short,0.65,medium,True,短期MAが長期MAを下回り、RSIが許容範囲,取引許可,44.26768925890514,160.00355694917536,160.00520186888176,entry_candidate
44be128c-0420-4841-ab63-5870816d5e40,2026-06-03 15:30:00+09:00,USDJPY,rule_based_ai_stub,v0.1,downtrend,short,0.65,medium,True,短期MAが長期MAを下回り、RSIが許容範囲,取引許可,55.207415712762895,160.00356024652868,160.00521328713518,entry_candidate
087f5688-80a7-41e7-abbb-fe522e9bee80,2026-06-03 15:35:00+09:00,USDJPY,rule_based_ai_stub,v0.1,downtrend,short,0.65,medium,True,短期MAが長期MAを下回り、RSIが許容範囲,取引許可,49.60744948936883,160.00364166195135,160.00522196096207,entry_candidate
7e182e22-3743-447c-89fd-080958238ee8,2026-06-03 15:40:00+09:00,USDJPY,rule_based_ai_stub,v0.1,downtrend,short,0.65,medium,True,短期MAが長期MAを下回り、RSIが許容範囲,取引許可,50.68077840828477,160.00373606099186,160.00524404151807,entry_candidate
ed95d1f4-48c2-4673-88f7-01e51bbd15ae,2026-06-03 15:45:00+09:00,USDJPY,rule_based_ai_stub,v0.1,downtrend,short,0.65,medium,True,短期MAが長期MAを下回り、RSIが許容範囲,取引許可,57.382398040635934,160.00384288995645,160.00525786218338,entry_candidate
2ae36a6b-d2eb-4e01-84f6-63117b945e6d,2026-06-03 15:50:00+09:00,USDJPY,rule_based_ai_stub,v0.1,downtrend,short,0.65,medium,True,短期MAが長期MAを下回り、RSIが許容範囲,取引許可,59.378436401658746,160.00409446749129,160.00524361718638,entry_candidate
093fcbee-59d9-4cd8-a9e6-e08a734cdf11,2026-06-03 15:55:00+09:00,USDJPY,rule_based_ai_stub,v0.1,downtrend,none,0.2,low,False,条件未達,取引許可,60.06868923058145,160.0043415417488,160.00520454251512,wait
e5f2d030-e5bb-493c-ab21-227af73e1a52,2026-06-03 16:00:00+09:00,USDJPY,rule_based_ai_stub,v0.1,downtrend,none,0.2,low,False,条件未達,取引許可,74.36824406397878,160.00457147963252,160.00512935369994,wait
b7b1ebb8-7285-412b-98a7-17ca6683fb34,2026-06-03 16:05:00+09:00,USDJPY,rule_based_ai_stub,v0.1,downtrend,none,0.2,low,False,条件未達,取引許可,70.47615004858166,160.0047392642509,160.00505357083034,wait
63b928de-80f4-43b7-8a19-3753d405eee9,2026-06-03 16:10:00+09:00,USDJPY,rule_based_ai_stub,v0.1,downtrend,none,0.2,low,False,条件未達,取引許可,71.99208440190219,160.00481296340104,160.00499373548658,wait
ee05aff0-8e5d-47ee-aa92-b8e9b9dffb52,2026-06-03 16:15:00+09:00,USDJPY,rule_based_ai_stub,v0.1,downtrend,none,0.2,low,False,条件未達,取引許可,65.57953647069834,160.00480316306115,160.00492693951196,wait
aa2d918c-37a4-44fe-900e-7853dc0d2195,2026-06-03 16:20:00+09:00,USDJPY,rule_based_ai_stub,v0.1,downtrend,short,0.65,medium,True,短期MAが長期MAを下回り、RSIが許容範囲,取引許可,51.5974029156869,160.00477116486667,160.00484733402578,entry_candidate
c9d1f9c3-d53f-435b-add8-87492e3ed385,2026-06-03 16:25:00+09:00,USDJPY,rule_based_ai_stub,v0.1,uptrend,long,0.65,medium,True,短期MAが長期MAを上回り、RSIが許容範囲,取引許可,44.37619601077012,160.00479981447896,160.00475126585144,entry_candidate
bd304316-c3c3-4e5f-9dd2-46c011fbd100,2026-06-03 16:30:00+09:00,USDJPY,rule_based_ai_stub,v0.1,uptrend,long,0.65,medium,True,短期MAが長期MAを上回り、RSIが許容範囲,取引許可,44.4666632264215,160.00468704724025,160.00467915580057,entry_candidate
c3af95e4-ff2a-428c-877f-8069ba95e105,2026-06-03 16:35:00+09:00,USDJPY,rule_based_ai_stub,v0.1,uptrend,long,0.65,medium,True,短期MAが長期MAを上回り、RSIが許容範囲,取引許可,62.787186203031375,160.0046465187293,160.00460661979423,entry_candidate
0a1272e1-c6a6-45b4-bef4-3475d2b9bb07,2026-06-03 16:40:00+09:00,USDJPY,rule_based_ai_stub,v0.1,downtrend,none,0.2,low,False,条件未達,取引許可,26.921470062935157,160.00447274526329,160.00449253442272,wait
eca95321-dbee-4b63-9cbb-8c65f6b83358,2026-06-03 16:45:00+09:00,USDJPY,rule_based_ai_stub,v0.1,downtrend,short,0.65,medium,True,短期MAが長期MAを下回り、RSIが許容範囲,取引許可,35.97630301468472,160.00435475339427,160.0044037555166,entry_candidate
be06edcb-9faf-49dc-8ef7-c3d1666837f0,2026-06-03 16:50:00+09:00,USDJPY,rule_based_ai_stub,v0.1,downtrend,short,0.65,medium,True,短期MAが長期MAを下回り、RSIが許容範囲,取引許可,44.22515678566198,160.00428916154678,160.00435261310324,entry_candidate
d53e7d3c-f071-47d6-8b17-a6ee03ad6f99,2026-06-03 16:55:00+09:00,USDJPY,rule_based_ai_stub,v0.1,downtrend,short,0.65,medium,True,短期MAが長期MAを下回り、RSIが許容範囲,取引許可,36.42083382598418,160.0041271182083,160.00429449513055,entry_candidate
ceae97e4-ee2d-4d3f-9b2e-9b730faaa6f1,2026-06-03 17:00:00+09:00,USDJPY,rule_based_ai_stub,v0.1,downtrend,short,0.65,medium,True,短期MAが長期MAを下回り、RSIが許容範囲,取引許可,34.24343790118772,160.00397662359046,160.00421694618822,entry_candidate
69e7c3ef-09ec-480b-af82-d0e14f7685f8,2026-06-03 17:05:00+09:00,USDJPY,rule_based_ai_stub,v0.1,downtrend,short,0.65,medium,True,短期MAが長期MAを下回り、RSIが許容範囲,取引許可,33.592781163489406,160.00383489987635,160.00413198459867,entry_candidate
da0b025e-e02c-4fd1-b44d-490d2d518d41,2026-06-03 17:10:00+09:00,USDJPY,rule_based_ai_stub,v0.1,downtrend,short,0.65,medium,True,短期MAが長期MAを下回り、RSIが許容範囲,取引許可,31.40180713166467,160.00362443824108,160.00404506382924,entry_candidate
92f4aa67-78ec-4035-8edc-35e17b19a215,2026-06-03 17:15:00+09:00,USDJPY,rule_based_ai_stub,v0.1,downtrend,short,0.65,medium,True,短期MAが長期MAを下回り、RSIが許容範囲,取引許可,30.844601880012306,160.00340225700995,160.0039667640945,entry_candidate
87766ff9-0be2-4fcb-a00e-1387146322db,2026-06-03 17:20:00+09:00,USDJPY,rule_based_ai_stub,v0.1,downtrend,none,0.2,low,False,条件未達,取引許可,28.485738516556367,160.00316018927566,160.00387555117402,wait
cc7a8bde-f180-46a8-86db-754586ee9437,2026-06-03 17:25:00+09:00,USDJPY,rule_based_ai_stub,v0.1,downtrend,short,0.65,medium,True,短期MAが長期MAを下回り、RSIが許容範囲,取引許可,37.71310219263722,160.0030004135522,160.0037857257355,entry_candidate
5f9eadb1-f7c6-4221-8b6d-34f15598855c,2026-06-03 17:30:00+09:00,USDJPY,rule_based_ai_stub,v0.1,downtrend,short,0.65,medium,True,短期MAが長期MAを下回り、RSIが許容範囲,取引許可,43.201409636713066,160.00290017060925,160.0037158214594,entry_candidate
c8feebfe-d671-40b9-9902-6f8d4f90fba2,2026-06-03 17:35:00+09:00,USDJPY,rule_based_ai_stub,v0.1,downtrend,short,0.65,medium,True,短期MAが長期MAを下回り、RSIが許容範囲,取引許可,47.15062215247742,160.00278830577162,160.00369216215074,entry_candidate
be70d56d-f383-4adc-a976-475b328287eb,2026-06-03 17:40:00+09:00,USDJPY,rule_based_ai_stub,v0.1,downtrend,short,0.65,medium,True,短期MAが長期MAを下回り、RSIが許容範囲,取引許可,50.06287720900527,160.0028450730276,160.00368462642757,entry_candidate
5265c106-f70b-4798-9e10-d96ddb3f1052,2026-06-03 17:45:00+09:00,USDJPY,rule_based_ai_stub,v0.1,downtrend,short,0.65,medium,True,短期MAが長期MAを下回り、RSIが許容範囲,取引許可,42.25069188728724,160.0027908123524,160.0036628185677,entry_candidate
94ae233d-f3d5-4cd1-97d4-4757b27c9969,2026-06-03 17:50:00+09:00,USDJPY,rule_based_ai_stub,v0.1,downtrend,short,0.65,medium,True,短期MAが長期MAを下回り、RSIが許容範囲,取引許可,48.35321480407555,160.00264802140433,160.0036772168141,entry_candidate
97ada128-1c1b-4985-92e5-dad7a3d9dc5a,2026-06-03 17:55:00+09:00,USDJPY,rule_based_ai_stub,v0.1,downtrend,short,0.65,medium,True,短期MAが長期MAを下回り、RSIが許容範囲,取引許可,46.15083929791255,160.00263336869588,160.00370067621765,entry_candidate
b473e68a-409b-4400-91cb-35711d0d0269,2026-06-03 18:00:00+09:00,USDJPY,rule_based_ai_stub,v0.1,downtrend,short,0.65,medium,True,短期MAが長期MAを下回り、RSIが許容範囲,取引許可,37.35960608124986,160.00257474397674,160.00370761573322,entry_candidate
cde2c12f-c783-4bf0-8cd4-4c0becfdb434,2026-06-03 18:05:00+09:00,USDJPY,rule_based_ai_stub,v0.1,downtrend,short,0.65,medium,True,短期MAが長期MAを下回り、RSIが許容範囲,取引許可,46.981574506412215,160.00257034122237,160.00371483511654,entry_candidate
92c17cc1-cee9-4596-9e82-1d0bba370848,2026-06-03 18:10:00+09:00,USDJPY,rule_based_ai_stub,v0.1,downtrend,short,0.65,medium,True,短期MAが長期MAを下回り、RSIが許容範囲,取引許可,47.36223737887849,160.00262429778283,160.00368723314165,entry_candidate
934e0a17-924a-4a5c-a5b4-393679eca652,2026-06-03 18:15:00+09:00,USDJPY,rule_based_ai_stub,v0.1,downtrend,short,0.65,medium,True,短期MAが長期MAを下回り、RSIが許容範囲,取引許可,47.34956965520699,160.0026984041373,160.00363460806946,entry_candidate
3274fd5d-f740-4048-8654-b82207e23572,2026-06-03 18:20:00+09:00,USDJPY,rule_based_ai_stub,v0.1,downtrend,short,0.65,medium,True,短期MAが長期MAを下回り、RSIが許容範囲,取引許可,56.049082371614425,160.00286358728246,160.00359831380828,entry_candidate
ed51123b-0285-4b50-a3e8-eebebdc36f14,2026-06-03 18:25:00+09:00,USDJPY,rule_based_ai_stub,v0.1,downtrend,none,0.2,low,False,条件未達,取引許可,61.439060314083456,160.00296337007103,160.00358786603408,wait
54cb2f92-86fe-409b-b7f3-58080bcc7152,2026-06-03 18:30:00+09:00,USDJPY,rule_based_ai_stub,v0.1,downtrend,none,0.2,low,False,条件未達,取引許可,65.65506734448846,160.00299832063163,160.00352851282705,wait
7ccf97ba-b068-418a-aeb4-b90e6ebe01fd,2026-06-03 18:35:00+09:00,USDJPY,rule_based_ai_stub,v0.1,downtrend,none,0.2,low,False,条件未達,取引許可,63.68385920015774,160.00302765992765,160.00348749480952,wait
e30eed43-d648-46c4-aee3-6a08c933537e,2026-06-03 18:40:00+09:00,USDJPY,rule_based_ai_stub,v0.1,downtrend,short,0.65,medium,True,短期MAが長期MAを下回り、RSIが許容範囲,取引許可,53.88111073152767,160.0029668624541,160.003428226915,entry_candidate
df07e587-d479-4efb-b627-04c3116c77b2,2026-06-03 18:45:00+09:00,USDJPY,rule_based_ai_stub,v0.1,downtrend,short,0.65,medium,True,短期MAが長期MAを下回り、RSIが許容範囲,取引許可,50.79179039441646,160.00299331434948,160.00337962669872,entry_candidate
56f087d0-c2b7-48cc-853d-2464b9d76509,2026-06-03 18:50:00+09:00,USDJPY,rule_based_ai_stub,v0.1,downtrend,short,0.65,medium,True,短期MAが長期MAを下回り、RSIが許容範囲,取引許可,50.136769691519234,160.00307564732103,160.0033376100907,entry_candidate
6fa5af63-9527-4889-9f29-c584d7ee9d8c,2026-06-03 18:55:00+09:00,USDJPY,rule_based_ai_stub,v0.1,downtrend,short,0.65,medium,True,短期MAが長期MAを下回り、RSIが許容範囲,取引許可,54.785010613771476,160.00311803424256,160.00329284038224,entry_candidate
f983dfee-2f02-4288-80ae-7d2d88a5faf9,2026-06-03 19:00:00+09:00,USDJPY,rule_based_ai_stub,v0.1,downtrend,short,0.65,medium,True,短期MAが長期MAを下回り、RSIが許容範囲,取引許可,59.77936783127789,160.00323783420566,160.0032630672576,entry_candidate
30a0d41e-5512-4169-920a-c6718645ef70,2026-06-03 19:05:00+09:00,USDJPY,rule_based_ai_stub,v0.1,uptrend,long,0.65,medium,True,短期MAが長期MAを上回り、RSIが許容範囲,取引許可,49.76650929843282,160.00325942856844,160.00322155655573,entry_candidate
73b14701-a4a4-424c-907f-bfb8eb545dfa,2026-06-03 19:10:00+09:00,USDJPY,rule_based_ai_stub,v0.1,uptrend,long,0.65,medium,True,短期MAが長期MAを上回り、RSIが許容範囲,取引許可,61.502872758106136,160.0033392405521,160.003195992192,entry_candidate
915ca06b-e1c7-4d69-9159-2afc09ef94db,2026-06-03 19:15:00+09:00,USDJPY,rule_based_ai_stub,v0.1,uptrend,long,0.65,medium,True,短期MAが長期MAを上回り、RSIが許容範囲,取引許可,57.02120433120209,160.00342854846926,160.0031764032055,entry_candidate
559ce6a8-e730-4c0b-81cd-22570719feca,2026-06-03 19:20:00+09:00,USDJPY,rule_based_ai_stub,v0.1,uptrend,long,0.65,medium,True,短期MAが長期MAを上回り、RSIが許容範囲,取引許可,55.2035205386166,160.003456172237,160.00315998293172,entry_candidate
a47fae5e-bd90-4fe8-9453-a9e89332763c,2026-06-03 19:25:00+09:00,USDJPY,rule_based_ai_stub,v0.1,uptrend,long,0.65,medium,True,短期MAが長期MAを上回り、RSIが許容範囲,取引許可,62.26049565859727,160.0035140333005,160.0031592723079,entry_candidate
fe4a003a-a0d9-4c5e-bf5d-27145beb964b,2026-06-03 19:30:00+09:00,USDJPY,rule_based_ai_stub,v0.1,uptrend,long,0.65,medium,True,短期MAが長期MAを上回り、RSIが許容範囲,取引許可,54.88363178884635,160.00355472548773,160.00315107224287,entry_candidate
43625932-a202-4aa5-9af6-3d6b4f3a2d48,2026-06-03 19:35:00+09:00,USDJPY,rule_based_ai_stub,v0.1,uptrend,long,0.65,medium,True,短期MAが長期MAを上回り、RSIが許容範囲,取引許可,45.590408512122295,160.00346702811999,160.00309433127308,entry_candidate
7efcbf90-5f17-4254-ab8d-27629a3cd9d2,2026-06-03 19:40:00+09:00,USDJPY,rule_based_ai_stub,v0.1,uptrend,long,0.65,medium,True,短期MAが長期MAを上回り、RSIが許容範囲,取引許可,40.91257156863822,160.00335555245996,160.0030558293139,entry_candidate
4ac4675b-a8d8-4372-918b-201c57955393,2026-06-03 19:45:00+09:00,USDJPY,rule_based_ai_stub,v0.1,uptrend,none,0.2,low,False,条件未達,取引許可,37.96705510992212,160.0032435805171,160.00300923573965,wait
c20411e3-3633-48f2-aaee-c2ff821d0e86,2026-06-03 19:50:00+09:00,USDJPY,rule_based_ai_stub,v0.1,uptrend,none,0.2,low,False,条件未達,取引許可,37.2971445165167,160.00303793204378,160.0029205335897,wait
d27207b5-30c2-43ae-8e26-7f9fc48f5038,2026-06-03 19:55:00+09:00,USDJPY,rule_based_ai_stub,v0.1,uptrend,long,0.65,medium,True,短期MAが長期MAを上回り、RSIが許容範囲,取引許可,43.03844666505161,160.0029355006015,160.0028956345133,entry_candidate
bcd1bd3f-fb2e-480b-b548-7c83b4193151,2026-06-03 20:00:00+09:00,USDJPY,rule_based_ai_stub,v0.1,downtrend,short,0.65,medium,True,短期MAが長期MAを下回り、RSIが許容範囲,取引許可,34.140756862738954,160.0027126660377,160.00284174807337,entry_candidate
4c260374-3ef9-4455-a017-a0325775a648,2026-06-03 20:05:00+09:00,USDJPY,rule_based_ai_stub,v0.1,downtrend,short,0.65,medium,True,短期MAが長期MAを下回り、RSIが許容範囲,取引許可,42.161333232559976,160.00263720997114,160.0028223265873,entry_candidate
e9594e9f-e1b9-4672-af6a-1dfeac11377c,2026-06-03 20:10:00+09:00,USDJPY,rule_based_ai_stub,v0.1,downtrend,short,0.65,medium,True,短期MAが長期MAを下回り、RSIが許容範囲,取引許可,41.72325547907077,160.002526103427,160.0028298805873,entry_candidate
a268244f-8edf-4203-a9b0-b338b29310bc,2026-06-03 20:15:00+09:00,USDJPY,rule_based_ai_stub,v0.1,downtrend,short,0.65,medium,True,短期MAが長期MAを下回り、RSIが許容範囲,取引許可,45.15283118051884,160.00241940633404,160.00284878631356,entry_candidate
e6e48f05-e02f-4102-9984-d4e1cb5730e1,2026-06-03 20:20:00+09:00,USDJPY,rule_based_ai_stub,v0.1,downtrend,short,0.65,medium,True,短期MAが長期MAを下回り、RSIが許容範囲,取引許可,39.61818478062388,160.00231159943783,160.00287711965245,entry_candidate
02a4ae50-1fde-4c13-a503-97cb056a3f88,2026-06-03 20:25:00+09:00,USDJPY,rule_based_ai_stub,v0.1,downtrend,short,0.65,medium,True,短期MAが長期MAを下回り、RSIが許容範囲,取引許可,41.90736739688283,160.002171298886,160.00288290075252,entry_candidate
e106177d-a99d-410d-9b7a-b501fa40b3b8,2026-06-03 20:30:00+09:00,USDJPY,rule_based_ai_stub,v0.1,downtrend,short,0.65,medium,True,短期MAが長期MAを下回り、RSIが許容範囲,取引許可,43.42510272713721,160.00206433378358,160.00287245996765,entry_candidate
4fd6c9be-b5d5-4286-bfcc-65c698171264,2026-06-03 20:35:00+09:00,USDJPY,rule_based_ai_stub,v0.1,downtrend,short,0.65,medium,True,短期MAが長期MAを下回り、RSIが許容範囲,取引許可,43.65350103079481,160.0020829568401,160.0028592149626,entry_candidate
d6ec1869-acf7-4448-8a55-798d917133ec,2026-06-03 20:40:00+09:00,USDJPY,rule_based_ai_stub,v0.1,downtrend,short,0.65,medium,True,短期MAが長期MAを下回り、RSIが許容範囲,取引許可,46.55420945885502,160.0021851227377,160.0028358458839,entry_candidate
a49fdc50-4b31-4f70-a2e9-3a456b8a6243,2026-06-03 20:45:00+09:00,USDJPY,rule_based_ai_stub,v0.1,downtrend,short,0.65,medium,True,短期MAが長期MAを下回り、RSIが許容範囲,取引許可,52.8727755098424,160.00226450322586,160.0028337993641,entry_candidate
4622ec37-477b-4522-8f2d-32ce4623b311,2026-06-03 20:50:00+09:00,USDJPY,rule_based_ai_stub,v0.1,downtrend,short,0.65,medium,True,短期MAが長期MAを下回り、RSIが許容範囲,取引許可,58.895233271877615,160.00238972457097,160.00283443464525,entry_candidate
40ed5406-8f16-4ceb-8ac3-05b6e745f41c,2026-06-03 20:55:00+09:00,USDJPY,rule_based_ai_stub,v0.1,downtrend,short,0.65,medium,True,短期MAが長期MAを下回り、RSIが許容範囲,取引許可,56.06781124838245,160.00242435892582,160.00282596458996,entry_candidate
95dc5026-ef0a-4650-a91f-162204d465f3,2026-06-03 21:00:00+09:00,USDJPY,rule_based_ai_stub,v0.1,downtrend,none,0.2,low,False,条件未達,取引許可,65.5751650234578,160.00257847983954,160.00284299336099,wait
ab490c1c-d32b-4676-80bf-613269492897,2026-06-03 21:05:00+09:00,USDJPY,rule_based_ai_stub,v0.1,downtrend,short,0.65,medium,True,短期MAが長期MAを下回り、RSIが許容範囲,取引許可,46.18924061272331,160.00256226951518,160.00281963601824,entry_candidate
e9c0d9da-b234-402f-9500-91d4a17b9f0b,2026-06-03 21:10:00+09:00,USDJPY,rule_based_ai_stub,v0.1,downtrend,short,0.65,medium,True,短期MAが長期MAを下回り、RSIが許容範囲,取引許可,50.352548034573154,160.00246809904635,160.0027778143418,entry_candidate
4150b967-d052-452e-9beb-49b73b54b4e9,2026-06-03 21:15:00+09:00,USDJPY,rule_based_ai_stub,v0.1,downtrend,short,0.65,medium,True,短期MAが長期MAを下回り、RSIが許容範囲,取引許可,43.76815149541664,160.00241592743782,160.00275462741374,entry_candidate
833e36f4-392b-4e6a-8ef0-5cc3e3b9a013,2026-06-03 21:20:00+09:00,USDJPY,rule_based_ai_stub,v0.1,downtrend,short,0.65,medium,True,短期MAが長期MAを下回り、RSIが許容範囲,取引許可,43.45224294495846,160.00239954505557,160.00272243891013,entry_candidate
63b81f2f-03fd-4880-9a5a-6f41cd783dff,2026-06-03 21:25:00+09:00,USDJPY,rule_based_ai_stub,v0.1,downtrend,short,0.65,medium,True,短期MAが長期MAを下回り、RSIが許容範囲,取引許可,42.92806477934594,160.00235400670073,160.0026797796291,entry_candidate
790e53fd-43a5-4604-bbb0-e659e635edf1,2026-06-03 21:30:00+09:00,USDJPY,rule_based_ai_stub,v0.1,downtrend,short,0.65,medium,True,短期MAが長期MAを下回り、RSIが許容範囲,取引許可,46.58915318197742,160.0023112717777,160.002643443683,entry_candidate
225b1a01-0f74-4393-933f-20b6d810c791,2026-06-03 21:35:00+09:00,USDJPY,rule_based_ai_stub,v0.1,downtrend,short,0.65,medium,True,短期MAが長期MAを下回り、RSIが許容範囲,取引許可,46.17753699269656,160.00223075084583,160.00259357860196,entry_candidate
da5a1239-d3e4-4512-96bc-a50926db817f,2026-06-03 21:40:00+09:00,USDJPY,rule_based_ai_stub,v0.1,downtrend,short,0.65,medium,True,短期MAが長期MAを下回り、RSIが許容範囲,取引許可,42.953447945286946,160.0021175305475,160.0025527352484,entry_candidate
9bc0d12d-ad06-417e-9cc2-df176391ad39,2026-06-03 21:45:00+09:00,USDJPY,rule_based_ai_stub,v0.1,downtrend,none,0.2,low,False,条件未達,取引許可,28.816295206455536,160.00195787992484,160.00248865455592,wait
5b9d048e-e786-4163-b058-8cea0f093af2,2026-06-03 21:50:00+09:00,USDJPY,rule_based_ai_stub,v0.1,downtrend,none,0.2,low,False,条件未達,取引許可,29.6564685657124,160.00182620217552,160.0024179529301,wait
29cce92c-37c9-4e4c-bf50-ff433b6aec85,2026-06-03 21:55:00+09:00,USDJPY,rule_based_ai_stub,v0.1,downtrend,none,0.2,low,False,条件未達,取引許可,24.43376463536586,160.00164845306855,160.00233610419863,wait
93113be5-1ac0-4a2b-a1bb-6cfce71f7810,2026-06-03 22:00:00+09:00,USDJPY,rule_based_ai_stub,v0.1,downtrend,none,0.2,low,False,条件未達,取引許可,29.64536865302601,160.00147572651088,160.00225562412936,wait
416d2aca-a12e-4f81-890c-4a9d7e0bc39e,2026-06-03 22:05:00+09:00,USDJPY,rule_based_ai_stub,v0.1,downtrend,none,0.2,low,False,条件未達,取引許可,24.473794282904123,160.00130337919265,160.00216761955966,wait
7921e082-b235-4e03-afc7-824f429a7c8b,2026-06-03 22:10:00+09:00,USDJPY,rule_based_ai_stub,v0.1,downtrend,none,0.2,low,False,条件未達,取引許可,29.838878052484148,160.0012498989274,160.0020813671336,wait
a5e9f039-e77a-40ea-bdcf-8533e53b0e57,2026-06-03 22:15:00+09:00,USDJPY,rule_based_ai_stub,v0.1,downtrend,short,0.65,medium,True,短期MAが長期MAを下回り、RSIが許容範囲,取引許可,39.31983791647599,160.00118288533156,160.0020060730345,entry_candidate
08184d13-fe50-43cc-acc1-b18e91c8edc9,2026-06-03 22:20:00+09:00,USDJPY,rule_based_ai_stub,v0.1,downtrend,short,0.65,medium,True,短期MAが長期MAを下回り、RSIが許容範囲,取引許可,48.05083265397082,160.00112012995052,160.00194375814797,entry_candidate
aca6f5cf-b628-4bb0-a085-b05f61c517d1,2026-06-03 22:25:00+09:00,USDJPY,rule_based_ai_stub,v0.1,downtrend,short,0.65,medium,True,短期MAが長期MAを下回り、RSIが許容範囲,取引許可,49.58051391410986,160.0011157082855,160.00188033795743,entry_candidate
2dc0390c-3216-43ab-979e-badd3f176b3d,2026-06-03 22:30:00+09:00,USDJPY,rule_based_ai_stub,v0.1,downtrend,short,0.65,medium,True,短期MAが長期MAを下回り、RSIが許容範囲,取引許可,57.40926006507631,160.00119363864607,160.00185641473578,entry_candidate
1f844048-05cd-47d2-be55-0fe4e428f5f7,2026-06-03 22:35:00+09:00,USDJPY,rule_based_ai_stub,v0.1,downtrend,none,0.2,low,False,条件未達,取引許可,62.51135114690997,160.0013049084246,160.00187287203687,wait
e482c086-f056-4e24-9487-c1c51ff53426,2026-06-03 22:40:00+09:00,USDJPY,rule_based_ai_stub,v0.1,downtrend,short,0.65,medium,True,短期MAが長期MAを下回り、RSIが許容範囲,取引許可,53.116963201547016,160.0013511224756,160.00188459192026,entry_candidate
1ec5aa85-b77b-4b11-9fc3-3319d0451373,2026-06-03 22:45:00+09:00,USDJPY,rule_based_ai_stub,v0.1,downtrend,short,0.65,medium,True,短期MAが長期MAを下回り、RSIが許容範囲,取引許可,46.730258034949,160.0013722729145,160.00186488535508,entry_candidate
e68d8bf6-7c8c-467a-b4ec-6192c182a795,2026-06-03 22:50:00+09:00,USDJPY,rule_based_ai_stub,v0.1,downtrend,short,0.65,medium,True,短期MAが長期MAを下回り、RSIが許容範囲,取引許可,46.43054908213982,160.00135239016177,160.0018561056361,entry_candidate
d15ffd07-4a6a-4678-aa86-094020bd16d8,2026-06-03 22:55:00+09:00,USDJPY,rule_based_ai_stub,v0.1,downtrend,short,0.65,medium,True,短期MAが長期MAを下回り、RSIが許容範囲,取引許可,49.4324289541755,160.00138273060045,160.00181851419828,entry_candidate
b7e95441-2a92-4dea-be33-2e202aa8cff9,2026-06-03 23:00:00+09:00,USDJPY,rule_based_ai_stub,v0.1,downtrend,short,0.65,medium,True,短期MAが長期MAを下回り、RSIが許容範囲,取引許可,50.697339156616806,160.00141854135236,160.00182424923426,entry_candidate
30696a13-8d90-478f-91d7-3bafc325ff16,2026-06-03 23:05:00+09:00,USDJPY,rule_based_ai_stub,v0.1,downtrend,short,0.65,medium,True,短期MAが長期MAを下回り、RSIが許容範囲,取引許可,51.712802383137394,160.00150319409383,160.0017896142672,entry_candidate
8deb8bb5-75d6-40da-bce7-acac2ccf1698,2026-06-03 23:10:00+09:00,USDJPY,rule_based_ai_stub,v0.1,downtrend,short,0.65,medium,True,短期MAが長期MAを下回り、RSIが許容範囲,取引許可,50.849687836808165,160.00154572739163,160.0017545751218,entry_candidate
2f30f736-7b91-4629-85c4-2d555a0a7fc0,2026-06-03 23:15:00+09:00,USDJPY,rule_based_ai_stub,v0.1,downtrend,short,0.65,medium,True,短期MAが長期MAを下回り、RSIが許容範囲,取引許可,55.05846852729543,160.00152686166874,160.00170855814602,entry_candidate
87e39a30-63e7-45d3-bb2f-6a8c1e47457a,2026-06-03 23:20:00+09:00,USDJPY,rule_based_ai_stub,v0.1,downtrend,short,0.65,medium,True,短期MAが長期MAを下回り、RSIが許容範囲,取引許可,47.80358117217609,160.00146461856895,160.00166143119168,entry_candidate
ff1a7f0b-6cf8-429f-a936-a8d838188066,2026-06-03 23:25:00+09:00,USDJPY,rule_based_ai_stub,v0.1,downtrend,short,0.65,medium,True,短期MAが長期MAを下回り、RSIが許容範囲,取引許可,40.069665163721716,160.00128290786512,160.00158420761713,entry_candidate
bcc370bf-03a6-489f-8715-be93c0fab678,2026-06-03 23:30:00+09:00,USDJPY,rule_based_ai_stub,v0.1,downtrend,short,0.65,medium,True,短期MAが長期MAを下回り、RSIが許容範囲,取引許可,35.8654353007025,160.00097176177675,160.00149222406685,entry_candidate
eeb49251-7380-4151-9cab-40b15cc7ae67,2026-06-03 23:35:00+09:00,USDJPY,rule_based_ai_stub,v0.1,downtrend,none,0.2,low,False,条件未達,取引許可,27.1604107109586,160.00054231295488,160.00135932407508,wait
bbc1938c-3d1a-42f6-9df9-d5d405482cb5,2026-06-03 23:40:00+09:00,USDJPY,rule_based_ai_stub,v0.1,downtrend,none,0.2,low,False,条件未達,取引許可,14.921876037108945,160.00015611418192,160.00120825573498,wait
a0a6c91d-ff6a-4397-802d-d44e5650511a,2026-06-03 23:45:00+09:00,USDJPY,rule_based_ai_stub,v0.1,downtrend,none,0.2,low,False,条件未達,取引許可,15.196202433650512,159.9998865763471,160.00107224306214,wait
44a5aa15-d2e5-42c0-a9dc-c9e3c70f4053,2026-06-03 23:50:00+09:00,USDJPY,rule_based_ai_stub,v0.1,downtrend,none,0.2,low,False,条件未達,取引許可,16.39632468604738,159.99960080949674,160.00092646727802,wait
c813a4b2-174f-4a77-8181-7aa62820dc05,2026-06-03 23:55:00+09:00,USDJPY,rule_based_ai_stub,v0.1,downtrend,short,0.65,medium,True,短期MAが長期MAを下回り、RSIが許容範囲,取引許可,35.50423855473139,159.99944535719712,160.00082551362206,entry_candidate
68a1c468-6c9a-4496-b72d-b0c5807ad13e,2026-06-04 00:00:00+09:00,USDJPY,rule_based_ai_stub,v0.1,downtrend,short,0.65,medium,True,短期MAが長期MAを下回り、RSIが許容範囲,取引許可,39.83659566172996,159.99928868784153,160.0007276519016,entry_candidate
a89597f6-e529-46e0-9b87-decab37a9f28,2026-06-04 00:05:00+09:00,USDJPY,rule_based_ai_stub,v0.1,downtrend,short,0.65,medium,True,短期MAが長期MAを下回り、RSIが許容範囲,取引許可,40.58656186167629,159.99917754748276,160.00066137358976,entry_candidate
5ea76f96-efa7-418f-a800-34049b28216d,2026-06-04 00:10:00+09:00,USDJPY,rule_based_ai_stub,v0.1,downtrend,short,0.65,medium,True,短期MAが長期MAを下回り、RSIが許容範囲,取引許可,35.53313366265999,159.99901415089678,160.00060325907194,entry_candidate
ed564033-7c07-46b2-b642-4f9a1b548244,2026-06-04 00:15:00+09:00,USDJPY,rule_based_ai_stub,v0.1,downtrend,short,0.65,medium,True,短期MAが長期MAを下回り、RSIが許容範囲,取引許可,41.0056850508833,159.99892353895137,160.00054442865056,entry_candidate
df78d75a-5899-47ca-b4d1-595b272adf90,2026-06-04 00:20:00+09:00,USDJPY,rule_based_ai_stub,v0.1,downtrend,short,0.65,medium,True,短期MAが長期MAを下回り、RSIが許容範囲,取引許可,38.40061752624445,159.99883472100478,160.0004731565081,entry_candidate
950e62d0-3999-4086-86d3-c1ffd27a1a6b,2026-06-04 00:25:00+09:00,USDJPY,rule_based_ai_stub,v0.1,downtrend,short,0.65,medium,True,短期MAが長期MAを下回り、RSIが許容範囲,取引許可,41.282930870845576,159.9988223366038,160.00040698425147,entry_candidate
8de2017d-caf8-4d2c-b5d5-6e79cec0400f,2026-06-04 00:30:00+09:00,USDJPY,rule_based_ai_stub,v0.1,downtrend,short,0.65,medium,True,短期MAが長期MAを下回り、RSIが許容範囲,取引許可,53.175226628639656,159.99898411809204,160.00038317283827,entry_candidate
1f1b271b-8ab1-49eb-aac7-8c9295c2ce16,2026-06-04 00:35:00+09:00,USDJPY,rule_based_ai_stub,v0.1,downtrend,short,0.65,medium,True,短期MAが長期MAを下回り、RSIが許容範囲,取引許可,58.346437365454356,159.99920868081554,160.00035196739836,entry_candidate
9a5be17f-ccc7-40e2-a835-9f5e7fe05022,2026-06-04 00:40:00+09:00,USDJPY,rule_based_ai_stub,v0.1,downtrend,none,0.2,low,False,条件未達,取引許可,65.73279436739395,159.99953950086802,160.00034891250849,wait
2fa3b226-12a9-45d3-9671-2e3e41c2a418,2026-06-04 00:45:00+09:00,USDJPY,rule_based_ai_stub,v0.1,downtrend,none,0.2,low,False,条件未達,取引許可,68.98991961922023,159.99978248000943,160.000347109757,wait
514b25ca-7818-4625-adff-fa26295ed2b9,2026-06-04 00:50:00+09:00,USDJPY,rule_based_ai_stub,v0.1,downtrend,none,0.2,low,False,条件未達,取引許可,74.33383908010002,160.00007117967075,160.00034145977645,wait
019c397d-dfb7-498c-aa2b-12bc1ccfc6f3,2026-06-04 00:55:00+09:00,USDJPY,rule_based_ai_stub,v0.1,downtrend,none,0.2,low,False,条件未達,取引許可,75.7647129521795,160.0003168002606,160.00038162935274,wait
04bcd948-afd5-4d0b-b383-2a1b6bf8f5a1,2026-06-04 01:00:00+09:00,USDJPY,rule_based_ai_stub,v0.1,uptrend,none,0.0,high,False,条件未達,重要イベント前後のため停止: FOMC Rate Decision,77.71255705077986,160.0005064066025,160.0004045452655,wait
733ae82b-7550-4dbf-a824-1b630eb208e4,2026-06-04 01:05:00+09:00,USDJPY,rule_based_ai_stub,v0.1,uptrend,none,0.0,high,False,条件未達,重要イベント前後のため停止: FOMC Rate Decision,76.1535362022008,160.00077739356615,160.00048604504758,wait
d2c718e1-772c-4a89-8f5d-91597297b109,2026-06-04 01:10:00+09:00,USDJPY,rule_based_ai_stub,v0.1,uptrend,none,0.0,high,False,条件未達,重要イベント前後のため停止: FOMC Rate Decision,76.58194422676326,160.00112668601557,160.0005621881013,wait
82b3b2d4-885f-4b4b-9c99-6bafac88a2af,2026-06-04 01:15:00+09:00,USDJPY,rule_based_ai_stub,v0.1,uptrend,none,0.0,high,False,条件未達,重要イベント前後のため停止: FOMC Rate Decision,72.79399830366931,160.0014128396322,160.0006210800841,wait
84e0f7a1-ecdd-4d58-8752-bf5926d93201,2026-06-04 01:20:00+09:00,USDJPY,rule_based_ai_stub,v0.1,uptrend,none,0.0,high,False,条件未達,重要イベント前後のため停止: FOMC Rate Decision,79.3236668814329,160.00175939552713,160.00068624503362,wait
5110829b-c366-4076-bdff-75d0296d649b,2026-06-04 01:25:00+09:00,USDJPY,rule_based_ai_stub,v0.1,uptrend,none,0.0,high,False,条件未達,重要イベント前後のため停止: FOMC Rate Decision,79.77909060910328,160.0021484786538,160.0007512410409,wait
ed6ca1d9-f8f5-47d9-8853-445b7853a2f5,2026-06-04 01:30:00+09:00,USDJPY,rule_based_ai_stub,v0.1,uptrend,none,0.0,high,False,条件未達,重要イベント前後のため停止: FOMC Rate Decision,84.40186039493568,160.00244064805165,160.00079884264017,wait
2a76dfff-90c7-4eeb-898a-28e0f6fef006,2026-06-04 01:35:00+09:00,USDJPY,rule_based_ai_stub,v0.1,uptrend,none,0.0,high,False,条件未達,重要イベント前後のため停止: FOMC Rate Decision,74.78132202572712,160.0026591092085,160.0008033676596,wait
3bc553c8-ddbf-4fb0-bf05-823bb61cf107,2026-06-04 01:40:00+09:00,USDJPY,rule_based_ai_stub,v0.1,uptrend,long,0.0,high,False,短期MAが長期MAを上回り、RSIが許容範囲,重要イベント前後のため停止: FOMC Rate Decision,64.92884278085458,160.00278374984026,160.0008264549634,wait
76350d66-7f3d-4e3c-8e79-5c9800aefc90,2026-06-04 01:45:00+09:00,USDJPY,rule_based_ai_stub,v0.1,uptrend,long,0.0,high,False,短期MAが長期MAを上回り、RSIが許容範囲,重要イベント前後のため停止: FOMC Rate Decision,64.11875838904182,160.00293117336147,160.00086674323933,wait
7eadb80d-f085-400f-8c98-0b69715ce76b,2026-06-04 01:50:00+09:00,USDJPY,rule_based_ai_stub,v0.1,uptrend,long,0.0,high,False,短期MAが長期MAを上回り、RSIが許容範囲,重要イベント前後のため停止: FOMC Rate Decision,59.9905876111531,160.00307662463578,160.0009162046011,wait
84a7ec9c-2e07-4afc-89b7-84cd4b0fcb3b,2026-06-04 01:55:00+09:00,USDJPY,rule_based_ai_stub,v0.1,uptrend,long,0.0,high,False,短期MAが長期MAを上回り、RSIが許容範囲,重要イベント前後のため停止: FOMC Rate Decision,66.06257542832253,160.00316456948318,160.00097557564698,wait
0da4fb51-f72d-4376-904e-776de1fa8498,2026-06-04 02:00:00+09:00,USDJPY,rule_based_ai_stub,v0.1,uptrend,long,0.0,high,False,短期MAが長期MAを上回り、RSIが許容範囲,重要イベント前後のため停止: FOMC Rate Decision,66.76221387239008,160.0032927477335,160.00102928072585,wait
8e40ab74-58ac-4df1-886b-bf7892e2c783,2026-06-04 02:05:00+09:00,USDJPY,rule_based_ai_stub,v0.1,uptrend,long,0.0,high,False,短期MAが長期MAを上回り、RSIが許容範囲,重要イベント前後のため停止: FOMC Rate Decision,52.96828949090645,160.00326353633798,160.00107282579563,wait
cbc7e2fd-35b8-43b9-b66c-7e9537f47b9f,2026-06-04 02:10:00+09:00,USDJPY,rule_based_ai_stub,v0.1,uptrend,long,0.0,high,False,短期MAが長期MAを上回り、RSIが許容範囲,重要イベント前後のため停止: FOMC Rate Decision,57.835774700715696,160.00321794723826,160.00111959471687,wait
a8fe213b-a96f-4809-924c-130f602a06b7,2026-06-04 02:15:00+09:00,USDJPY,rule_based_ai_stub,v0.1,uptrend,long,0.0,high,False,短期MAが長期MAを上回り、RSIが許容範囲,重要イベント前後のため停止: FOMC Rate Decision,52.37158947915542,160.0032310107646,160.00118912978272,wait
327d622d-2a8a-405e-873a-8f898c9fbbd0,2026-06-04 02:20:00+09:00,USDJPY,rule_based_ai_stub,v0.1,uptrend,long,0.0,high,False,短期MAが長期MAを上回り、RSIが許容範囲,重要イベント前後のため停止: FOMC Rate Decision,51.599396488205755,160.00324044342636,160.00127818665274,wait
8bdf270f-0e4f-49c6-9994-9a503740236f,2026-06-04 02:25:00+09:00,USDJPY,rule_based_ai_stub,v0.1,uptrend,long,0.0,high,False,短期MAが長期MAを上回り、RSIが許容範囲,重要イベント前後のため停止: FOMC Rate Decision,59.99798525182431,160.00325528740194,160.00140870088651,wait
8d815024-75dc-4ce8-a7ea-02ec08e870c8,2026-06-04 02:30:00+09:00,USDJPY,rule_based_ai_stub,v0.1,uptrend,long,0.0,high,False,短期MAが長期MAを上回り、RSIが許容範囲,重要イベント前後のため停止: FOMC Rate Decision,60.81392873550179,160.00328073698714,160.0015685010436,wait
e4d19eb2-869b-448c-bdde-edcd6a265a98,2026-06-04 02:35:00+09:00,USDJPY,rule_based_ai_stub,v0.1,uptrend,long,0.0,high,False,短期MAが長期MAを上回り、RSIが許容範囲,重要イベント前後のため停止: FOMC Rate Decision,58.66603211648148,160.00340765681227,160.00175848227877,wait
514f5454-59c5-4703-9fff-ae488e71235d,2026-06-04 02:40:00+09:00,USDJPY,rule_based_ai_stub,v0.1,uptrend,long,0.0,high,False,短期MAが長期MAを上回り、RSIが許容範囲,重要イベント前後のため停止: FOMC Rate Decision,55.30315871914625,160.00356742521063,160.00196355863966,wait
b47c614a-74fe-4dd2-baea-e60af5ef4302,2026-06-04 02:45:00+09:00,USDJPY,rule_based_ai_stub,v0.1,uptrend,long,0.0,high,False,短期MAが長期MAを上回り、RSIが許容範囲,重要イベント前後のため停止: FOMC Rate Decision,54.737541551143416,160.0036565214941,160.0021233916217,wait
4b1a30ae-07ab-4d97-919b-37eae33164fe,2026-06-04 02:50:00+09:00,USDJPY,rule_based_ai_stub,v0.1,uptrend,long,0.0,high,False,短期MAが長期MAを上回り、RSIが許容範囲,重要イベント前後のため停止: FOMC Rate Decision,61.6023802224206,160.00377082035996,160.00230620822217,wait
6c7e439d-8dfd-4106-a19a-e56a2c331553,2026-06-04 02:55:00+09:00,USDJPY,rule_based_ai_stub,v0.1,uptrend,long,0.0,high,False,短期MAが長期MAを上回り、RSIが許容範囲,重要イベント前後のため停止: FOMC Rate Decision,64.25737342831394,160.0038644700053,160.0024486132497,wait
be5a3002-c008-45d3-b92d-33ebcf0e3e41,2026-06-04 03:00:00+09:00,USDJPY,rule_based_ai_stub,v0.1,uptrend,long,0.0,high,False,短期MAが長期MAを上回り、RSIが許容範囲,重要イベント前後のため停止: FOMC Rate Decision,65.84425690148777,160.00396281354247,160.0025873226262,wait
9169aa8e-2fd1-4132-97ae-6920c258e329,2026-06-04 03:05:00+09:00,USDJPY,rule_based_ai_stub,v0.1,uptrend,long,0.0,high,False,短期MAが長期MAを上回り、RSIが許容範囲,重要イベント前後のため停止: FOMC Rate Decision,54.76587421939715,160.0040640868688,160.00270167225764,wait
8324ca06-4ea9-4d13-860a-75a8f9663a14,2026-06-04 03:10:00+09:00,USDJPY,rule_based_ai_stub,v0.1,uptrend,long,0.0,high,False,短期MAが長期MAを上回り、RSIが許容範囲,重要イベント前後のため停止: FOMC Rate Decision,48.26815583014098,160.00409229747555,160.00281231024312,wait
dc86b9ab-a27d-4b8b-91b1-4178b905be05,2026-06-04 03:15:00+09:00,USDJPY,rule_based_ai_stub,v0.1,uptrend,long,0.0,high,False,短期MAが長期MAを上回り、RSIが許容範囲,重要イベント前後のため停止: FOMC Rate Decision,60.078462685553575,160.00414263643768,160.00292882894485,wait
335d87a0-2eb5-4fbb-89ad-174d1b019345,2026-06-04 03:20:00+09:00,USDJPY,rule_based_ai_stub,v0.1,uptrend,long,0.0,high,False,短期MAが長期MAを上回り、RSIが許容範囲,重要イベント前後のため停止: FOMC Rate Decision,58.303620142560035,160.00416300811975,160.00305428235774,wait
34d94d60-706a-452c-a318-8fd6b114ec47,2026-06-04 03:25:00+09:00,USDJPY,rule_based_ai_stub,v0.1,uptrend,long,0.0,high,False,短期MAが長期MAを上回り、RSIが許容範囲,重要イベント前後のため停止: FOMC Rate Decision,58.60619753247647,160.00416341580038,160.0031890606187,wait
10b7110b-b0b6-4fe4-9d77-5c579696a38f,2026-06-04 03:30:00+09:00,USDJPY,rule_based_ai_stub,v0.1,uptrend,long,0.0,high,False,短期MAが長期MAを上回り、RSIが許容範囲,重要イベント前後のため停止: FOMC Rate Decision,56.22551317059322,160.00412354329214,160.00328164277698,wait
0b2070ea-61ff-4991-a925-513f4a094ba8,2026-06-04 03:35:00+09:00,USDJPY,rule_based_ai_stub,v0.1,uptrend,long,0.0,high,False,短期MAが長期MAを上回り、RSIが許容範囲,重要イベント前後のため停止: FOMC Rate Decision,50.60783308296579,160.00406219958685,160.0033763218692,wait
0c8268dc-e78b-4c12-a78f-0cdf80697710,2026-06-04 03:40:00+09:00,USDJPY,rule_based_ai_stub,v0.1,uptrend,long,0.0,high,False,短期MAが長期MAを上回り、RSIが許容範囲,重要イベント前後のため停止: FOMC Rate Decision,51.22930703917569,160.00405127835745,160.00346748446947,wait
678f51aa-9a2d-42aa-927d-b51db408311e,2026-06-04 03:45:00+09:00,USDJPY,rule_based_ai_stub,v0.1,uptrend,long,0.0,high,False,短期MAが長期MAを上回り、RSIが許容範囲,重要イベント前後のため停止: FOMC Rate Decision,45.36352607856457,160.00409760293834,160.0035617659313,wait
08bb4e1d-f44a-4bcf-9970-5c95e69ce8ba,2026-06-04 03:50:00+09:00,USDJPY,rule_based_ai_stub,v0.1,uptrend,long,0.0,high,False,短期MAが長期MAを上回り、RSIが許容範囲,重要イベント前後のため停止: FOMC Rate Decision,46.388852839734234,160.00412725264712,160.0036582325476,wait
afd6b4dc-8a3b-424b-815e-e35785316f7e,2026-06-04 03:55:00+09:00,USDJPY,rule_based_ai_stub,v0.1,uptrend,long,0.0,high,False,短期MAが長期MAを上回り、RSIが許容範囲,重要イベント前後のため停止: FOMC Rate Decision,54.135137270677106,160.0041234042071,160.00371748123183,wait
a1f4c4d8-5b6f-4ed2-a06d-4e885ae3de7b,2026-06-04 04:00:00+09:00,USDJPY,rule_based_ai_stub,v0.1,uptrend,long,0.0,high,False,短期MAが長期MAを上回り、RSIが許容範囲,重要イベント前後のため停止: FOMC Rate Decision,48.10875909981558,160.00408425201383,160.00377993776326,wait
b01ec0ad-7bdf-45a6-ab1b-7826cea6ad7a,2026-06-04 04:05:00+09:00,USDJPY,rule_based_ai_stub,v0.1,uptrend,long,0.0,high,False,短期MAが長期MAを上回り、RSIが許容範囲,重要イベント前後のため停止: FOMC Rate Decision,44.546292185571296,160.00409347864317,160.00380703394998,wait
f13de779-1668-4130-abf6-a3277b8cb9f3,2026-06-04 04:10:00+09:00,USDJPY,rule_based_ai_stub,v0.1,uptrend,long,0.0,high,False,短期MAが長期MAを上回り、RSIが許容範囲,重要イベント前後のため停止: FOMC Rate Decision,44.1638037691659,160.00416786478812,160.00382603650067,wait
471a9e58-28e4-4ce7-9c7c-bc138615ac78,2026-06-04 04:15:00+09:00,USDJPY,rule_based_ai_stub,v0.1,uptrend,long,0.0,high,False,短期MAが長期MAを上回り、RSIが許容範囲,重要イベント前後のため停止: FOMC Rate Decision,49.69587764364696,160.00416565585934,160.00384643435387,wait
8183f4cf-0f56-41a5-96fa-e899434b701e,2026-06-04 04:20:00+09:00,USDJPY,rule_based_ai_stub,v0.1,uptrend,long,0.0,high,False,短期MAが長期MAを上回り、RSIが許容範囲,重要イベント前後のため停止: FOMC Rate Decision,67.4660791120271,160.00422821249452,160.0038772213469,wait
62cf61bf-b880-455f-8acf-5c16d452e553,2026-06-04 04:25:00+09:00,USDJPY,rule_based_ai_stub,v0.1,uptrend,long,0.0,high,False,短期MAが長期MAを上回り、RSIが許容範囲,重要イベント前後のため停止: FOMC Rate Decision,52.74241618307726,160.00421196372972,160.00387688897735,wait
6eb2ff89-0c0f-4dd1-bdf4-266d74166832,2026-06-04 04:30:00+09:00,USDJPY,rule_based_ai_stub,v0.1,uptrend,long,0.0,high,False,短期MAが長期MAを上回り、RSIが許容範囲,重要イベント前後のため停止: FOMC Rate Decision,51.553293774604924,160.00418495546393,160.00386307858105,wait
4df3e299-ccc8-4b8c-8e2a-06e6b858b988,2026-06-04 04:35:00+09:00,USDJPY,rule_based_ai_stub,v0.1,uptrend,long,0.0,high,False,短期MAが長期MAを上回り、RSIが許容範囲,重要イベント前後のため停止: FOMC Rate Decision,42.66458532099941,160.00413447283822,160.00386810974578,wait
f0d9bf25-8f64-46bb-b9e2-b7e783e1389e,2026-06-04 04:40:00+09:00,USDJPY,rule_based_ai_stub,v0.1,uptrend,long,0.0,high,False,短期MAが長期MAを上回り、RSIが許容範囲,重要イベント前後のため停止: FOMC Rate Decision,53.258909652537376,160.00410942491644,160.00390937616152,wait
42af7b29-fc5c-4670-8999-ea4d99d789c7,2026-06-04 04:45:00+09:00,USDJPY,rule_based_ai_stub,v0.1,uptrend,long,0.0,high,False,短期MAが長期MAを上回り、RSIが許容範囲,重要イベント前後のため停止: FOMC Rate Decision,54.25277911461073,160.00412000696988,160.00395804380076,wait
68d9b82a-03eb-4052-8f97-fcb03d329f17,2026-06-04 04:50:00+09:00,USDJPY,rule_based_ai_stub,v0.1,uptrend,long,0.0,high,False,短期MAが長期MAを上回り、RSIが許容範囲,重要イベント前後のため停止: FOMC Rate Decision,54.791975727797805,160.00417737521147,160.00402514940617,wait
e4bb195a-f6c2-46ba-a55f-385904d9bed4,2026-06-04 04:55:00+09:00,USDJPY,rule_based_ai_stub,v0.1,uptrend,long,0.0,high,False,短期MAが長期MAを上回り、RSIが許容範囲,重要イベント前後のため停止: FOMC Rate Decision,48.82828499282325,160.00418357919884,160.0040571511371,wait
0f8ece30-e36e-49b4-b878-eb756f3ba7eb,2026-06-04 05:00:00+09:00,USDJPY,rule_based_ai_stub,v0.1,uptrend,long,0.0,high,False,短期MAが長期MAを上回り、RSIが許容範囲,重要イベント前後のため停止: FOMC Rate Decision,49.79174883344029,160.00422486051085,160.0040906420224,wait
afb9ea61-5791-4090-8455-12fa56014f12,2026-06-04 05:05:00+09:00,USDJPY,rule_based_ai_stub,v0.1,uptrend,long,0.65,medium,True,短期MAが長期MAを上回り、RSIが許容範囲,取引許可,56.88791002529188,160.00432608196886,160.00416121582694,entry_candidate
2016d0cb-ee27-47b6-a068-e20253970e12,2026-06-04 05:10:00+09:00,USDJPY,rule_based_ai_stub,v0.1,uptrend,long,0.65,medium,True,短期MAが長期MAを上回り、RSIが許容範囲,取引許可,59.92854340914323,160.00442031093772,160.00422682440046,entry_candidate
07065fe3-11d1-4962-8c36-37abd3ed7f92,2026-06-04 05:15:00+09:00,USDJPY,rule_based_ai_stub,v0.1,uptrend,long,0.65,medium,True,短期MAが長期MAを上回り、RSIが許容範囲,取引許可,66.01178551823998,160.0045917513564,160.00430001455115,entry_candidate
886498ea-7cf1-46bf-b40b-e87aaadc6e14,2026-06-04 05:20:00+09:00,USDJPY,rule_based_ai_stub,v0.1,uptrend,long,0.65,medium,True,短期MAが長期MAを上回り、RSIが許容範囲,取引許可,62.00434176248989,160.00467453954633,160.00435525338688,entry_candidate
27941f48-178f-45c9-a3d9-3d4e3d9f69ba,2026-06-04 05:25:00+09:00,USDJPY,rule_based_ai_stub,v0.1,uptrend,long,0.65,medium,True,短期MAが長期MAを上回り、RSIが許容範囲,取引許可,69.37671627335033,160.00487252547336,160.00441596833448,entry_candidate
24f099d5-de74-4e5a-b7d9-ccaa3273ccef,2026-06-04 05:30:00+09:00,USDJPY,rule_based_ai_stub,v0.1,uptrend,none,0.2,low,False,条件未達,取引許可,71.97831006127161,160.0051947998888,160.0045010995483,wait
68e3cc30-0c1f-4340-8973-6e11f9e3d3b2,2026-06-04 05:35:00+09:00,USDJPY,rule_based_ai_stub,v0.1,uptrend,none,0.2,low,False,条件未達,取引許可,75.2366512638207,160.0055209189291,160.00457253045138,wait
0adce54d-e747-48f7-b1bd-18de091c938c,2026-06-04 05:40:00+09:00,USDJPY,rule_based_ai_stub,v0.1,uptrend,none,0.2,low,False,条件未達,取引許可,73.61587174023379,160.00575241394915,160.004637705741,wait
55097776-dc03-43c3-92f1-800b99a52c6c,2026-06-04 05:45:00+09:00,USDJPY,rule_based_ai_stub,v0.1,uptrend,none,0.2,low,False,条件未達,取引許可,78.97342838317238,160.00604675045423,160.00475478678746,wait
bd23b4ac-c340-413c-819f-b5f7ac252f1f,2026-06-04 05:50:00+09:00,USDJPY,rule_based_ai_stub,v0.1,uptrend,none,0.2,low,False,条件未達,取引許可,79.18487720025257,160.0063684733396,160.00489103373272,wait
52168ae1-a298-4d7c-9a26-be6322c63d0c,2026-06-04 05:55:00+09:00,USDJPY,rule_based_ai_stub,v0.1,uptrend,none,0.2,low,False,条件未達,取引許可,75.8816868109464,160.00673833124225,160.00501510488272,wait
36371909-b584-4987-8a1a-38e530354964,2026-06-04 06:00:00+09:00,USDJPY,rule_based_ai_stub,v0.1,uptrend,none,0.2,low,False,条件未達,取引許可,71.5251713478444,160.00707382729078,160.00512764660513,wait
3a7425c1-4ed8-4f2d-87d9-e51d917e282c,2026-06-04 06:05:00+09:00,USDJPY,rule_based_ai_stub,v0.1,uptrend,none,0.2,low,False,条件未達,取引許可,78.92881705236157,160.00735075256907,160.00525677106035,wait
846894bd-3837-4fdf-bb38-e045c7165039,2026-06-04 06:10:00+09:00,USDJPY,rule_based_ai_stub,v0.1,uptrend,none,0.2,low,False,条件未達,取引許可,70.18785502624942,160.00755634112235,160.00538150561607,wait
3e364a4c-934a-4679-b8d9-4bfe0bfc1aad,2026-06-04 06:15:00+09:00,USDJPY,rule_based_ai_stub,v0.1,uptrend,long,0.65,medium,True,短期MAが長期MAを上回り、RSIが許容範囲,取引許可,63.05819354800027,160.00766272305955,160.00547337675843,entry_candidate
2ddabc46-c50b-4c4b-8061-3b51d79ea68e,2026-06-04 06:20:00+09:00,USDJPY,rule_based_ai_stub,v0.1,uptrend,long,0.65,medium,True,短期MAが長期MAを上回り、RSIが許容範囲,取引許可,58.19574260506034,160.00774476238092,160.00554917147394,entry_candidate
298091a0-5f69-412c-97fc-ba19cd80b841,2026-06-04 06:25:00+09:00,USDJPY,rule_based_ai_stub,v0.1,uptrend,long,0.65,medium,True,短期MAが長期MAを上回り、RSIが許容範囲,取引許可,51.47063753255978,160.00771794445203,160.0056008112184,entry_candidate
131d6839-670d-4830-af64-2c5ff8dc2dd3,2026-06-04 06:30:00+09:00,USDJPY,rule_based_ai_stub,v0.1,uptrend,long,0.65,medium,True,短期MAが長期MAを上回り、RSIが許容範囲,取引許可,53.41976789673384,160.0075744473726,160.00565140090842,entry_candidate
871fa489-7ebd-423e-ac0f-99a2aeca3204,2026-06-04 06:35:00+09:00,USDJPY,rule_based_ai_stub,v0.1,uptrend,long,0.65,medium,True,短期MAが長期MAを上回り、RSIが許容範囲,取引許可,48.68832117317938,160.0074608029578,160.00570539824173,entry_candidate
e085038e-3abe-4c62-8ccc-3fbdd12cc157,2026-06-04 06:40:00+09:00,USDJPY,rule_based_ai_stub,v0.1,uptrend,long,0.65,medium,True,短期MAが長期MAを上回り、RSIが許容範囲,取引許可,45.139382563171516,160.00744695869372,160.00576959918644,entry_candidate
82c7373c-4899-4874-81b3-bdbf59f939f5,2026-06-04 06:45:00+09:00,USDJPY,rule_based_ai_stub,v0.1,uptrend,long,0.65,medium,True,短期MAが長期MAを上回り、RSIが許容範囲,取引許可,42.63531812605809,160.00731052750373,160.00582576164263,entry_candidate
e4d25450-8aa6-40bb-af9e-d1cb781af826,2026-06-04 06:50:00+09:00,USDJPY,rule_based_ai_stub,v0.1,uptrend,long,0.65,medium,True,短期MAが長期MAを上回り、RSIが許容範囲,取引許可,48.929254748246436,160.0071443338264,160.00589672745915,entry_candidate
5b300b83-0af6-42b3-a731-9e3a8ec7ff18,2026-06-04 06:55:00+09:00,USDJPY,rule_based_ai_stub,v0.1,uptrend,long,0.65,medium,True,短期MAが長期MAを上回り、RSIが許容範囲,取引許可,41.05129858761374,160.0069935837082,160.0059718313831,entry_candidate
e1a9d817-802d-4d9a-a950-0b541218c5ad,2026-06-04 07:00:00+09:00,USDJPY,rule_based_ai_stub,v0.1,uptrend,none,0.2,low,False,条件未達,取引許可,30.668154535231196,160.0068613697454,160.00605335251566,wait
6082a4df-26c1-4d4d-8264-84f58c9cc07f,2026-06-04 07:05:00+09:00,USDJPY,rule_based_ai_stub,v0.1,uptrend,none,0.2,low,False,条件未達,取引許可,37.436159837798925,160.0067769859876,160.00615127350852,wait
830ba03d-b86d-4e40-abc7-fe3bc8949fe3,2026-06-04 07:10:00+09:00,USDJPY,rule_based_ai_stub,v0.1,uptrend,none,0.2,low,False,条件未達,取引許可,34.82698409247347,160.0067036886543,160.0062267802381,wait
48df952f-1d74-4c1d-b582-536d03238026,2026-06-04 07:15:00+09:00,USDJPY,rule_based_ai_stub,v0.1,uptrend,none,0.2,low,False,条件未達,取引許可,38.277422102721566,160.00669544440566,160.00631663960723,wait
0f8b017c-0327-446d-9066-33fe44266e88,2026-06-04 07:20:00+09:00,USDJPY,rule_based_ai_stub,v0.1,uptrend,long,0.65,medium,True,短期MAが長期MAを上回り、RSIが許容範囲,取引許可,45.127726814378946,160.00674572980577,160.006388343911,entry_candidate
706eced2-5bf7-4004-affb-7f4e7db9d105,2026-06-04 07:25:00+09:00,USDJPY,rule_based_ai_stub,v0.1,uptrend,long,0.65,medium,True,短期MAが長期MAを上回り、RSIが許容範囲,取引許可,53.039028646008795,160.0068590276473,160.0064831658576,entry_candidate
0a950ebe-1e3d-4e1c-8a0f-0c4577767caa,2026-06-04 07:30:00+09:00,USDJPY,rule_based_ai_stub,v0.1,uptrend,long,0.65,medium,True,短期MAが長期MAを上回り、RSIが許容範囲,取引許可,61.3867001128261,160.0069885181654,160.00658592180895,entry_candidate
dccace00-e963-446c-994d-0b07d5e1679b,2026-06-04 07:35:00+09:00,USDJPY,rule_based_ai_stub,v0.1,uptrend,none,0.2,low,False,条件未達,取引許可,75.957227803581,160.00722906295388,160.00673692828025,wait
00b9567a-ee58-4558-ae54-3b400ee53cc7,2026-06-04 07:40:00+09:00,USDJPY,rule_based_ai_stub,v0.1,uptrend,none,0.2,low,False,条件未達,取引許可,71.51801055700471,160.0073601957185,160.00685318945378,wait
1ab906bb-306b-4dd3-99fd-8edd733044ae,2026-06-04 07:45:00+09:00,USDJPY,rule_based_ai_stub,v0.1,uptrend,long,0.65,medium,True,短期MAが長期MAを上回り、RSIが許容範囲,取引許可,67.36667964264703,160.00751469633738,160.00695732476512,entry_candidate
cbebff78-fa1a-4f20-a0b1-300508009d82,2026-06-04 07:50:00+09:00,USDJPY,rule_based_ai_stub,v0.1,uptrend,long,0.65,medium,True,短期MAが長期MAを上回り、RSIが許容範囲,取引許可,57.80480010719787,160.00758882381007,160.00703387699204,entry_candidate
a3e29b6e-95e2-4100-8665-4add4fc69767,2026-06-04 07:55:00+09:00,USDJPY,rule_based_ai_stub,v0.1,uptrend,long,0.65,medium,True,短期MAが長期MAを上回り、RSIが許容範囲,取引許可,60.59398601638918,160.007645876869,160.0071259306065,entry_candidate
9293e821-bebe-412b-be3b-ac7381c9ab65,2026-06-04 08:00:00+09:00,USDJPY,rule_based_ai_stub,v0.1,uptrend,long,0.65,medium,True,短期MAが長期MAを上回り、RSIが許容範囲,取引許可,51.835711344719584,160.007673533757,160.0072029102644,entry_candidate
826b1be4-c8ac-4aeb-b39c-ccc3be692ca8,2026-06-04 08:05:00+09:00,USDJPY,rule_based_ai_stub,v0.1,uptrend,long,0.65,medium,True,短期MAが長期MAを上回り、RSIが許容範囲,取引許可,58.800366657773765,160.00772690049698,160.00728487968456,entry_candidate
35591d4b-f1e3-4bb4-bbca-2b78bf9e95a1,2026-06-04 08:10:00+09:00,USDJPY,rule_based_ai_stub,v0.1,uptrend,long,0.65,medium,True,短期MAが長期MAを上回り、RSIが許容範囲,取引許可,64.25392412546401,160.00790742855045,160.00738915277574,entry_candidate
7f7ac8da-1ce0-4bcd-9b8a-fbebb3a71ea0,2026-06-04 08:15:00+09:00,USDJPY,rule_based_ai_stub,v0.1,uptrend,long,0.65,medium,True,短期MAが長期MAを上回り、RSIが許容範囲,取引許可,58.806717980683935,160.00804029880192,160.00746615542238,entry_candidate
e5126397-9e88-44d4-a62a-3e007c74c2b9,2026-06-04 08:20:00+09:00,USDJPY,rule_based_ai_stub,v0.1,uptrend,long,0.65,medium,True,短期MAが長期MAを上回り、RSIが許容範囲,取引許可,60.39025373850403,160.00812322866432,160.00753790695032,entry_candidate
8403c7b4-d50b-4c16-b9a0-56f893eeee23,2026-06-04 08:25:00+09:00,USDJPY,rule_based_ai_stub,v0.1,uptrend,long,0.65,medium,True,短期MAが長期MAを上回り、RSIが許容範囲,取引許可,60.71452233791604,160.00820510674131,160.0075940262802,entry_candidate
397ffa85-8fa2-4128-a11b-81d535d1a226,2026-06-04 08:30:00+09:00,USDJPY,rule_based_ai_stub,v0.1,uptrend,long,0.65,medium,True,短期MAが長期MAを上回り、RSIが許容範囲,取引許可,57.176757192427715,160.00824491523394,160.00760262692398,entry_candidate
a83ef56a-2fab-44e7-9f4d-9f010cb076f8,2026-06-04 08:35:00+09:00,USDJPY,rule_based_ai_stub,v0.1,uptrend,long,0.65,medium,True,短期MAが長期MAを上回り、RSIが許容範囲,取引許可,57.70608369385741,160.00819360531042,160.0076278237407,entry_candidate
3aea9012-9054-4ef4-a73b-01c339d6258a,2026-06-04 08:40:00+09:00,USDJPY,rule_based_ai_stub,v0.1,uptrend,long,0.65,medium,True,短期MAが長期MAを上回り、RSIが許容範囲,取引許可,57.382675423026534,160.0081843285372,160.0076638276498,entry_candidate
720eceb9-01b8-4fcd-8125-511fb4005534,2026-06-04 08:45:00+09:00,USDJPY,rule_based_ai_stub,v0.1,uptrend,none,0.2,low,False,条件未達,取引許可,38.813794304625425,160.00812581440593,160.0076503460824,wait
b679ec81-07af-4885-a018-3f0049586c01,2026-06-04 08:50:00+09:00,USDJPY,rule_based_ai_stub,v0.1,uptrend,long,0.65,medium,True,短期MAが長期MAを上回り、RSIが許容範囲,取引許可,49.46466048792472,160.00817583256108,160.00763633006585,entry_candidate
a7425a72-bdb5-4bc0-b219-6da2561c268a,2026-06-04 08:55:00+09:00,USDJPY,rule_based_ai_stub,v0.1,uptrend,long,0.65,medium,True,短期MAが長期MAを上回り、RSIが許容範囲,取引許可,58.792500194781994,160.00834341845584,160.00766095967768,entry_candidate
8b5322df-9636-4806-b2c8-17488e945e83,2026-06-04 09:00:00+09:00,USDJPY,rule_based_ai_stub,v0.1,uptrend,long,0.65,medium,True,短期MAが長期MAを上回り、RSIが許容範囲,取引許可,58.841045729062664,160.00851223427242,160.00768237925828,entry_candidate
11cef298-a0d2-4c55-a0b8-b9a67976d174,2026-06-04 09:05:00+09:00,USDJPY,rule_based_ai_stub,v0.1,uptrend,long,0.65,medium,True,短期MAが長期MAを上回り、RSIが許容範囲,取引許可,59.63916952356195,160.0086022141845,160.00770203355637,entry_candidate
21622c90-d733-494a-afea-c84ba3fdc392,2026-06-04 09:10:00+09:00,USDJPY,rule_based_ai_stub,v0.1,uptrend,long,0.65,medium,True,短期MAが長期MAを上回り、RSIが許容範囲,取引許可,63.724305649277554,160.00863546215365,160.00774885978615,entry_candidate
66eb73c5-80d0-423b-a7ae-9210f53fde5b,2026-06-04 09:15:00+09:00,USDJPY,rule_based_ai_stub,v0.1,uptrend,long,0.65,medium,True,短期MAが長期MAを上回り、RSIが許容範囲,取引許可,60.955574213903084,160.00871397027703,160.00781657116153,entry_candidate
6cad11a3-a853-4aee-b008-62c7e93c5127,2026-06-04 09:20:00+09:00,USDJPY,rule_based_ai_stub,v0.1,uptrend,long,0.65,medium,True,短期MAが長期MAを上回り、RSIが許容範囲,取引許可,58.10440361034626,160.0088670233927,160.00791199395425,entry_candidate
6bb7d6be-4efc-4677-85c7-295a460b686f,2026-06-04 09:25:00+09:00,USDJPY,rule_based_ai_stub,v0.1,uptrend,long,0.65,medium,True,短期MAが長期MAを上回り、RSIが許容範囲,取引許可,67.93974741686763,160.00909701595745,160.00805371678203,entry_candidate
e94e89ad-bc65-4605-8e61-827a13928cee,2026-06-04 09:30:00+09:00,USDJPY,rule_based_ai_stub,v0.1,uptrend,none,0.2,low,False,条件未達,取引許可,71.8971848939288,160.00934577231305,160.00819306857082,wait
26213a17-2039-4bba-8186-61cac5e79b99,2026-06-04 09:35:00+09:00,USDJPY,rule_based_ai_stub,v0.1,uptrend,long,0.65,medium,True,短期MAが長期MAを上回り、RSIが許容範囲,取引許可,65.84162490974616,160.00952296721556,160.0083152118266,entry_candidate
e65c6103-2377-4578-a8e1-f3fffecd53f0,2026-06-04 09:40:00+09:00,USDJPY,rule_based_ai_stub,v0.1,uptrend,long,0.65,medium,True,短期MAが長期MAを上回り、RSIが許容範囲,取引許可,61.44011993290319,160.00962105000562,160.00838852475377,entry_candidate
1a81a48c-2415-45b7-9c31-b65e38b2f4fc,2026-06-04 09:45:00+09:00,USDJPY,rule_based_ai_stub,v0.1,uptrend,long,0.65,medium,True,短期MAが長期MAを上回り、RSIが許容範囲,取引許可,55.89760284331083,160.0097583734994,160.00846629474756,entry_candidate
07a2373c-a0ee-4696-9044-0f5db8c0f444,2026-06-04 09:50:00+09:00,USDJPY,rule_based_ai_stub,v0.1,uptrend,long,0.65,medium,True,短期MAが長期MAを上回り、RSIが許容範囲,取引許可,55.03079358953423,160.00981666538453,160.0085271072519,entry_candidate
197abba4-504e-41f3-903f-30ee51cf1078,2026-06-04 09:55:00+09:00,USDJPY,rule_based_ai_stub,v0.1,uptrend,long,0.65,medium,True,短期MAが長期MAを上回り、RSIが許容範囲,取引許可,68.09815753877534,160.00987489127914,160.00862139553468,entry_candidate
a9e13381-eae1-4e00-8997-99a23cabca75,2026-06-04 10:00:00+09:00,USDJPY,rule_based_ai_stub,v0.1,uptrend,long,0.65,medium,True,短期MAが長期MAを上回り、RSIが許容範囲,取引許可,60.78176496892466,160.00993787604332,160.00870788135757,entry_candidate
510e5ca3-7ddf-41d4-bb9b-d0c0e533b056,2026-06-04 10:05:00+09:00,USDJPY,rule_based_ai_stub,v0.1,uptrend,long,0.65,medium,True,短期MAが長期MAを上回り、RSIが許容範囲,取引許可,54.560819283407525,160.01003143528308,160.00878684998818,entry_candidate
3ca7cd4c-e5f5-482c-8408-bc5717c8e062,2026-06-04 10:10:00+09:00,USDJPY,rule_based_ai_stub,v0.1,uptrend,long,0.65,medium,True,短期MAが長期MAを上回り、RSIが許容範囲,取引許可,58.05370560027498,160.01010988010853,160.00888425693756,entry_candidate
c3b5b4e2-dca3-46e4-84d5-36293a3c76c1,2026-06-04 10:15:00+09:00,USDJPY,rule_based_ai_stub,v0.1,uptrend,long,0.65,medium,True,短期MAが長期MAを上回り、RSIが許容範囲,取引許可,65.15667994820981,160.01023102175813,160.0089950969457,entry_candidate
3092d158-b8f4-4e1e-87f5-01d40e607b1c,2026-06-04 10:20:00+09:00,USDJPY,rule_based_ai_stub,v0.1,uptrend,none,0.2,low,False,条件未達,取引許可,71.45902802389614,160.0104455828154,160.00914527829082,wait
3f7644ba-6f16-4e73-b2d2-9fcda097574f,2026-06-04 10:25:00+09:00,USDJPY,rule_based_ai_stub,v0.1,uptrend,long,0.65,medium,True,短期MAが長期MAを上回り、RSIが許容範囲,取引許可,67.73359015521763,160.01053309020708,160.00927840430194,entry_candidate
0e3be2f3-476d-4fe7-ba60-80b8af5a41d7,2026-06-04 10:30:00+09:00,USDJPY,rule_based_ai_stub,v0.1,uptrend,long,0.65,medium,True,短期MAが長期MAを上回り、RSIが許容範囲,取引許可,63.37680030655246,160.010604972988,160.0093985535117,entry_candidate
9f960530-737c-42f7-98a7-13e12982219e,2026-06-04 10:35:00+09:00,USDJPY,rule_based_ai_stub,v0.1,uptrend,long,0.65,medium,True,短期MAが長期MAを上回り、RSIが許容範囲,取引許可,60.269132140510344,160.01076897867503,160.0094951837337,entry_candidate
7c6abae8-0211-4ff5-aef4-8090f83efbfb,2026-06-04 10:40:00+09:00,USDJPY,rule_based_ai_stub,v0.1,uptrend,long,0.65,medium,True,短期MAが長期MAを上回り、RSIが許容範囲,取引許可,63.407153173729846,160.0110360448979,160.00961380781357,entry_candidate
7ccbf503-3953-46e1-8aab-0324332634a7,2026-06-04 10:45:00+09:00,USDJPY,rule_based_ai_stub,v0.1,uptrend,none,0.2,low,False,条件未達,取引許可,72.46139476813221,160.0114319929891,160.00977206029813,wait
b1fa2ed7-e89d-4cee-a335-f986fa19c9bf,2026-06-04 10:50:00+09:00,USDJPY,rule_based_ai_stub,v0.1,uptrend,none,0.2,low,False,条件未達,取引許可,81.87764956313117,160.01185879383817,160.00995043059459,wait
b018ec6f-8106-44d3-a01f-e8600017eb9e,2026-06-04 10:55:00+09:00,USDJPY,rule_based_ai_stub,v0.1,uptrend,none,0.2,low,False,条件未達,取引許可,84.44095434790516,160.01217790218953,160.0101320706415,wait
ee8bd88a-087f-480e-840d-7a7a07de1fa5,2026-06-04 11:00:00+09:00,USDJPY,rule_based_ai_stub,v0.1,uptrend,none,0.2,low,False,条件未達,取引許可,85.31075359986744,160.01255242384738,160.0103341780544,wait
0656987f-602d-4d3e-997d-f776ed4d98ed,2026-06-04 11:05:00+09:00,USDJPY,rule_based_ai_stub,v0.1,uptrend,none,0.2,low,False,条件未達,取引許可,84.45522315752567,160.0129711912867,160.01053494691809,wait
f4f8a139-238e-458d-be6b-a0e3371ff0cf,2026-06-04 11:10:00+09:00,USDJPY,rule_based_ai_stub,v0.1,uptrend,none,0.2,low,False,条件未達,取引許可,89.02259308420209,160.01343180397987,160.01072571541403,wait
38c80dd7-f992-44b3-9716-75f7bebbed06,2026-06-04 11:15:00+09:00,USDJPY,rule_based_ai_stub,v0.1,uptrend,none,0.2,low,False,条件未達,取引許可,89.2736444469604,160.0138583607109,160.01093445091536,wait
2c0f8cac-fda7-44b6-aaed-d88a3b956fb8,2026-06-04 11:20:00+09:00,USDJPY,rule_based_ai_stub,v0.1,uptrend,none,0.2,low,False,条件未達,取引許可,90.13557165928016,160.01421190455514,160.01117483692107,wait
ee06764d-8e30-472d-aacb-8ec51a52aff7,2026-06-04 11:25:00+09:00,USDJPY,rule_based_ai_stub,v0.1,uptrend,none,0.2,low,False,条件未達,取引許可,90.12157516742374,160.01465045661755,160.01142685426072,wait
1645b9e5-fdc7-4d81-9865-ba2db30fc7c5,2026-06-04 11:30:00+09:00,USDJPY,rule_based_ai_stub,v0.1,uptrend,none,0.2,low,False,条件未達,取引許可,89.2032899935333,160.01518258860162,160.01171111130088,wait
5793ef80-f99f-430d-8673-79ab5b72e997,2026-06-04 11:35:00+09:00,USDJPY,rule_based_ai_stub,v0.1,uptrend,none,0.2,low,False,条件未達,取引許可,93.45904385730059,160.01569494803624,160.01199563130893,wait
b1253b57-69e5-4339-a064-5cd5441a4ab5,2026-06-04 11:40:00+09:00,USDJPY,rule_based_ai_stub,v0.1,uptrend,none,0.2,low,False,条件未達,取引許可,95.93965523939559,160.01616485699233,160.01227398396531,wait
b0265969-651f-4f34-928f-7ed4f0060960,2026-06-04 11:45:00+09:00,USDJPY,rule_based_ai_stub,v0.1,uptrend,none,0.2,low,False,条件未達,取引許可,95.61564162645142,160.01654976626648,160.01258004425165,wait
a05e52f5-5585-4e58-b375-1b58005dabcb,2026-06-04 11:50:00+09:00,USDJPY,rule_based_ai_stub,v0.1,uptrend,none,0.2,low,False,条件未達,取引許可,95.81104836845483,160.0169658045797,160.01288042126745,wait
a1b627b9-f504-4dd7-9b84-9d53f514b58a,2026-06-04 11:55:00+09:00,USDJPY,rule_based_ai_stub,v0.1,uptrend,none,0.2,low,False,条件未達,取引許可,87.92144231937698,160.0173589607139,160.0131372513942,wait
75653e84-1b1a-4f5b-ad9f-131850772f2b,2026-06-04 12:00:00+09:00,USDJPY,rule_based_ai_stub,v0.1,uptrend,none,0.2,low,False,条件未達,取引許可,87.6736499653044,160.017741017772,160.0134104392209,wait
f56d3c6e-b345-4e0f-8c84-1320e0079850,2026-06-04 12:05:00+09:00,USDJPY,rule_based_ai_stub,v0.1,uptrend,none,0.2,low,False,条件未達,取引許可,87.39008193266707,160.01804797271043,160.0136835330934,wait
ea84edf2-c8a4-4f3b-a1b8-0310ba5195c0,2026-06-04 12:10:00+09:00,USDJPY,rule_based_ai_stub,v0.1,uptrend,none,0.2,low,False,条件未達,取引許可,86.67900547312539,160.018315340781,160.01395234162314,wait
2900e713-fba7-455d-866e-28351a6658cb,2026-06-04 12:15:00+09:00,USDJPY,rule_based_ai_stub,v0.1,uptrend,none,0.2,low,False,条件未達,取引許可,86.90212798961943,160.0186212677431,160.01423688340407,wait
5713314c-9b45-449c-9b1c-dcb14a14e78e,2026-06-04 12:20:00+09:00,USDJPY,rule_based_ai_stub,v0.1,uptrend,none,0.2,low,False,条件未達,取引許可,86.03484206135863,160.01888341592414,160.01451363443158,wait
f775761c-5c64-4cf8-babe-1e45cddbc281,2026-06-04 12:25:00+09:00,USDJPY,rule_based_ai_stub,v0.1,uptrend,none,0.2,low,False,条件未達,取引許可,85.32326193409244,160.0190894211531,160.01475765599258,wait
6e1fa0c2-bbd6-44ed-b6dc-39d200efcfa0,2026-06-04 12:30:00+09:00,USDJPY,rule_based_ai_stub,v0.1,uptrend,none,0.2,low,False,条件未達,取引許可,71.2965375749429,160.0191583256254,160.01498196240502,wait
1af794b2-8e15-4fc0-a6d8-9fcd26fdb73d,2026-06-04 12:35:00+09:00,USDJPY,rule_based_ai_stub,v0.1,uptrend,long,0.65,medium,True,短期MAが長期MAを上回り、RSIが許容範囲,取引許可,69.9292623069256,160.01923210728165,160.015232011331,entry_candidate
c1fe7328-c934-4846-8629-e0309571d863,2026-06-04 12:40:00+09:00,USDJPY,rule_based_ai_stub,v0.1,uptrend,long,0.65,medium,True,短期MAが長期MAを上回り、RSIが許容範囲,取引許可,67.20928783958067,160.01934651905097,160.01551580698043,entry_candidate
d3134927-a737-483c-a776-6d5f2673e406,2026-06-04 12:45:00+09:00,USDJPY,rule_based_ai_stub,v0.1,uptrend,none,0.2,low,False,条件未達,取引許可,72.3509872981972,160.01956175787214,160.01584783904258,wait
b73fbf3c-67c4-4194-93b9-d1fb093ce594,2026-06-04 12:50:00+09:00,USDJPY,rule_based_ai_stub,v0.1,uptrend,none,0.2,low,False,条件未達,取引許可,71.31247815715695,160.01970128233322,160.0161752935837,wait
7fe55787-743b-4111-bd87-c37633551c37,2026-06-04 12:55:00+09:00,USDJPY,rule_based_ai_stub,v0.1,uptrend,none,0.2,low,False,条件未達,取引許可,71.52297601312073,160.01989261109426,160.01647649133255,wait
e76fbe39-f6d4-4d25-b616-d8de38bd1696,2026-06-04 13:00:00+09:00,USDJPY,rule_based_ai_stub,v0.1,uptrend,long,0.65,medium,True,短期MAが長期MAを上回り、RSIが許容範囲,取引許可,68.46559340972561,160.02007797537402,160.01679047233114,entry_candidate
4e44e4e7-3380-475f-89c3-f96c2250a9aa,2026-06-04 13:05:00+09:00,USDJPY,rule_based_ai_stub,v0.1,uptrend,none,0.2,low,False,条件未達,取引許可,79.28687808583409,160.0203618792584,160.01712701441852,wait
d68bdd97-0fe9-4a5e-b704-507179104fd8,2026-06-04 13:10:00+09:00,USDJPY,rule_based_ai_stub,v0.1,uptrend,none,0.2,low,False,条件未達,取引許可,77.77487423168812,160.02063958112498,160.01746224196194,wait
1a713a23-b4ea-456f-ba7c-2f8da3ef2f9d,2026-06-04 13:15:00+09:00,USDJPY,rule_based_ai_stub,v0.1,uptrend,none,0.2,low,False,条件未達,取引許可,81.62288927468813,160.02086731147475,160.01778231330957,wait
e92706c8-37e2-4f27-978b-cf8a47fc55d9,2026-06-04 13:20:00+09:00,USDJPY,rule_based_ai_stub,v0.1,uptrend,none,0.2,low,False,条件未達,取引許可,82.6979372555339,160.0211158816966,160.0180704007253,wait
70b4643d-d74f-4e80-89ee-788233c46d42,2026-06-04 13:25:00+09:00,USDJPY,rule_based_ai_stub,v0.1,uptrend,none,0.2,low,False,条件未達,取引許可,80.55324200302027,160.02137146054721,160.01837044610593,wait
c0e8d537-a2bf-4db6-8dfe-8be4b388ea2c,2026-06-04 13:30:00+09:00,USDJPY,rule_based_ai_stub,v0.1,uptrend,none,0.2,low,False,条件未達,取引許可,76.27215931570693,160.02167271052414,160.01867120825037,wait
07af1973-ea1f-4c29-abb3-89969e240f91,2026-06-04 13:35:00+09:00,USDJPY,rule_based_ai_stub,v0.1,uptrend,none,0.2,low,False,条件未達,取引許可,76.653888724736,160.02194635232237,160.01895780254677,wait
5832ffe8-30c7-4371-bb05-d0e1c4292378,2026-06-04 13:40:00+09:00,USDJPY,rule_based_ai_stub,v0.1,uptrend,none,0.2,low,False,条件未達,取引許可,91.04200373129623,160.0222414014991,160.01925092584747,wait
e9bb7577-9ed3-4769-9f2e-c431f4f153d3,2026-06-04 13:45:00+09:00,USDJPY,rule_based_ai_stub,v0.1,uptrend,none,0.2,low,False,条件未達,取引許可,80.27304347060893,160.02237696217463,160.01949616210442,wait
dee34bd9-bcad-40da-a8a3-174726212284,2026-06-04 13:50:00+09:00,USDJPY,rule_based_ai_stub,v0.1,uptrend,none,0.2,low,False,条件未達,取引許可,79.10549673791267,160.02253456024565,160.0197338823862,wait
427cf884-9218-42f7-8c8a-e0073388cbef,2026-06-04 13:55:00+09:00,USDJPY,rule_based_ai_stub,v0.1,uptrend,long,0.65,medium,True,短期MAが長期MAを上回り、RSIが許容範囲,取引許可,65.19887499079562,160.02264619475955,160.01996592218924,entry_candidate
c7caf72c-6187-42fb-b1b3-f47cb01d9dec,2026-06-04 14:00:00+09:00,USDJPY,rule_based_ai_stub,v0.1,uptrend,none,0.2,low,False,条件未達,取引許可,72.7634499695993,160.02280511242068,160.0202080351889,wait
6573bf73-d488-46a5-963c-b15550062dc9,2026-06-04 14:05:00+09:00,USDJPY,rule_based_ai_stub,v0.1,uptrend,long,0.65,medium,True,短期MAが長期MAを上回り、RSIが許容範囲,取引許可,60.35822554648773,160.0228089980726,160.02040628334714,entry_candidate
7b6bade4-906d-4438-a77f-62e8835ebbbd,2026-06-04 14:10:00+09:00,USDJPY,rule_based_ai_stub,v0.1,uptrend,long,0.65,medium,True,短期MAが長期MAを上回り、RSIが許容範囲,取引許可,55.86456972388936,160.0227897024088,160.02058154143825,entry_candidate
7fcf1e1e-1e0e-4e9b-98a0-e44e160e3f23,2026-06-04 14:15:00+09:00,USDJPY,rule_based_ai_stub,v0.1,uptrend,long,0.65,medium,True,短期MAが長期MAを上回り、RSIが許容範囲,取引許可,49.580894327603566,160.02277531626243,160.02075463182678,entry_candidate
9075f2bd-3762-48f1-8272-ba0a9b50b736,2026-06-04 14:20:00+09:00,USDJPY,rule_based_ai_stub,v0.1,uptrend,long,0.65,medium,True,短期MAが長期MAを上回り、RSIが許容範囲,取引許可,58.00372745904949,160.02280881149204,160.02093603637093,entry_candidate
f1ab32c3-b578-422c-bc46-10e4eb33fbd1,2026-06-04 14:25:00+09:00,USDJPY,rule_based_ai_stub,v0.1,uptrend,long,0.65,medium,True,短期MAが長期MAを上回り、RSIが許容範囲,取引許可,56.42796070451364,160.02282968875244,160.02109685681756,entry_candidate
ace9b78c-ad66-472f-9e5a-adfd82fbd7ff,2026-06-04 14:30:00+09:00,USDJPY,rule_based_ai_stub,v0.1,uptrend,long,0.65,medium,True,短期MAが長期MAを上回り、RSIが許容範囲,取引許可,50.428529979172076,160.02284512771726,160.0212253879556,entry_candidate
53aa7187-3d30-4c3d-8dfe-6554529bf09b,2026-06-04 14:35:00+09:00,USDJPY,rule_based_ai_stub,v0.1,uptrend,long,0.65,medium,True,短期MAが長期MAを上回り、RSIが許容範囲,取引許可,57.86505819934202,160.02294492003588,160.02137445987995,entry_candidate
a6252352-3d3c-49b4-8c04-a242ad08f1ff,2026-06-04 14:40:00+09:00,USDJPY,rule_based_ai_stub,v0.1,uptrend,long,0.65,medium,True,短期MAが長期MAを上回り、RSIが許容範囲,取引許可,53.15212812351354,160.02291863007198,160.0215021835407,entry_candidate
c5a5484f-87f3-4bfd-8705-c5b058d618ee,2026-06-04 14:45:00+09:00,USDJPY,rule_based_ai_stub,v0.1,uptrend,long,0.65,medium,True,短期MAが長期MAを上回り、RSIが許容範囲,取引許可,44.33151711809757,160.02283372557523,160.02159081520733,entry_candidate
a5830144-072b-460a-a76c-85b5e9353e09,2026-06-04 14:50:00+09:00,USDJPY,rule_based_ai_stub,v0.1,uptrend,long,0.65,medium,True,短期MAが長期MAを上回り、RSIが許容範囲,取引許可,41.744627317658754,160.02276417331726,160.02166667196536,entry_candidate
c1723ffb-45ef-42b3-98db-9f215689dcc5,2026-06-04 14:55:00+09:00,USDJPY,rule_based_ai_stub,v0.1,uptrend,long,0.65,medium,True,短期MAが長期MAを上回り、RSIが許容範囲,取引許可,43.414524876052255,160.02270452438884,160.02174777674753,entry_candidate
45ae0222-845e-4a37-b5f3-975b4d5b99ee,2026-06-04 15:00:00+09:00,USDJPY,rule_based_ai_stub,v0.1,uptrend,none,0.2,low,False,条件未達,取引許可,39.685354351678896,160.02253406148813,160.0218057164276,wait
980272e1-6023-4c25-873e-154b1ec7c027,2026-06-04 15:05:00+09:00,USDJPY,rule_based_ai_stub,v0.1,uptrend,long,0.65,medium,True,短期MAが長期MAを上回り、RSIが許容範囲,取引許可,44.74367597101849,160.022475175755,160.02188201769533,entry_candidate
7aba0d8a-1bc2-402f-ab46-5d312f388780,2026-06-04 15:10:00+09:00,USDJPY,rule_based_ai_stub,v0.1,uptrend,long,0.65,medium,True,短期MAが長期MAを上回り、RSIが許容範囲,取引許可,40.717728633340506,160.02245642614992,160.0219619032279,entry_candidate
7a2890b1-cc94-4b9f-b443-f011af27841d,2026-06-04 15:15:00+09:00,USDJPY,rule_based_ai_stub,v0.1,uptrend,long,0.65,medium,True,短期MAが長期MAを上回り、RSIが許容範囲,取引許可,43.946082233805775,160.02239061201956,160.0220110799189,entry_candidate
f548e323-0e1a-4957-89ba-dafb3ac0adf2,2026-06-04 15:20:00+09:00,USDJPY,rule_based_ai_stub,v0.1,uptrend,long,0.65,medium,True,短期MAが長期MAを上回り、RSIが許容範囲,取引許可,41.472879386902434,160.0221825064678,160.02203573321881,entry_candidate
79e6b139-e103-4e12-9ced-0d28fb004c36,2026-06-04 15:25:00+09:00,USDJPY,rule_based_ai_stub,v0.1,downtrend,short,0.65,medium,True,短期MAが長期MAを下回り、RSIが許容範囲,取引許可,43.6500283212218,160.02202131129553,160.02207415353172,entry_candidate
dceda20e-5405-41c9-8faa-2d52c748d990,2026-06-04 15:30:00+09:00,USDJPY,rule_based_ai_stub,v0.1,downtrend,short,0.65,medium,True,短期MAが長期MAを下回り、RSIが許容範囲,取引許可,39.48983897795299,160.02192038615848,160.02214607479993,entry_candidate
bd39083a-3c89-43d0-b7ad-a7e31a6a208d,2026-06-04 15:35:00+09:00,USDJPY,rule_based_ai_stub,v0.1,downtrend,short,0.65,medium,True,短期MAが長期MAを下回り、RSIが許容範囲,取引許可,39.3836595439792,160.02172044437475,160.02220390557764,entry_candidate
4a0415d1-5f2c-4da6-aabd-8cfeddeef563,2026-06-04 15:40:00+09:00,USDJPY,rule_based_ai_stub,v0.1,downtrend,short,0.65,medium,True,短期MAが長期MAを下回り、RSIが許容範囲,取引許可,49.13600150921286,160.02168523513586,160.02228175556897,entry_candidate
0aeb5211-b0b8-4d83-a46f-ffd2f0eea79c,2026-06-04 15:45:00+09:00,USDJPY,rule_based_ai_stub,v0.1,downtrend,short,0.65,medium,True,短期MAが長期MAを下回り、RSIが許容範囲,取引許可,37.65110487454797,160.02170646195648,160.02230571656878,entry_candidate
8ea7a4a1-7337-4d9e-93f0-d5bef077395f,2026-06-04 15:50:00+09:00,USDJPY,rule_based_ai_stub,v0.1,downtrend,short,0.65,medium,True,短期MAが長期MAを下回り、RSIが許容範囲,取引許可,37.42643045061344,160.02162941179606,160.02230938178633,entry_candidate
98c8091e-8cf5-4541-b1e6-a679b61689ed,2026-06-04 15:55:00+09:00,USDJPY,rule_based_ai_stub,v0.1,downtrend,short,0.65,medium,True,短期MAが長期MAを下回り、RSIが許容範囲,取引許可,42.338062947334286,160.02154286894333,160.02229786269723,entry_candidate
d8726038-f8c6-4433-9bfe-92ddb36ead67,2026-06-04 16:00:00+09:00,USDJPY,rule_based_ai_stub,v0.1,downtrend,short,0.65,medium,True,短期MAが長期MAを下回り、RSIが許容範囲,取引許可,39.84523931357602,160.02150510843066,160.0222814274465,entry_candidate
e296cfe8-5984-427c-b6e1-476c5687acbc,2026-06-04 16:05:00+09:00,USDJPY,rule_based_ai_stub,v0.1,downtrend,short,0.65,medium,True,短期MAが長期MAを下回り、RSIが許容範囲,取引許可,43.07544006442131,160.0214440970681,160.02224275696526,entry_candidate
78b230e1-3954-4f48-9999-123f15116984,2026-06-04 16:10:00+09:00,USDJPY,rule_based_ai_stub,v0.1,downtrend,short,0.65,medium,True,短期MAが長期MAを下回り、RSIが許容範囲,取引許可,46.418808315214406,160.02135883386697,160.0222016541419,entry_candidate
46212b0a-9317-4669-88bf-246936215d97,2026-06-04 16:15:00+09:00,USDJPY,rule_based_ai_stub,v0.1,downtrend,short,0.65,medium,True,短期MAが長期MAを下回り、RSIが許容範囲,取引許可,44.449250570442686,160.02131937736718,160.02216176854972,entry_candidate
58c8110f-4106-42e3-802e-f6e05a75fe6c,2026-06-04 16:20:00+09:00,USDJPY,rule_based_ai_stub,v0.1,downtrend,short,0.65,medium,True,短期MAが長期MAを下回り、RSIが許容範囲,取引許可,37.94739227593732,160.02128135911613,160.02209089235868,entry_candidate
3523b1b8-3418-4ff4-b9fa-df1d9f0efc4b,2026-06-04 16:25:00+09:00,USDJPY,rule_based_ai_stub,v0.1,downtrend,short,0.65,medium,True,短期MAが長期MAを下回り、RSIが許容範囲,取引許可,47.56671824055464,160.02127190622886,160.02204096875892,entry_candidate
9c91bb39-a2e1-4d0b-b170-6687920550bd,2026-06-04 16:30:00+09:00,USDJPY,rule_based_ai_stub,v0.1,downtrend,short,0.65,medium,True,短期MAが長期MAを下回り、RSIが許容範囲,取引許可,53.05606665294631,160.02122583572375,160.02199711653316,entry_candidate
836e71aa-fbc5-4466-b05e-9fa6257aa75d,2026-06-04 16:35:00+09:00,USDJPY,rule_based_ai_stub,v0.1,downtrend,short,0.65,medium,True,短期MAが長期MAを下回り、RSIが許容範囲,取引許可,54.13760444554994,160.02124058880344,160.02196865107135,entry_candidate
d26ef3c2-5cbd-497f-b2ae-4abb2ae2a8b8,2026-06-04 16:40:00+09:00,USDJPY,rule_based_ai_stub,v0.1,downtrend,short,0.65,medium,True,短期MAが長期MAを下回り、RSIが許容範囲,取引許可,52.77113151216958,160.02118014630062,160.02192800383617,entry_candidate
65c32036-5538-49b1-807b-46418c052140,2026-06-04 16:45:00+09:00,USDJPY,rule_based_ai_stub,v0.1,downtrend,short,0.65,medium,True,短期MAが長期MAを下回り、RSIが許容範囲,取引許可,55.265220116859254,160.0211960456971,160.02191207774297,entry_candidate
d5cb19af-ef6d-4afe-a6b3-a952283c3d31,2026-06-04 16:50:00+09:00,USDJPY,rule_based_ai_stub,v0.1,downtrend,short,0.65,medium,True,短期MAが長期MAを下回り、RSIが許容範囲,取引許可,49.21030072553828,160.02131670971613,160.02190343160981,entry_candidate
f055c2b8-0409-443d-a629-b8edce5c57f8,2026-06-04 16:55:00+09:00,USDJPY,rule_based_ai_stub,v0.1,downtrend,short,0.65,medium,True,短期MAが長期MAを下回り、RSIが許容範囲,取引許可,57.737960670937966,160.02149435456667,160.0219139159663,entry_candidate
87f6f20a-e424-4a2e-9d35-9b145004276d,2026-06-04 17:00:00+09:00,USDJPY,rule_based_ai_stub,v0.1,downtrend,none,0.2,low,False,条件未達,取引許可,72.11974839652132,160.02170641485603,160.02191519492493,wait
d9f23667-0cd6-41bc-8ca6-72e3d3276ff0,2026-06-04 17:05:00+09:00,USDJPY,rule_based_ai_stub,v0.1,uptrend,none,0.2,low,False,条件未達,取引許可,82.06920964258919,160.02197276579938,160.02196401287418,wait
90ad55d5-446d-44fe-8b76-6dee396df92e,2026-06-04 17:10:00+09:00,USDJPY,rule_based_ai_stub,v0.1,uptrend,none,0.2,low,False,条件未達,取引許可,82.769319051333,160.02226100460413,160.02202542154035,wait
7df86f17-4037-48b2-8cd4-18201350d879,2026-06-04 17:15:00+09:00,USDJPY,rule_based_ai_stub,v0.1,uptrend,none,0.2,low,False,条件未達,取引許可,83.63062704736723,160.02256709082693,160.02209236007124,wait
578bf6e5-69d4-45f2-bc53-75a6df309627,2026-06-04 17:20:00+09:00,USDJPY,rule_based_ai_stub,v0.1,uptrend,none,0.2,low,False,条件未達,取引許可,85.01318404221163,160.02293126723623,160.02213171094004,wait
2716e154-3a48-4a8d-a978-b3264e2a53e9,2026-06-04 17:25:00+09:00,USDJPY,rule_based_ai_stub,v0.1,uptrend,none,0.2,low,False,条件未達,取引許可,86.6037144702656,160.0232952612761,160.02219615960016,wait
f2be4362-a2b6-4a71-9423-ff36faa01156,2026-06-04 17:30:00+09:00,USDJPY,rule_based_ai_stub,v0.1,uptrend,none,0.2,low,False,条件未達,取引許可,91.75088114618,160.0236295432598,160.02225858838065,wait
f5edba9b-b393-4a9f-977f-8fc5602b4b2f,2026-06-04 17:35:00+09:00,USDJPY,rule_based_ai_stub,v0.1,uptrend,none,0.2,low,False,条件未達,取引許可,92.04451197362417,160.02399800747358,160.02231968021727,wait
ade5ba12-7164-4a9b-ba93-b6004d4d260f,2026-06-04 17:40:00+09:00,USDJPY,rule_based_ai_stub,v0.1,uptrend,none,0.2,low,False,条件未達,取引許可,92.43133338220989,160.02434732752246,160.02240423631966,wait
bfe03ea0-6583-42d5-a488-b0275857f7c3,2026-06-04 17:45:00+09:00,USDJPY,rule_based_ai_stub,v0.1,uptrend,none,0.2,low,False,条件未達,取引許可,78.87174476173986,160.0246022711553,160.0225015929363,wait
9f8fc62e-09a9-4214-817e-64e0aca945a8,2026-06-04 17:50:00+09:00,USDJPY,rule_based_ai_stub,v0.1,uptrend,none,0.2,low,False,条件未達,取引許可,78.42089644495972,160.0248351316449,160.02259375105234,wait
17c83581-941a-4256-a21d-91cff3d96157,2026-06-04 17:55:00+09:00,USDJPY,rule_based_ai_stub,v0.1,uptrend,none,0.2,low,False,条件未達,取引許可,72.34042488417327,160.02501155412358,160.02268292587786,wait
b6fece27-13f4-4908-8211-bd98c2f6071e,2026-06-04 18:00:00+09:00,USDJPY,rule_based_ai_stub,v0.1,uptrend,none,0.2,low,False,条件未達,取引許可,73.05264357339726,160.0251978726417,160.02280313197613,wait
786b258b-1802-4da2-9008-d535d3504840,2026-06-04 18:05:00+09:00,USDJPY,rule_based_ai_stub,v0.1,uptrend,long,0.65,medium,True,短期MAが長期MAを上回り、RSIが許容範囲,取引許可,67.5367399084939,160.0252851023344,160.0229006550673,entry_candidate
a2c9eb5d-8468-494f-a5d7-473e44a8d7d7,2026-06-04 18:10:00+09:00,USDJPY,rule_based_ai_stub,v0.1,uptrend,long,0.65,medium,True,短期MAが長期MAを上回り、RSIが許容範囲,取引許可,62.71768344980275,160.02534019679695,160.02298667842265,entry_candidate
9f57403c-8094-433a-9860-7360984fd6fb,2026-06-04 18:15:00+09:00,USDJPY,rule_based_ai_stub,v0.1,uptrend,long,0.65,medium,True,短期MAが長期MAを上回り、RSIが許容範囲,取引許可,47.461896044381106,160.02526536403505,160.02305061074307,entry_candidate
09534b5f-772c-4b37-8369-3e0ebddb3d5d,2026-06-04 18:20:00+09:00,USDJPY,rule_based_ai_stub,v0.1,uptrend,long,0.65,medium,True,短期MAが長期MAを上回り、RSIが許容範囲,取引許可,44.618525704756905,160.02517240274193,160.02312834303143,entry_candidate
18f51025-aa6a-44fc-aaba-bcda2f48526e,2026-06-04 18:25:00+09:00,USDJPY,rule_based_ai_stub,v0.1,uptrend,none,0.2,low,False,条件未達,取引許可,33.17035613599215,160.0248862416217,160.02315113637556,wait
85a333ea-40f1-4432-873f-939a484bb855,2026-06-04 18:30:00+09:00,USDJPY,rule_based_ai_stub,v0.1,uptrend,none,0.2,low,False,条件未達,取引許可,29.7253455337179,160.02455470497537,160.023136694653,wait
1d72d434-ce11-4c56-a36e-e10a36992e4d,2026-06-04 18:35:00+09:00,USDJPY,rule_based_ai_stub,v0.1,uptrend,none,0.2,low,False,条件未達,取引許可,26.240545588010576,160.02417114204022,160.0231365794391,wait
551990b7-2393-433e-a18d-74dcf4459338,2026-06-04 18:40:00+09:00,USDJPY,rule_based_ai_stub,v0.1,uptrend,none,0.2,low,False,条件未達,取引許可,31.76422541906804,160.02382887701052,160.02311878361124,wait
0a128ae9-112e-497d-a2da-d51f73f00c54,2026-06-04 18:45:00+09:00,USDJPY,rule_based_ai_stub,v0.1,uptrend,none,0.2,low,False,条件未達,取引許可,24.240109462825828,160.02357942361405,160.0231259134888,wait
0902af3d-03ca-4894-ad43-3fe19bf64a84,2026-06-04 18:50:00+09:00,USDJPY,rule_based_ai_stub,v0.1,uptrend,none,0.2,low,False,条件未達,取引許可,22.563653537458435,160.02327521618966,160.02314235251689,wait
63c2a6b7-606d-484e-a845-2cf2b39d697c,2026-06-04 18:55:00+09:00,USDJPY,rule_based_ai_stub,v0.1,downtrend,none,0.2,low,False,条件未達,取引許可,25.160354685578667,160.0230026757803,160.02316952815684,wait
6cbd3f4d-f8e0-4411-8df3-4ce1e6115091,2026-06-04 19:00:00+09:00,USDJPY,rule_based_ai_stub,v0.1,downtrend,none,0.2,low,False,条件未達,取引許可,24.331083508050398,160.0226879230666,160.02319740352146,wait
93233599-8bc1-4039-a6f0-a2c596a20a92,2026-06-04 19:05:00+09:00,USDJPY,rule_based_ai_stub,v0.1,downtrend,none,0.2,low,False,条件未達,取引許可,23.39174514364167,160.02234788331737,160.02320191715037,wait
236de32c-091b-4a69-8608-adc3537ad3fe,2026-06-04 19:10:00+09:00,USDJPY,rule_based_ai_stub,v0.1,downtrend,none,0.2,low,False,条件未達,取引許可,27.28943849603715,160.02210532265488,160.02323550801867,wait
76522e9c-c151-44b7-b7e4-71b35d9822ac,2026-06-04 19:15:00+09:00,USDJPY,rule_based_ai_stub,v0.1,downtrend,short,0.65,medium,True,短期MAが長期MAを下回り、RSIが許容範囲,取引許可,33.489229344551106,160.0220011071435,160.02327785400183,entry_candidate
f213c8af-0631-4be4-80ee-f7bf89bcebe3,2026-06-04 19:20:00+09:00,USDJPY,rule_based_ai_stub,v0.1,downtrend,short,0.65,medium,True,短期MAが長期MAを下回り、RSIが許容範囲,取引許可,34.06678788942396,160.02190845873938,160.02333737623917,entry_candidate
cc2b0640-59e9-4a0f-bb64-4bf4e13b2c15,2026-06-04 19:25:00+09:00,USDJPY,rule_based_ai_stub,v0.1,downtrend,short,0.65,medium,True,短期MAが長期MAを下回り、RSIが許容範囲,取引許可,40.00404721786789,160.02193834859352,160.02337328383044,entry_candidate
7b2b17ca-5135-4582-87ce-b94bdb723652,2026-06-04 19:30:00+09:00,USDJPY,rule_based_ai_stub,v0.1,downtrend,short,0.65,medium,True,短期MAが長期MAを下回り、RSIが許容範囲,取引許可,42.810904347930965,160.02205785272926,160.0234140336548,entry_candidate
5ac9575e-0483-4dde-bd1c-0116b8e7dea0,2026-06-04 19:35:00+09:00,USDJPY,rule_based_ai_stub,v0.1,downtrend,short,0.65,medium,True,短期MAが長期MAを下回り、RSIが許容範囲,取引許可,44.34891477032887,160.02203724938875,160.0234021329675,entry_candidate
8550a481-4ec2-46d3-9f4f-cc7e23c8db14,2026-06-04 19:40:00+09:00,USDJPY,rule_based_ai_stub,v0.1,downtrend,short,0.65,medium,True,短期MAが長期MAを下回り、RSIが許容範囲,取引許可,50.7231106219278,160.02196499717118,160.02338040056804,entry_candidate
50cd9b23-c6d9-482c-88ff-1c6d58db1cec,2026-06-04 19:45:00+09:00,USDJPY,rule_based_ai_stub,v0.1,downtrend,short,0.65,medium,True,短期MAが長期MAを下回り、RSIが許容範囲,取引許可,42.88305348947739,160.02183737286313,160.02333968921081,entry_candidate
c1bab26f-ba69-4667-a903-7ab8e0c1ad73,2026-06-04 19:50:00+09:00,USDJPY,rule_based_ai_stub,v0.1,downtrend,short,0.65,medium,True,短期MAが長期MAを下回り、RSIが許容範囲,取引許可,33.484752980949466,160.0217080163617,160.0232727880654,entry_candidate
6abaeb35-5ad5-4950-83ce-af93c4f57621,2026-06-04 19:55:00+09:00,USDJPY,rule_based_ai_stub,v0.1,downtrend,none,0.2,low,False,条件未達,取引許可,29.32279709584988,160.0215669904135,160.0231937401058,wait
0b95929b-6f7b-4bb6-b17e-8d32815b0ddd,2026-06-04 20:00:00+09:00,USDJPY,rule_based_ai_stub,v0.1,downtrend,short,0.65,medium,True,短期MAが長期MAを下回り、RSIが許容範囲,取引許可,44.84356467111195,160.02151602891857,160.0231339415423,entry_candidate
aa551387-cd33-46c6-ba8c-56920e6702eb,2026-06-04 20:05:00+09:00,USDJPY,rule_based_ai_stub,v0.1,downtrend,short,0.65,medium,True,短期MAが長期MAを下回り、RSIが許容範囲,取引許可,48.36831032726871,160.02155502780116,160.02306267115097,entry_candidate
59c6907e-f5d4-4b93-a275-b6f8eb5166b2,2026-06-04 20:10:00+09:00,USDJPY,rule_based_ai_stub,v0.1,downtrend,short,0.65,medium,True,短期MAが長期MAを下回り、RSIが許容範囲,取引許可,45.91891255956948,160.02149029781918,160.022978605757,entry_candidate
1505f7e2-908d-44da-9d48-ae4f093088ae,2026-06-04 20:15:00+09:00,USDJPY,rule_based_ai_stub,v0.1,downtrend,short,0.65,medium,True,短期MAが長期MAを下回り、RSIが許容範囲,取引許可,53.816744614252535,160.02141032886175,160.0228922666801,entry_candidate
d73c1cbd-d6c6-494c-a54a-0c850ce82202,2026-06-04 20:20:00+09:00,USDJPY,rule_based_ai_stub,v0.1,downtrend,short,0.65,medium,True,短期MAが長期MAを下回り、RSIが許容範囲,取引許可,53.362103442774576,160.0214113758848,160.0228307457887,entry_candidate
77d2ef03-2a75-4c09-83ee-ecab08832fea,2026-06-04 20:25:00+09:00,USDJPY,rule_based_ai_stub,v0.1,downtrend,short,0.65,medium,True,短期MAが長期MAを下回り、RSIが許容範囲,取引許可,53.56977218136571,160.02145731030006,160.02276063350507,entry_candidate
1b218c80-e2c0-4f6a-95f5-1af502ea8bfa,2026-06-04 20:30:00+09:00,USDJPY,rule_based_ai_stub,v0.1,downtrend,short,0.65,medium,True,短期MAが長期MAを下回り、RSIが許容範囲,取引許可,54.951015595855004,160.02149580709343,160.02270278826603,entry_candidate
362aa468-fbc2-45d9-bb6b-73e06ac61b39,2026-06-04 20:35:00+09:00,USDJPY,rule_based_ai_stub,v0.1,downtrend,short,0.65,medium,True,短期MAが長期MAを下回り、RSIが許容範囲,取引許可,51.646592633509535,160.02160404379134,160.02260414507344,entry_candidate
91786a34-cfc5-4a9d-bbd7-c30302c88fe8,2026-06-04 20:40:00+09:00,USDJPY,rule_based_ai_stub,v0.1,downtrend,short,0.65,medium,True,短期MAが長期MAを下回り、RSIが許容範囲,取引許可,53.69467715192205,160.02175955052408,160.02251780823525,entry_candidate
913789f2-1082-4695-b04b-8789fcaf2459,2026-06-04 20:45:00+09:00,USDJPY,rule_based_ai_stub,v0.1,downtrend,none,0.2,low,False,条件未達,取引許可,66.53191747267357,160.02196883073844,160.02246187573854,wait
2fb8fd12-90f5-4b65-b8e5-e6804792c3d8,2026-06-04 20:50:00+09:00,USDJPY,rule_based_ai_stub,v0.1,downtrend,none,0.2,low,False,条件未達,取引許可,70.84515252555819,160.02227295161433,160.02241872805524,wait
44cbcc8d-3e28-420b-bb17-b9f194d5bffc,2026-06-04 20:55:00+09:00,USDJPY,rule_based_ai_stub,v0.1,uptrend,none,0.2,low,False,条件未達,取引許可,77.07429267520857,160.02262288609492,160.02239751742957,wait
7d23dbc7-99da-44e0-9841-f57d774877f4,2026-06-04 21:00:00+09:00,USDJPY,rule_based_ai_stub,v0.1,uptrend,none,0.2,low,False,条件未達,取引許可,86.45454162579051,160.02293541388497,160.02237978862337,wait
974be72b-41ec-420e-a724-7fcc1a9c2c2e,2026-06-04 21:05:00+09:00,USDJPY,rule_based_ai_stub,v0.1,uptrend,none,0.2,low,False,条件未達,取引許可,84.44860418069186,160.02318913777134,160.02236401629662,wait
d72c47a2-8abc-4518-8f50-0a127fa8f2e7,2026-06-04 21:10:00+09:00,USDJPY,rule_based_ai_stub,v0.1,uptrend,none,0.2,low,False,条件未達,取引許可,83.73539912836242,160.0235372903105,160.0223776369282,wait
5f497aa0-e450-405b-844e-53f1759db05f,2026-06-04 21:15:00+09:00,USDJPY,rule_based_ai_stub,v0.1,uptrend,none,0.2,low,False,条件未達,取引許可,83.01660259326381,160.02386669369085,160.02242604323203,wait
04d69e71-8455-4ea8-9c95-5a52755fae84,2026-06-04 21:20:00+09:00,USDJPY,rule_based_ai_stub,v0.1,uptrend,none,0.2,low,False,条件未達,取引許可,90.06789649579353,160.02422989234296,160.02251657565571,wait
9ae6353d-9d6b-4ce6-b793-176e7de69629,2026-06-04 21:25:00+09:00,USDJPY,rule_based_ai_stub,v0.1,uptrend,none,0.2,low,False,条件未達,取引許可,84.36627005150432,160.02451239992004,160.02263601960453,wait
cfa5137c-5225-4b76-97f8-27e917119de0,2026-06-04 21:30:00+09:00,USDJPY,rule_based_ai_stub,v0.1,uptrend,none,0.2,low,False,条件未達,取引許可,84.80528992622709,160.0248787241688,160.0228107946638,wait
304e3f33-5f50-451d-bada-0c54d41e7664,2026-06-04 21:35:00+09:00,USDJPY,rule_based_ai_stub,v0.1,uptrend,none,0.2,low,False,条件未達,取引許可,83.8246268521485,160.0252872907956,160.02297619465855,wait
192e0560-20cf-48a1-b34b-798107c09aa7,2026-06-04 21:40:00+09:00,USDJPY,rule_based_ai_stub,v0.1,uptrend,none,0.2,low,False,条件未達,取引許可,79.21813929005481,160.02562837535652,160.02311764101725,wait
6601c060-b164-4a2c-acbd-a08598c7e7a2,2026-06-04 21:45:00+09:00,USDJPY,rule_based_ai_stub,v0.1,uptrend,none,0.2,low,False,条件未達,取引許可,80.32633815231043,160.0259255913565,160.0232439316527,wait
de8be3b5-14e7-408c-8f4c-87ed4685c6bb,2026-06-04 21:50:00+09:00,USDJPY,rule_based_ai_stub,v0.1,uptrend,none,0.2,low,False,条件未達,取引許可,76.90610304106761,160.02616203033003,160.02338099943535,wait
be55c19f-cc01-4b8f-b8ca-7ec375f85dbe,2026-06-04 21:55:00+09:00,USDJPY,rule_based_ai_stub,v0.1,uptrend,none,0.2,low,False,条件未達,取引許可,76.96894442688983,160.02638791901083,160.02352593183977,wait
a165ba69-bde2-4a00-a6bf-60e65585faef,2026-06-04 22:00:00+09:00,USDJPY,rule_based_ai_stub,v0.1,uptrend,none,0.2,low,False,条件未達,取引許可,76.18236188477398,160.02658747183025,160.02367963821126,wait
46c63a53-0dcb-4d40-87dc-117957594923,2026-06-04 22:05:00+09:00,USDJPY,rule_based_ai_stub,v0.1,uptrend,none,0.2,low,False,条件未達,取引許可,70.81943719945521,160.02678510141007,160.0238430889942,wait
67c2d22d-6c37-44a8-b92b-ad7d35eeaf4f,2026-06-04 22:10:00+09:00,USDJPY,rule_based_ai_stub,v0.1,uptrend,long,0.65,medium,True,短期MAが長期MAを上回り、RSIが許容範囲,取引許可,67.57228425082087,160.02691564355698,160.02398107722888,entry_candidate
df25b69e-2057-45dc-8b1e-434758cc3354,2026-06-04 22:15:00+09:00,USDJPY,rule_based_ai_stub,v0.1,uptrend,none,0.2,low,False,条件未達,取引許可,76.79561085904157,160.02714341924158,160.02414014726472,wait
94d09bc1-c760-4f10-88ae-576409a276a8,2026-06-04 22:20:00+09:00,USDJPY,rule_based_ai_stub,v0.1,uptrend,none,0.2,low,False,条件未達,取引許可,77.60217351610272,160.02735380904107,160.02433169242295,wait
e9621d6e-5822-4224-9bbf-c317408d1818,2026-06-04 22:25:00+09:00,USDJPY,rule_based_ai_stub,v0.1,uptrend,none,0.2,low,False,条件未達,取引許可,78.04632351385683,160.02762047441493,160.02453006154502,wait
4b0b65b2-d7ff-4879-ad69-a2eac1352f6b,2026-06-04 22:30:00+09:00,USDJPY,rule_based_ai_stub,v0.1,uptrend,none,0.2,low,False,条件未達,取引許可,73.57435066878534,160.02780224177255,160.0247255910116,wait
3487fcc2-4aeb-459f-9304-4f15a1f937fe,2026-06-04 22:35:00+09:00,USDJPY,rule_based_ai_stub,v0.1,uptrend,none,0.2,low,False,条件未達,取引許可,79.1834665699471,160.02798011515733,160.02495714991474,wait
3e44e65e-6f1c-4d92-a025-23fa37af1a17,2026-06-04 22:40:00+09:00,USDJPY,rule_based_ai_stub,v0.1,uptrend,none,0.2,low,False,条件未達,取引許可,76.3828550056239,160.02822123534094,160.0252030537405,wait
6aacb22d-b68b-4d7c-9b6b-da74e93c6ac1,2026-06-04 22:45:00+09:00,USDJPY,rule_based_ai_stub,v0.1,uptrend,long,0.65,medium,True,短期MAが長期MAを上回り、RSIが許容範囲,取引許可,67.41484705188196,160.028435410188,160.02544327742763,entry_candidate
a0f85aa6-22f5-4779-98ef-9d78acfa61d4,2026-06-04 22:50:00+09:00,USDJPY,rule_based_ai_stub,v0.1,uptrend,none,0.2,low,False,条件未達,取引許可,70.45406690694062,160.02865273357358,160.02569590517265,wait
b252e46c-ba71-4529-96a8-b16f1f110b8b,2026-06-04 22:55:00+09:00,USDJPY,rule_based_ai_stub,v0.1,uptrend,long,0.65,medium,True,短期MAが長期MAを上回り、RSIが許容範囲,取引許可,62.04446521399432,160.02876541945813,160.025925408188,entry_candidate
fb2704d0-9029-4bce-bb5b-e4b65e2011ca,2026-06-04 23:00:00+09:00,USDJPY,rule_based_ai_stub,v0.1,uptrend,long,0.65,medium,True,短期MAが長期MAを上回り、RSIが許容範囲,取引許可,65.49426898886621,160.02887192472443,160.02613160347988,entry_candidate
abe0881d-070f-4085-84f9-c478ae0c11f7,2026-06-04 23:05:00+09:00,USDJPY,rule_based_ai_stub,v0.1,uptrend,long,0.65,medium,True,短期MAが長期MAを上回り、RSIが許容範囲,取引許可,66.24431759627043,160.0290394747879,160.02633790465646,entry_candidate
3eddf59c-9b62-4039-98e7-cdbc36cb77f8,2026-06-04 23:10:00+09:00,USDJPY,rule_based_ai_stub,v0.1,uptrend,long,0.65,medium,True,短期MAが長期MAを上回り、RSIが許容範囲,取引許可,61.423129421535194,160.0291840832579,160.02654567237514,entry_candidate
52ac4d1e-b74b-41f2-a84e-871d9f3c6126,2026-06-04 23:15:00+09:00,USDJPY,rule_based_ai_stub,v0.1,uptrend,long,0.65,medium,True,短期MAが長期MAを上回り、RSIが許容範囲,取引許可,69.94079088884874,160.02930027754812,160.02677013016014,entry_candidate
abe9872c-4b9b-44db-b4f8-f06f8a4ec736,2026-06-04 23:20:00+09:00,USDJPY,rule_based_ai_stub,v0.1,uptrend,long,0.65,medium,True,短期MAが長期MAを上回り、RSIが許容範囲,取引許可,63.176624378344655,160.02926880639663,160.0269508359269,entry_candidate
05730fbe-f6d0-4f9f-92c0-84c44c53d869,2026-06-04 23:25:00+09:00,USDJPY,rule_based_ai_stub,v0.1,uptrend,long,0.65,medium,True,短期MAが長期MAを上回り、RSIが許容範囲,取引許可,48.578624316126096,160.02914230031772,160.02709172488423,entry_candidate
243cb546-5fee-4eb2-a819-714b026e8f49,2026-06-04 23:30:00+09:00,USDJPY,rule_based_ai_stub,v0.1,uptrend,long,0.65,medium,True,短期MAが長期MAを上回り、RSIが許容範囲,取引許可,41.00712084106746,160.0290251166558,160.02723536086572,entry_candidate
0599c5fb-51d4-4c90-9135-eeeb8e991617,2026-06-04 23:35:00+09:00,USDJPY,rule_based_ai_stub,v0.1,uptrend,long,0.65,medium,True,短期MAが長期MAを上回り、RSIが許容範囲,取引許可,44.337522272910846,160.02895428634267,160.0274072307652,entry_candidate
f5fab18f-ef40-437a-a646-05984c91d5bb,2026-06-04 23:40:00+09:00,USDJPY,rule_based_ai_stub,v0.1,uptrend,long,0.65,medium,True,短期MAが長期MAを上回り、RSIが許容範囲,取引許可,51.68749005692662,160.0289369765155,160.02759552907096,entry_candidate
ece09c2a-920f-4d23-9b5d-71735ec55515,2026-06-04 23:45:00+09:00,USDJPY,rule_based_ai_stub,v0.1,uptrend,long,0.65,medium,True,短期MAが長期MAを上回り、RSIが許容範囲,取引許可,49.38048173434689,160.0289478621034,160.02776962121595,entry_candidate
d71b8a3c-bb66-4cd9-9ee0-a724074c5256,2026-06-04 23:50:00+09:00,USDJPY,rule_based_ai_stub,v0.1,uptrend,long,0.65,medium,True,短期MAが長期MAを上回り、RSIが許容範囲,取引許可,51.159505457010894,160.02902555055985,160.02794677148782,entry_candidate
d1647eb4-bb46-4850-9a24-9dcd8e45c178,2026-06-04 23:55:00+09:00,USDJPY,rule_based_ai_stub,v0.1,uptrend,long,0.65,medium,True,短期MAが長期MAを上回り、RSIが許容範囲,取引許可,55.269739829129016,160.02918474279656,160.02811269375516,entry_candidate
8ed6c2ff-e00c-4693-9d2b-fd2573bcb078,2026-06-05 00:00:00+09:00,USDJPY,rule_based_ai_stub,v0.1,uptrend,long,0.65,medium,True,短期MAが長期MAを上回り、RSIが許容範囲,取引許可,55.654737158524455,160.02931534251212,160.0282582463556,entry_candidate
cffa4a2d-33cc-4adc-a2bf-95f9b0b80c5f,2026-06-05 00:05:00+09:00,USDJPY,rule_based_ai_stub,v0.1,uptrend,long,0.65,medium,True,短期MAが長期MAを上回り、RSIが許容範囲,取引許可,67.20649790882001,160.02945776542757,160.02842744720851,entry_candidate
aff61c3a-5c5f-4168-9694-ed432ecaff3f,2026-06-05 00:10:00+09:00,USDJPY,rule_based_ai_stub,v0.1,uptrend,long,0.65,medium,True,短期MAが長期MAを上回り、RSIが許容範囲,取引許可,67.91784725280195,160.02965696381006,160.02858556354164,entry_candidate
2aa38172-6fa7-4277-9264-720026b02e5f,2026-06-05 00:15:00+09:00,USDJPY,rule_based_ai_stub,v0.1,uptrend,long,0.65,medium,True,短期MAが長期MAを上回り、RSIが許容範囲,取引許可,57.79108175176178,160.02969864324652,160.02871411334542,entry_candidate
2639e53b-69c6-41f7-ae15-019a04485523,2026-06-05 00:20:00+09:00,USDJPY,rule_based_ai_stub,v0.1,uptrend,long,0.65,medium,True,短期MAが長期MAを上回り、RSIが許容範囲,取引許可,64.41239625356286,160.02987543798363,160.02883268447377,entry_candidate
4d859815-0913-47dd-848b-03546aaee380,2026-06-05 00:25:00+09:00,USDJPY,rule_based_ai_stub,v0.1,uptrend,long,0.65,medium,True,短期MAが長期MAを上回り、RSIが許容範囲,取引許可,63.897322094561616,160.03019445603243,160.02898574358835,entry_candidate
d558218e-0a4f-4b5a-a6f8-6e3ee74492ed,2026-06-05 00:30:00+09:00,USDJPY,rule_based_ai_stub,v0.1,uptrend,long,0.65,medium,True,短期MAが長期MAを上回り、RSIが許容範囲,取引許可,66.89435198633976,160.03047097335528,160.0290994439279,entry_candidate
a09b010b-0f82-42ef-9199-0e70cd8b2c41,2026-06-05 00:35:00+09:00,USDJPY,rule_based_ai_stub,v0.1,uptrend,none,0.2,low,False,条件未達,取引許可,76.28951783209183,160.03071492593966,160.02921644247988,wait
7b765a23-3c45-4bd3-a1a4-75d973fcd5b6,2026-06-05 00:40:00+09:00,USDJPY,rule_based_ai_stub,v0.1,uptrend,none,0.2,low,False,条件未達,取引許可,76.82080709598458,160.03089938364874,160.02935253183506,wait
68e615c3-fbc7-469e-aa5f-9698edda4f73,2026-06-05 00:45:00+09:00,USDJPY,rule_based_ai_stub,v0.1,uptrend,none,0.2,low,False,条件未達,取引許可,75.19966845860023,160.0311198192593,160.02950103051688,wait
397897f1-5da7-4a38-b10d-24b2b0233409,2026-06-05 00:50:00+09:00,USDJPY,rule_based_ai_stub,v0.1,uptrend,long,0.65,medium,True,短期MAが長期MAを上回り、RSIが許容範囲,取引許可,67.03242206925115,160.03125880557047,160.02964569656797,entry_candidate
e443b8ac-7f87-46a2-8591-e325feb1c508,2026-06-05 00:55:00+09:00,USDJPY,rule_based_ai_stub,v0.1,uptrend,long,0.65,medium,True,短期MAが長期MAを上回り、RSIが許容範囲,取引許可,65.64659094868065,160.03136613613674,160.0297720994638,entry_candidate
1af88f74-cc72-4024-b642-7d835bc762a7,2026-06-05 01:00:00+09:00,USDJPY,rule_based_ai_stub,v0.1,uptrend,long,0.65,medium,True,短期MAが長期MAを上回り、RSIが許容範囲,取引許可,61.49474241570562,160.03148082036444,160.02988936253365,entry_candidate
e7760215-b97b-44b8-a490-6a2fcfde5dbf,2026-06-05 01:05:00+09:00,USDJPY,rule_based_ai_stub,v0.1,uptrend,long,0.65,medium,True,短期MAが長期MAを上回り、RSIが許容範囲,取引許可,66.040110365149,160.03160995804623,160.0300357327539,entry_candidate
63bb3ebd-4918-4b40-b9ca-d8e9567cdb18,2026-06-05 01:10:00+09:00,USDJPY,rule_based_ai_stub,v0.1,uptrend,long,0.65,medium,True,短期MAが長期MAを上回り、RSIが許容範囲,取引許可,68.76166447908028,160.03173365959182,160.0301915688866,entry_candidate
76ade17a-406e-4231-b6a6-afcc2fa3360e,2026-06-05 01:15:00+09:00,USDJPY,rule_based_ai_stub,v0.1,uptrend,long,0.65,medium,True,短期MAが長期MAを上回り、RSIが許容範囲,取引許可,63.63292944580356,160.03191765002867,160.03030552360778,entry_candidate
8f102aeb-3ad0-472b-ab19-3f0cda7b2039,2026-06-05 01:20:00+09:00,USDJPY,rule_based_ai_stub,v0.1,uptrend,long,0.65,medium,True,短期MAが長期MAを上回り、RSIが許容範囲,取引許可,64.05244216911879,160.03206639838356,160.03040354758795,entry_candidate
3dfaf3b8-432f-4bf9-b6e7-518fb3bda8fc,2026-06-05 01:25:00+09:00,USDJPY,rule_based_ai_stub,v0.1,uptrend,long,0.65,medium,True,短期MAが長期MAを上回り、RSIが許容範囲,取引許可,57.04044414923219,160.03200371503974,160.03044682379664,entry_candidate
23eabe78-8bb2-43aa-a0a2-4f44d72fe9c4,2026-06-05 01:30:00+09:00,USDJPY,rule_based_ai_stub,v0.1,uptrend,long,0.65,medium,True,短期MAが長期MAを上回り、RSIが許容範囲,取引許可,55.79355287814481,160.03202974811595,160.030508612709,entry_candidate
4fffe70e-5c7a-4298-8769-7d631c1f21e0,2026-06-05 01:35:00+09:00,USDJPY,rule_based_ai_stub,v0.1,uptrend,long,0.65,medium,True,短期MAが長期MAを上回り、RSIが許容範囲,取引許可,42.20566408639777,160.0319490053266,160.03053940586966,entry_candidate
fbe508a0-d73c-497f-a391-d98479e2da88,2026-06-05 01:40:00+09:00,USDJPY,rule_based_ai_stub,v0.1,uptrend,long,0.65,medium,True,短期MAが長期MAを上回り、RSIが許容範囲,取引許可,43.18357315562386,160.03182543898083,160.03055393304834,entry_candidate
3df99df8-b8b8-42cf-848b-a9e669f8010b,2026-06-05 01:45:00+09:00,USDJPY,rule_based_ai_stub,v0.1,uptrend,none,0.2,low,False,条件未達,取引許可,37.28427076271113,160.03163285545207,160.03056684560494,wait
880fa7ae-1235-448d-b135-f58fea3e0099,2026-06-05 01:50:00+09:00,USDJPY,rule_based_ai_stub,v0.1,uptrend,none,0.2,low,False,条件未達,取引許可,31.06615701825922,160.0314030531072,160.03056246974586,wait
afcefc1c-274c-4c18-948c-74a52a391c42,2026-06-05 01:55:00+09:00,USDJPY,rule_based_ai_stub,v0.1,uptrend,none,0.2,low,False,条件未達,取引許可,35.5907711036339,160.0312648732701,160.03060525073445,wait
232fb7d5-b8ee-43e5-b0f8-1e587b9de3fd,2026-06-05 02:00:00+09:00,USDJPY,rule_based_ai_stub,v0.1,uptrend,none,0.2,low,False,条件未達,取引許可,35.80644357995929,160.03110458607648,160.03063358298436,wait
352cd51b-6d08-4554-8f89-101ae7866d4c,2026-06-05 02:05:00+09:00,USDJPY,rule_based_ai_stub,v0.1,uptrend,none,0.2,low,False,条件未達,取引許可,39.312133129295866,160.030902987626,160.0306569036999,wait
4192f99a-e7d7-4f68-bd5c-7b8abaa2073a,2026-06-05 02:10:00+09:00,USDJPY,rule_based_ai_stub,v0.1,downtrend,short,0.65,medium,True,短期MAが長期MAを下回り、RSIが許容範囲,取引許可,39.24926670909146,160.03067186313882,160.03068749551355,entry_candidate
d1d91b53-2504-49a7-8dfd-7b2a288eff5e,2026-06-05 02:15:00+09:00,USDJPY,rule_based_ai_stub,v0.1,downtrend,short,0.65,medium,True,短期MAが長期MAを下回り、RSIが許容範囲,取引許可,35.91233227777764,160.03048312140962,160.03069980489494,entry_candidate
292531b7-f781-4bd3-8f5c-868a87b417bd,2026-06-05 02:20:00+09:00,USDJPY,rule_based_ai_stub,v0.1,downtrend,short,0.65,medium,True,短期MAが長期MAを下回り、RSIが許容範囲,取引許可,33.460025662495624,160.03025963583946,160.03073382406888,entry_candidate
bac2369e-babe-4c8b-b918-91c51ff39591,2026-06-05 02:25:00+09:00,USDJPY,rule_based_ai_stub,v0.1,downtrend,short,0.65,medium,True,短期MAが長期MAを下回り、RSIが許容範囲,取引許可,31.131582558869056,160.0301144277891,160.03077086628707,entry_candidate
bbd0d558-af7e-489f-b6cd-3766b4cc09b2,2026-06-05 02:30:00+09:00,USDJPY,rule_based_ai_stub,v0.1,downtrend,short,0.65,medium,True,短期MAが長期MAを下回り、RSIが許容範囲,取引許可,32.291313063264454,160.0299615947947,160.03082077208865,entry_candidate
543da744-038f-46ac-950c-e9487ae5a521,2026-06-05 02:35:00+09:00,USDJPY,rule_based_ai_stub,v0.1,downtrend,short,0.65,medium,True,短期MAが長期MAを下回り、RSIが許容範囲,取引許可,39.216067730834965,160.02987105966008,160.03084499697542,entry_candidate
aa455727-e4b1-431d-a158-797fbfdbb7da,2026-06-05 02:40:00+09:00,USDJPY,rule_based_ai_stub,v0.1,downtrend,none,0.2,low,False,条件未達,取引許可,27.6593906312348,160.0297208174776,160.03081521336904,wait
ff8fe66b-60b2-42c1-97d0-29404ac1909f,2026-06-05 02:45:00+09:00,USDJPY,rule_based_ai_stub,v0.1,downtrend,short,0.65,medium,True,短期MAが長期MAを下回り、RSIが許容範囲,取引許可,31.271424690802803,160.02960515303178,160.03078594258105,entry_candidate
a71de262-073b-4715-ac74-6c3387687ae2,2026-06-05 02:50:00+09:00,USDJPY,rule_based_ai_stub,v0.1,downtrend,short,0.65,medium,True,短期MAが長期MAを下回り、RSIが許容範囲,取引許可,41.53448982743379,160.0296292606493,160.03076370644234,entry_candidate
6b26381b-4745-45ec-9c28-572b9551db98,2026-06-05 02:55:00+09:00,USDJPY,rule_based_ai_stub,v0.1,downtrend,short,0.65,medium,True,短期MAが長期MAを下回り、RSIが許容範囲,取引許可,50.32345712427032,160.02963783801457,160.03075628247382,entry_candidate
f4bd1904-1df9-4115-b405-63c74504efd7,2026-06-05 03:00:00+09:00,USDJPY,rule_based_ai_stub,v0.1,downtrend,short,0.65,medium,True,短期MAが長期MAを下回り、RSIが許容範囲,取引許可,55.06846864387559,160.02965236783317,160.030745924758,entry_candidate
7bcc4c7a-b954-4f67-a26c-674ad9fb8764,2026-06-05 03:05:00+09:00,USDJPY,rule_based_ai_stub,v0.1,downtrend,short,0.65,medium,True,短期MAが長期MAを下回り、RSIが許容範囲,取引許可,47.31706956285189,160.02963210957245,160.0307150184149,entry_candidate
5983b7cf-b0aa-44e5-afc3-00bcdfabcfd2,2026-06-05 03:10:00+09:00,USDJPY,rule_based_ai_stub,v0.1,downtrend,short,0.65,medium,True,短期MAが長期MAを下回り、RSIが許容範囲,取引許可,48.08142199570665,160.02959811558813,160.0306678794396,entry_candidate
1bfb430a-fb7f-40b6-a2db-30973b1025c1,2026-06-05 03:15:00+09:00,USDJPY,rule_based_ai_stub,v0.1,downtrend,short,0.65,medium,True,短期MAが長期MAを下回り、RSIが許容範囲,取引許可,56.420464767225205,160.02964410696163,160.0306816261333,entry_candidate
fd13cf71-e57b-4839-87bf-e523bcc3abe1,2026-06-05 03:20:00+09:00,USDJPY,rule_based_ai_stub,v0.1,downtrend,short,0.65,medium,True,短期MAが長期MAを下回り、RSIが許容範囲,取引許可,58.132896559302445,160.02970535401317,160.03067712941206,entry_candidate
e2d54743-ee7f-4326-9401-80cd1e2430de,2026-06-05 03:25:00+09:00,USDJPY,rule_based_ai_stub,v0.1,downtrend,short,0.65,medium,True,短期MAが長期MAを下回り、RSIが許容範囲,取引許可,57.95552523471162,160.0298522527583,160.03065679852907,entry_candidate
a1037212-e677-47d1-98e0-0d49fc3cee41,2026-06-05 03:30:00+09:00,USDJPY,rule_based_ai_stub,v0.1,downtrend,none,0.2,low,False,条件未達,取引許可,61.28307288732551,160.03000085233515,160.03066406508194,wait
a11deba8-62cc-4722-aedd-122837380de7,2026-06-05 03:35:00+09:00,USDJPY,rule_based_ai_stub,v0.1,downtrend,none,0.2,low,False,条件未達,取引許可,69.21092627375978,160.03018607919913,160.0306687147286,wait
3b189906-74ea-434c-a2fd-694ffd4e690e,2026-06-05 03:40:00+09:00,USDJPY,rule_based_ai_stub,v0.1,downtrend,none,0.2,low,False,条件未達,取引許可,64.53888686199213,160.0304361830507,160.0306608131697,wait
72c2cd73-8a01-4329-9ad6-524b1036cfc3,2026-06-05 03:45:00+09:00,USDJPY,rule_based_ai_stub,v0.1,uptrend,long,0.65,medium,True,短期MAが長期MAを上回り、RSIが許容範囲,取引許可,66.46439890004976,160.03069787516793,160.0306452945506,entry_candidate
e074755f-eb1e-4115-aed7-25e078e076e0,2026-06-05 03:50:00+09:00,USDJPY,rule_based_ai_stub,v0.1,uptrend,none,0.2,low,False,条件未達,取引許可,78.0986454350911,160.03088094923262,160.03063775432972,wait
3cdef571-d9ed-4362-9ad7-5170031d9e0b,2026-06-05 03:55:00+09:00,USDJPY,rule_based_ai_stub,v0.1,uptrend,none,0.2,low,False,条件未達,取引許可,81.87103449723011,160.03101965109838,160.03064078746104,wait
50b26802-2f10-4419-82b1-203192e6a55d,2026-06-05 04:00:00+09:00,USDJPY,rule_based_ai_stub,v0.1,uptrend,none,0.2,low,False,条件未達,取引許可,79.95611884180175,160.03121216704804,160.03065637365256,wait
dc0251d0-c08f-45dc-a26a-eb50ad6a60e7,2026-06-05 04:05:00+09:00,USDJPY,rule_based_ai_stub,v0.1,uptrend,none,0.2,low,False,条件未達,取引許可,77.50247387651868,160.0314247431772,160.0306532801252,wait
d2974b3f-2151-4e7b-8ec5-07967fd931e7,2026-06-05 04:10:00+09:00,USDJPY,rule_based_ai_stub,v0.1,uptrend,none,0.2,low,False,条件未達,取引許可,83.64033085194404,160.0316900330628,160.03065333726326,wait
c6de38ae-4091-4431-b128-c0cfe85151a0,2026-06-05 04:15:00+09:00,USDJPY,rule_based_ai_stub,v0.1,uptrend,none,0.2,low,False,条件未達,取引許可,87.00782099211119,160.0318474497202,160.03065822603048,wait
cd651d5d-2893-4100-8e2c-a67af532f53b,2026-06-05 04:20:00+09:00,USDJPY,rule_based_ai_stub,v0.1,uptrend,none,0.2,low,False,条件未達,取引許可,91.30685365112554,160.03198970136452,160.03065156373907,wait
95940c0b-8f6f-4a1b-8f84-980b32538f73,2026-06-05 04:25:00+09:00,USDJPY,rule_based_ai_stub,v0.1,uptrend,long,0.65,medium,True,短期MAが長期MAを上回り、RSIが許容範囲,取引許可,59.94036015172943,160.03201054089223,160.0306590738132,entry_candidate
2963dc06-2c77-4f96-8127-674ed742c085,2026-06-05 04:30:00+09:00,USDJPY,rule_based_ai_stub,v0.1,uptrend,long,0.65,medium,True,短期MAが長期MAを上回り、RSIが許容範囲,取引許可,63.05067693587341,160.032025682631,160.03066270992028,entry_candidate
79448d68-e27b-4221-9232-1e3ab3d7397b,2026-06-05 04:35:00+09:00,USDJPY,rule_based_ai_stub,v0.1,uptrend,long,0.65,medium,True,短期MAが長期MAを上回り、RSIが許容範囲,取引許可,62.596619017319455,160.03204620933562,160.03070111606496,entry_candidate
1a8d67df-300a-4e0a-9d4f-7afc5e8cc13c,2026-06-05 04:40:00+09:00,USDJPY,rule_based_ai_stub,v0.1,uptrend,long,0.65,medium,True,短期MAが長期MAを上回り、RSIが許容範囲,取引許可,62.41823209822891,160.03212958865302,160.03076219639377,entry_candidate
0042076c-ad59-4168-adc2-1ab3bdbfd7a8,2026-06-05 04:45:00+09:00,USDJPY,rule_based_ai_stub,v0.1,uptrend,long,0.65,medium,True,短期MAが長期MAを上回り、RSIが許容範囲,取引許可,42.2565873582782,160.03207797269394,160.03079366696454,entry_candidate
a82b80ad-41ff-467b-83fb-545259ccd3aa,2026-06-05 04:50:00+09:00,USDJPY,rule_based_ai_stub,v0.1,uptrend,long,0.65,medium,True,短期MAが長期MAを上回り、RSIが許容範囲,取引許可,53.967746381318996,160.0321343555331,160.030881521805,entry_candidate
84f77e22-c7a5-4b07-b6d7-0a91cb29f348,2026-06-05 04:55:00+09:00,USDJPY,rule_based_ai_stub,v0.1,uptrend,long,0.65,medium,True,短期MAが長期MAを上回り、RSIが許容範囲,取引許可,54.241322268331935,160.03218562000265,160.03094770303855,entry_candidate
cf93b732-07a6-436c-a902-967e43d5a3a8,2026-06-05 05:00:00+09:00,USDJPY,rule_based_ai_stub,v0.1,uptrend,long,0.65,medium,True,短期MAが長期MAを上回り、RSIが許容範囲,取引許可,58.68021177097902,160.03225591213587,160.03104014900566,entry_candidate
5bdc009e-4853-4521-82c5-034dc34663b7,2026-06-05 05:05:00+09:00,USDJPY,rule_based_ai_stub,v0.1,uptrend,long,0.65,medium,True,短期MAが長期MAを上回り、RSIが許容範囲,取引許可,54.24618005679734,160.03227161167842,160.0311094881427,entry_candidate
c7bf24e8-c868-495f-972f-b8ca9c9c717b,2026-06-05 05:10:00+09:00,USDJPY,rule_based_ai_stub,v0.1,uptrend,long,0.65,medium,True,短期MAが長期MAを上回り、RSIが許容範囲,取引許可,53.84669707878008,160.03228131791238,160.03118982218777,entry_candidate
34f8c510-ce10-4a03-8d21-e883c518c7bb,2026-06-05 05:15:00+09:00,USDJPY,rule_based_ai_stub,v0.1,uptrend,long,0.65,medium,True,短期MAが長期MAを上回り、RSIが許容範囲,取引許可,49.669622374257166,160.0322423891972,160.03124464862634,entry_candidate
4778c920-8669-40ca-a2d4-9964f98995b0,2026-06-05 05:20:00+09:00,USDJPY,rule_based_ai_stub,v0.1,uptrend,long,0.65,medium,True,短期MAが長期MAを上回り、RSIが許容範囲,取引許可,44.81523760488658,160.03216834027447,160.03128779855072,entry_candidate
d1740109-bd7e-44d0-90e9-aa8d16899a24,2026-06-05 05:25:00+09:00,USDJPY,rule_based_ai_stub,v0.1,uptrend,long,0.65,medium,True,短期MAが長期MAを上回り、RSIが許容範囲,取引許可,51.71960409398658,160.03228990295364,160.0313842322014,entry_candidate
02944a50-acc4-4fe3-bbb1-4dca164de765,2026-06-05 05:30:00+09:00,USDJPY,rule_based_ai_stub,v0.1,uptrend,long,0.65,medium,True,短期MAが長期MAを上回り、RSIが許容範囲,取引許可,50.8655773588709,160.03235611512903,160.03146088336507,entry_candidate
43564295-a132-4f05-8018-9136edf101da,2026-06-05 05:35:00+09:00,USDJPY,rule_based_ai_stub,v0.1,uptrend,long,0.65,medium,True,短期MAが長期MAを上回り、RSIが許容範囲,取引許可,58.78557161837789,160.0324158745243,160.03154938768637,entry_candidate
a6ce8406-67bb-4de1-b97f-a7da0f2e1d71,2026-06-05 05:40:00+09:00,USDJPY,rule_based_ai_stub,v0.1,uptrend,long,0.65,medium,True,短期MAが長期MAを上回り、RSIが許容範囲,取引許可,58.65066255386994,160.0324692368006,160.0316783361681,entry_candidate
c337cf01-a6d4-485b-8f72-b4f00be6c6aa,2026-06-05 05:45:00+09:00,USDJPY,rule_based_ai_stub,v0.1,uptrend,long,0.65,medium,True,短期MAが長期MAを上回り、RSIが許容範囲,取引許可,59.082623195312195,160.03269219594026,160.03182268126736,entry_candidate
9b01869b-fb62-4752-bcd7-4a644283532b,2026-06-05 05:50:00+09:00,USDJPY,rule_based_ai_stub,v0.1,uptrend,long,0.65,medium,True,短期MAが長期MAを上回り、RSIが許容範囲,取引許可,56.501007356114755,160.03281825728988,160.0319445206852,entry_candidate
c7cb4696-0b1d-4f6b-abec-4924bf328c0a,2026-06-05 05:55:00+09:00,USDJPY,rule_based_ai_stub,v0.1,uptrend,none,0.2,low,False,条件未達,取引許可,72.8964747100396,160.03296954617105,160.03205827242402,wait
507cbb02-27ab-4a4d-bf43-a40c09c7a77c,2026-06-05 06:00:00+09:00,USDJPY,rule_based_ai_stub,v0.1,uptrend,none,0.2,low,False,条件未達,取引許可,73.65540477037328,160.03318559669063,160.0322178919582,wait
c04af504-d4b8-4c67-ad23-3504b6bc27d5,2026-06-05 06:05:00+09:00,USDJPY,rule_based_ai_stub,v0.1,uptrend,none,0.2,low,False,条件未達,取引許可,74.19597076257497,160.03345076156674,160.0323823721408,wait
c490053b-9a68-4a71-bfca-6bd651daec73,2026-06-05 06:10:00+09:00,USDJPY,rule_based_ai_stub,v0.1,uptrend,none,0.2,low,False,条件未達,取引許可,71.91507507041759,160.03369534269993,160.03255556455838,wait
fc17dc1a-e044-4e8a-bffe-0785170d49a5,2026-06-05 06:15:00+09:00,USDJPY,rule_based_ai_stub,v0.1,uptrend,none,0.2,low,False,条件未達,取引許可,81.96375884462098,160.03404512733104,160.03271165541616,wait
07e961ce-2ca9-42ea-a696-4dd5c0a669bf,2026-06-05 06:20:00+09:00,USDJPY,rule_based_ai_stub,v0.1,uptrend,none,0.2,low,False,条件未達,取引許可,82.78675912657977,160.03448137670688,160.0328798061153,wait
f93b146a-9f62-4b00-88cb-00b40c4c5f96,2026-06-05 06:25:00+09:00,USDJPY,rule_based_ai_stub,v0.1,uptrend,none,0.2,low,False,条件未達,取引許可,92.50327411007115,160.0348812760303,160.03306057329206,wait
c2a4692c-00ae-4831-8d6e-d3639100be7a,2026-06-05 06:30:00+09:00,USDJPY,rule_based_ai_stub,v0.1,uptrend,none,0.2,low,False,条件未達,取引許可,98.04823378770291,160.03532264598485,160.03323481458162,wait
a6bba1e8-7228-4825-b4d0-48091d91c132,2026-06-05 06:35:00+09:00,USDJPY,rule_based_ai_stub,v0.1,uptrend,none,0.2,low,False,条件未達,取引許可,86.86237875586077,160.0356959940501,160.03338602597,wait
54460c39-d9c6-41a9-87cd-3bb8baaaf6c3,2026-06-05 06:40:00+09:00,USDJPY,rule_based_ai_stub,v0.1,uptrend,none,0.2,low,False,条件未達,取引許可,90.0109843554976,160.0361075103054,160.03356877858633,wait
991f661b-8b41-4b3c-b3d0-a5f98a416257,2026-06-05 06:45:00+09:00,USDJPY,rule_based_ai_stub,v0.1,uptrend,none,0.2,low,False,条件未達,取引許可,81.74301831259237,160.03643692519668,160.0337356979436,wait
494982dd-ca9a-4b99-8143-55aecc3d2b0a,2026-06-05 06:50:00+09:00,USDJPY,rule_based_ai_stub,v0.1,uptrend,none,0.2,low,False,条件未達,取引許可,80.8807161514634,160.03677395091597,160.03390885457964,wait
22d0c6f3-7094-4e73-b61d-917c216afaa7,2026-06-05 06:55:00+09:00,USDJPY,rule_based_ai_stub,v0.1,uptrend,none,0.2,low,False,条件未達,取引許可,75.20596655751584,160.03705501479263,160.03407006032208,wait
6677fca7-760f-4dd9-b224-ad2433716221,2026-06-05 07:00:00+09:00,USDJPY,rule_based_ai_stub,v0.1,uptrend,none,0.2,low,False,条件未達,取引許可,74.56956591906243,160.03721270097273,160.03421806993308,wait
bf24d738-194c-43bb-9258-19128dd1dca1,2026-06-05 07:05:00+09:00,USDJPY,rule_based_ai_stub,v0.1,uptrend,none,0.2,low,False,条件未達,取引許可,74.49338281880443,160.03738970621313,160.03437069315277,wait
7070fc71-3b69-4105-90dc-9ed8379fad05,2026-06-05 07:10:00+09:00,USDJPY,rule_based_ai_stub,v0.1,uptrend,long,0.65,medium,True,短期MAが長期MAを上回り、RSIが許容範囲,取引許可,69.18343405116465,160.03757272436204,160.03451646165811,entry_candidate
2f75e7d6-93ee-4bbe-bc37-c0b4a392c68d,2026-06-05 07:15:00+09:00,USDJPY,rule_based_ai_stub,v0.1,uptrend,none,0.2,low,False,条件未達,取引許可,70.75561463436603,160.03772430582882,160.03467060745234,wait
2733c2e8-97b6-4d78-b036-b93c9174e420,2026-06-05 07:20:00+09:00,USDJPY,rule_based_ai_stub,v0.1,uptrend,none,0.2,low,False,条件未達,取引許可,74.25312911117894,160.0379012965624,160.0348503378479,wait
f7615e42-b4dc-4078-b7be-fed5ad072423,2026-06-05 07:25:00+09:00,USDJPY,rule_based_ai_stub,v0.1,uptrend,none,0.2,low,False,条件未達,取引許可,72.88221594459898,160.0380416124958,160.03507093049322,wait
b6005a78-2d40-4192-a39c-c5f2cdf1460c,2026-06-05 07:30:00+09:00,USDJPY,rule_based_ai_stub,v0.1,uptrend,long,0.65,medium,True,短期MAが長期MAを上回り、RSIが許容範囲,取引許可,68.32672074884414,160.0381377840863,160.03527218173338,entry_candidate
5c83010f-4eef-4e84-a351-f371f54cf2cc,2026-06-05 07:35:00+09:00,USDJPY,rule_based_ai_stub,v0.1,uptrend,long,0.65,medium,True,短期MAが長期MAを上回り、RSIが許容範囲,取引許可,67.62735367038859,160.0383393102809,160.0354837262851,entry_candidate
ba4abb1c-89d0-4292-b421-9d2a0055a89f,2026-06-05 07:40:00+09:00,USDJPY,rule_based_ai_stub,v0.1,uptrend,long,0.65,medium,True,短期MAが長期MAを上回り、RSIが許容範囲,取引許可,69.30182397247523,160.03851863842328,160.0356984618431,entry_candidate
fdccffa0-ff4e-41c9-a70a-0e0acddf1f33,2026-06-05 07:45:00+09:00,USDJPY,rule_based_ai_stub,v0.1,uptrend,long,0.65,medium,True,短期MAが長期MAを上回り、RSIが許容範囲,取引許可,68.75550640828608,160.0386939034446,160.03594100819384,entry_candidate
91eff061-f2c4-4c29-be70-8c10635d6d5e,2026-06-05 07:50:00+09:00,USDJPY,rule_based_ai_stub,v0.1,uptrend,long,0.65,medium,True,短期MAが長期MAを上回り、RSIが許容範囲,取引許可,65.41701164774726,160.03888390669613,160.03615870496733,entry_candidate
89e63977-62ad-4f13-97d8-9d8d744dffb3,2026-06-05 07:55:00+09:00,USDJPY,rule_based_ai_stub,v0.1,uptrend,none,0.2,low,False,条件未達,取引許可,76.05065952806484,160.03914668237726,160.03639041444697,wait
6548887d-b3ba-4047-b343-dcf72ed68a30,2026-06-05 08:00:00+09:00,USDJPY,rule_based_ai_stub,v0.1,uptrend,none,0.2,low,False,条件未達,取引許可,72.91308506450147,160.03939778680055,160.0365986948213,wait
17cfbced-f63b-4482-9a5b-0b96d4e501e2,2026-06-05 08:05:00+09:00,USDJPY,rule_based_ai_stub,v0.1,uptrend,none,0.2,low,False,条件未達,取引許可,82.1546017267795,160.03970123844405,160.03684723540798,wait
a7094eca-d21e-4933-b63e-8ce563692dd8,2026-06-05 08:10:00+09:00,USDJPY,rule_based_ai_stub,v0.1,uptrend,none,0.2,low,False,条件未達,取引許可,81.44779835398677,160.03998111944736,160.03708306216978,wait
2f1e5ab4-6684-48f5-9dec-4021d0ac8c0f,2026-06-05 08:15:00+09:00,USDJPY,rule_based_ai_stub,v0.1,uptrend,none,0.2,low,False,条件未達,取引許可,81.0624949469719,160.04024618323567,160.0373385387985,wait
7761bb27-6179-4fd1-b7a5-e6a7a27602f7,2026-06-05 08:20:00+09:00,USDJPY,rule_based_ai_stub,v0.1,uptrend,none,0.2,low,False,条件未達,取引許可,79.07535547009356,160.04042190786927,160.03760152704618,wait
be3fdae6-c9da-4d26-92d2-ddc5c740f376,2026-06-05 08:25:00+09:00,USDJPY,rule_based_ai_stub,v0.1,uptrend,none,0.2,low,False,条件未達,取引許可,78.1506983155862,160.04057573474023,160.0378328744221,wait
c857a6c1-50e5-48ce-b3cc-06d48297b1df,2026-06-05 08:30:00+09:00,USDJPY,rule_based_ai_stub,v0.1,uptrend,long,0.65,medium,True,短期MAが長期MAを上回り、RSIが許容範囲,取引許可,64.2697902279821,160.04068695568859,160.03804912858658,entry_candidate
90721a74-c2f1-4579-9f0e-4639bef5f569,2026-06-05 08:35:00+09:00,USDJPY,rule_based_ai_stub,v0.1,uptrend,long,0.65,medium,True,短期MAが長期MAを上回り、RSIが許容範囲,取引許可,52.987905192513594,160.04067796973436,160.03823775802178,entry_candidate
0758be5d-512d-4805-aca8-5b2db63fc3c5,2026-06-05 08:40:00+09:00,USDJPY,rule_based_ai_stub,v0.1,uptrend,long,0.65,medium,True,短期MAが長期MAを上回り、RSIが許容範囲,取引許可,60.98309052752792,160.0406892355089,160.03843846141254,entry_candidate
45daf70a-5989-4d48-a4d8-37c25e3d01e3,2026-06-05 08:45:00+09:00,USDJPY,rule_based_ai_stub,v0.1,uptrend,long,0.65,medium,True,短期MAが長期MAを上回り、RSIが許容範囲,取引許可,52.77517378866527,160.04071953360676,160.03861678741603,entry_candidate
60361d74-3a5c-4c6d-adb1-0ed5435c979a,2026-06-05 08:50:00+09:00,USDJPY,rule_based_ai_stub,v0.1,uptrend,long,0.65,medium,True,短期MAが長期MAを上回り、RSIが許容範囲,取引許可,42.54827035108799,160.04067039208368,160.03877608323194,entry_candidate
a429d14e-7889-4f22-b364-02cb10f86bfb,2026-06-05 08:55:00+09:00,USDJPY,rule_based_ai_stub,v0.1,uptrend,none,0.2,low,False,条件未達,取引許可,39.13055413986724,160.04047852241777,160.03889340652924,wait
dc615d2a-caa8-4dcf-b332-691ce5f5d46c,2026-06-05 09:00:00+09:00,USDJPY,rule_based_ai_stub,v0.1,uptrend,none,0.2,low,False,条件未達,取引許可,33.778480607331986,160.04026958283967,160.03896002353764,wait
c7a09c5a-c4e7-437f-8a1f-f5a37a05243f,2026-06-05 09:05:00+09:00,USDJPY,rule_based_ai_stub,v0.1,uptrend,none,0.2,low,False,条件未達,取引許可,26.216688296835088,160.03992570343118,160.0390055493628,wait
48175d88-5f2c-4167-9224-2a9c51e152e7,2026-06-05 09:10:00+09:00,USDJPY,rule_based_ai_stub,v0.1,uptrend,none,0.2,low,False,条件未達,取引許可,35.82761890721709,160.0396714275601,160.0390750904565,wait
d200eb79-2478-45a3-912a-c2f8a73bb0d2,2026-06-05 09:15:00+09:00,USDJPY,rule_based_ai_stub,v0.1,uptrend,none,0.2,low,False,条件未達,取引許可,34.03990146115916,160.03946136372082,160.0391439509284,wait
920a1c66-4ad0-4a33-93b4-8530c192447c,2026-06-05 09:20:00+09:00,USDJPY,rule_based_ai_stub,v0.1,uptrend,none,0.2,low,False,条件未達,取引許可,32.70019510667417,160.03922554595547,160.03918291679574,wait
ae3c137d-3055-4c8a-8d9b-e70512711560,2026-06-05 09:25:00+09:00,USDJPY,rule_based_ai_stub,v0.1,downtrend,short,0.65,medium,True,短期MAが長期MAを下回り、RSIが許容範囲,取引許可,41.760069577617806,160.039101571028,160.03923963942134,entry_candidate
bab7ba45-7885-47ea-8e08-e493e29d1663,2026-06-05 09:30:00+09:00,USDJPY,rule_based_ai_stub,v0.1,downtrend,short,0.65,medium,True,短期MAが長期MAを下回り、RSIが許容範囲,取引許可,45.64684872655743,160.03908149812926,160.03930207930136,entry_candidate
6b727726-d470-4cc1-92b8-44119eadc35b,2026-06-05 09:35:00+09:00,USDJPY,rule_based_ai_stub,v0.1,downtrend,short,0.65,medium,True,短期MAが長期MAを下回り、RSIが許容範囲,取引許可,44.71172856418782,160.03911718620546,160.03937815540692,entry_candidate
19bdd0ec-6389-442d-b22c-d3584a07fa3c,2026-06-05 09:40:00+09:00,USDJPY,rule_based_ai_stub,v0.1,downtrend,short,0.65,medium,True,短期MAが長期MAを下回り、RSIが許容範囲,取引許可,41.28727255456377,160.03894817874274,160.03938535089165,entry_candidate
f3ed2e08-e594-4b03-a884-d39ba34ca36d,2026-06-05 09:45:00+09:00,USDJPY,rule_based_ai_stub,v0.1,downtrend,short,0.65,medium,True,短期MAが長期MAを下回り、RSIが許容範囲,取引許可,51.402370447080486,160.03893606647605,160.03944983450916,entry_candidate
035a10f2-fea1-4b39-839c-8fc339c364a6,2026-06-05 09:50:00+09:00,USDJPY,rule_based_ai_stub,v0.1,downtrend,short,0.65,medium,True,短期MAが長期MAを下回り、RSIが許容範囲,取引許可,43.55310167827283,160.0389040452035,160.03948611466112,entry_candidate
b2b892ff-48b4-489f-aa3c-10fdd38abe80,2026-06-05 09:55:00+09:00,USDJPY,rule_based_ai_stub,v0.1,downtrend,short,0.65,medium,True,短期MAが長期MAを下回り、RSIが許容範囲,取引許可,41.79366321560034,160.03889742349932,160.0395075427648,entry_candidate
40b0ea95-1e3e-475d-82aa-f6277d58190e,2026-06-05 10:00:00+09:00,USDJPY,rule_based_ai_stub,v0.1,downtrend,short,0.65,medium,True,短期MAが長期MAを下回り、RSIが許容範囲,取引許可,46.89868477154987,160.0389738784041,160.03954708268145,entry_candidate
b96e4084-493e-4e84-bedc-f3398c972cec,2026-06-05 10:05:00+09:00,USDJPY,rule_based_ai_stub,v0.1,downtrend,short,0.65,medium,True,短期MAが長期MAを下回り、RSIが許容範囲,取引許可,58.34599889869487,160.0392384754189,160.0396218057647,entry_candidate
a890f4ca-6533-4d2c-9395-dc3f55abf84c,2026-06-05 10:10:00+09:00,USDJPY,rule_based_ai_stub,v0.1,downtrend,none,0.2,low,False,条件未達,取引許可,62.869416669610075,160.0394901853166,160.03971424410804,wait
39ac99c6-0940-45bf-a89d-98fe3389b098,2026-06-05 10:15:00+09:00,USDJPY,rule_based_ai_stub,v0.1,downtrend,none,0.2,low,False,条件未達,取引許可,68.00226054897104,160.0397195998158,160.0398090489241,wait
b12c790a-eb9b-4c91-a456-71bfb8d47276,2026-06-05 10:20:00+09:00,USDJPY,rule_based_ai_stub,v0.1,uptrend,long,0.65,medium,True,短期MAが長期MAを上回り、RSIが許容範囲,取引許可,66.25278004932633,160.0400131595494,160.0398868711247,entry_candidate
b27508a8-6eb3-4916-8c2c-ec3c85ba5fb3,2026-06-05 10:25:00+09:00,USDJPY,rule_based_ai_stub,v0.1,uptrend,long,0.65,medium,True,短期MAが長期MAを上回り、RSIが許容範囲,取引許可,65.9749528973944,160.04023676827063,160.03997135801296,entry_candidate
a94c877d-3115-4e89-b8e3-448afce0d185,2026-06-05 10:30:00+09:00,USDJPY,rule_based_ai_stub,v0.1,uptrend,long,0.65,medium,True,短期MAが長期MAを上回り、RSIが許容範囲,取引許可,69.67566141402833,160.040449235147,160.04007256298826,entry_candidate
0bd7e533-2211-4cd4-a224-b768ad7e2ed6,2026-06-05 10:35:00+09:00,USDJPY,rule_based_ai_stub,v0.1,uptrend,long,0.65,medium,True,短期MAが長期MAを上回り、RSIが許容範囲,取引許可,66.18621594744899,160.04069200316377,160.04016238636785,entry_candidate
8864d626-6f69-4894-8807-e95561402ffc,2026-06-05 10:40:00+09:00,USDJPY,rule_based_ai_stub,v0.1,uptrend,long,0.65,medium,True,短期MAが長期MAを上回り、RSIが許容範囲,取引許可,64.36049117395109,160.04106495152146,160.04023412192436,entry_candidate
8f905b88-9655-4e4a-bc54-cee258f24c61,2026-06-05 10:45:00+09:00,USDJPY,rule_based_ai_stub,v0.1,uptrend,long,0.65,medium,True,短期MAが長期MAを上回り、RSIが許容範囲,取引許可,65.41595234530254,160.04132022309415,160.04032527439233,entry_candidate
a192f2ae-f69c-460f-805c-9bb2e7be7002,2026-06-05 10:50:00+09:00,USDJPY,rule_based_ai_stub,v0.1,uptrend,none,0.2,low,False,条件未達,取引許可,73.431111913677,160.0416072750607,160.04039390411597,wait
171c4473-a03c-4e07-a660-0a9fd76093f3,2026-06-05 10:55:00+09:00,USDJPY,rule_based_ai_stub,v0.1,uptrend,long,0.65,medium,True,短期MAが長期MAを上回り、RSIが許容範囲,取引許可,66.81761200824593,160.04196256321077,160.0404461697093,entry_candidate
7df6dc55-dff1-47aa-b954-f8cc6636f6a1,2026-06-05 11:00:00+09:00,USDJPY,rule_based_ai_stub,v0.1,uptrend,long,0.65,medium,True,短期MAが長期MAを上回り、RSIが許容範囲,取引許可,65.19657953837626,160.04218207499855,160.04047517874744,entry_candidate
cb893613-fc0f-4556-9b1a-4dcef29c84c6,2026-06-05 11:05:00+09:00,USDJPY,rule_based_ai_stub,v0.1,uptrend,none,0.2,low,False,条件未達,取引許可,74.40092326334062,160.04227468218463,160.0404796203449,wait
61dba1e8-d031-4987-8e17-87014536444b,2026-06-05 11:10:00+09:00,USDJPY,rule_based_ai_stub,v0.1,uptrend,long,0.65,medium,True,短期MAが長期MAを上回り、RSIが許容範囲,取引許可,65.31849882311855,160.04224864617447,160.04047008635038,entry_candidate
1fad507c-6bb5-4375-ba94-6f4dfe412e1b,2026-06-05 11:15:00+09:00,USDJPY,rule_based_ai_stub,v0.1,uptrend,long,0.65,medium,True,短期MAが長期MAを上回り、RSIが許容範囲,取引許可,48.914530707943676,160.04213923524242,160.0404400662597,entry_candidate
4bdcf7f2-9d38-4764-90ef-5e3d024f2da6,2026-06-05 11:20:00+09:00,USDJPY,rule_based_ai_stub,v0.1,uptrend,long,0.65,medium,True,短期MAが長期MAを上回り、RSIが許容範囲,取引許可,41.51688489587254,160.04200908130085,160.04041592893523,entry_candidate
3ceda7f5-519f-4883-8875-7cfb0d0f418d,2026-06-05 11:25:00+09:00,USDJPY,rule_based_ai_stub,v0.1,uptrend,long,0.65,medium,True,短期MAが長期MAを上回り、RSIが許容範囲,取引許可,46.812560529874524,160.04190585669568,160.0404147319981,entry_candidate
2d834715-89f4-4bbb-a478-223f7586b5d4,2026-06-05 11:30:00+09:00,USDJPY,rule_based_ai_stub,v0.1,uptrend,long,0.65,medium,True,短期MAが長期MAを上回り、RSIが許容範囲,取引許可,48.63007742027019,160.04181060149128,160.04044711158917,entry_candidate
4d5a7199-f1ca-424b-b118-fd08ba7a7fd4,2026-06-05 11:35:00+09:00,USDJPY,rule_based_ai_stub,v0.1,uptrend,none,0.2,low,False,条件未達,取引許可,36.78470195839067,160.04162276168555,160.04047731701826,wait
baa62596-cd9e-4d01-8e52-b36e8f8060b0,2026-06-05 11:40:00+09:00,USDJPY,rule_based_ai_stub,v0.1,uptrend,none,0.2,low,False,条件未達,取引許可,28.589396832956396,160.04138023041773,160.04046445356065,wait
98e312b7-6255-4efb-a36a-b781fb53f312,2026-06-05 11:45:00+09:00,USDJPY,rule_based_ai_stub,v0.1,uptrend,none,0.2,low,False,条件未達,取引許可,32.867665626980084,160.04118786736575,160.0404813856453,wait
d55e9877-8965-4690-8700-f8a42d1ce09f,2026-06-05 11:50:00+09:00,USDJPY,rule_based_ai_stub,v0.1,uptrend,none,0.2,low,False,条件未達,取引許可,29.505309807314802,160.04098407817352,160.04049846614592,wait
b2901302-1e43-49db-abca-acee3896b8b7,2026-06-05 11:55:00+09:00,USDJPY,rule_based_ai_stub,v0.1,uptrend,none,0.2,low,False,条件未達,取引許可,29.107431829884376,160.04078309107766,160.0405476925959,wait
69b50551-9ea7-4961-a23f-ebd4fcf1d92b,2026-06-05 12:00:00+09:00,USDJPY,rule_based_ai_stub,v0.1,uptrend,none,0.2,low,False,条件未達,取引許可,34.31072322491387,160.04069425442742,160.04061673594336,wait
e55bf5a6-1b1a-4fdf-89c2-fec38eb822ff,2026-06-05 12:05:00+09:00,USDJPY,rule_based_ai_stub,v0.1,downtrend,short,0.65,medium,True,短期MAが長期MAを下回り、RSIが許容範囲,取引許可,32.42820468292177,160.04056191753583,160.0406916917131,entry_candidate
7ebf9bc2-1f19-4dae-a672-afcec3aa2e14,2026-06-05 12:10:00+09:00,USDJPY,rule_based_ai_stub,v0.1,downtrend,short,0.65,medium,True,短期MAが長期MAを下回り、RSIが許容範囲,取引許可,38.13041729216731,160.04048427897484,160.04074103682197,entry_candidate
c12ccb69-6add-46d5-a24d-a117866d5502,2026-06-05 12:15:00+09:00,USDJPY,rule_based_ai_stub,v0.1,downtrend,short,0.65,medium,True,短期MAが長期MAを下回り、RSIが許容範囲,取引許可,34.27305439659881,160.040395118605,160.04075131788775,entry_candidate
802b50df-24ad-4df4-a73a-9152bc814b4d,2026-06-05 12:20:00+09:00,USDJPY,rule_based_ai_stub,v0.1,downtrend,short,0.65,medium,True,短期MAが長期MAを下回り、RSIが許容範囲,取引許可,35.39511376982179,160.0402668951454,160.0407630453319,entry_candidate
793a032e-d3e0-409f-bcab-a1dbf60f0152,2026-06-05 12:25:00+09:00,USDJPY,rule_based_ai_stub,v0.1,downtrend,short,0.65,medium,True,短期MAが長期MAを下回り、RSIが許容範囲,取引許可,40.83042952070281,160.0400850606682,160.04074256187815,entry_candidate
370becac-a2dd-4708-a4ac-7820743c647b,2026-06-05 12:30:00+09:00,USDJPY,rule_based_ai_stub,v0.1,downtrend,short,0.65,medium,True,短期MAが長期MAを下回り、RSIが許容範囲,取引許可,34.73001575215456,160.03977766067402,160.04067916577077,entry_candidate
93d15e42-e7d6-453a-b2dd-1a1d59b2efbc,2026-06-05 12:35:00+09:00,USDJPY,rule_based_ai_stub,v0.1,downtrend,none,0.2,low,False,条件未達,取引許可,29.33202144959651,160.03957080944693,160.0406285247654,wait
22dbcf88-5793-434c-a1db-0512f42ebe93,2026-06-05 12:40:00+09:00,USDJPY,rule_based_ai_stub,v0.1,downtrend,none,0.2,low,False,条件未達,取引許可,23.074764363819952,160.0394124577367,160.0406192132253,wait
efe9872e-7a59-4f19-b076-8fe4aeb00362,2026-06-05 12:45:00+09:00,USDJPY,rule_based_ai_stub,v0.1,downtrend,short,0.65,medium,True,短期MAが長期MAを下回り、RSIが許容範囲,取引許可,31.38002064273364,160.0392346919648,160.0405809274749,entry_candidate
cf4262b7-38f6-4479-8e63-f9af713e61b2,2026-06-05 12:50:00+09:00,USDJPY,rule_based_ai_stub,v0.1,downtrend,short,0.65,medium,True,短期MAが長期MAを下回り、RSIが許容範囲,取引許可,36.69148695939603,160.03911724626926,160.04056953316783,entry_candidate
df0098de-1c18-417f-aa16-cd854d3b12aa,2026-06-05 12:55:00+09:00,USDJPY,rule_based_ai_stub,v0.1,downtrend,short,0.65,medium,True,短期MAが長期MAを下回り、RSIが許容範囲,取引許可,39.57981566041712,160.03907923925274,160.04060829784706,entry_candidate
965e5dcd-b2ac-460b-8ee3-ca5bff8a145a,2026-06-05 13:00:00+09:00,USDJPY,rule_based_ai_stub,v0.1,downtrend,short,0.65,medium,True,短期MAが長期MAを下回り、RSIが許容範囲,取引許可,45.11449698251732,160.03901999085642,160.0406321067608,entry_candidate
6d7a19be-8a5c-4774-bedc-c21471214111,2026-06-05 13:05:00+09:00,USDJPY,rule_based_ai_stub,v0.1,downtrend,short,0.65,medium,True,短期MAが長期MAを下回り、RSIが許容範囲,取引許可,44.04779898212211,160.03898768940576,160.04060809637542,entry_candidate
87689b3a-5342-40dc-b493-88d3d1edb035,2026-06-05 13:10:00+09:00,USDJPY,rule_based_ai_stub,v0.1,downtrend,short,0.65,medium,True,短期MAが長期MAを下回り、RSIが許容範囲,取引許可,41.14067240852848,160.03895623405495,160.04056305306807,entry_candidate
294f4509-5db8-4290-852c-0f9f799b3996,2026-06-05 13:15:00+09:00,USDJPY,rule_based_ai_stub,v0.1,downtrend,short,0.65,medium,True,短期MAが長期MAを下回り、RSIが許容範囲,取引許可,50.337324453224326,160.03901864488031,160.0405176662426,entry_candidate
51904e66-8ff5-4865-b68f-7ae87d3e173d,2026-06-05 13:20:00+09:00,USDJPY,rule_based_ai_stub,v0.1,downtrend,short,0.65,medium,True,短期MAが長期MAを下回り、RSIが許容範囲,取引許可,49.97677726773592,160.03911356709142,160.04046318117923,entry_candidate
c68aee07-ea04-40fc-adb7-4bb5a1853d01,2026-06-05 13:25:00+09:00,USDJPY,rule_based_ai_stub,v0.1,downtrend,none,0.2,low,False,条件未達,取引許可,60.50660041085983,160.03919452979036,160.04039514905142,wait
672e2d66-ada3-4be3-ab8b-df9bbaa8d9ec,2026-06-05 13:30:00+09:00,USDJPY,rule_based_ai_stub,v0.1,downtrend,short,0.65,medium,True,短期MAが長期MAを下回り、RSIが許容範囲,取引許可,59.58760791207812,160.0393200425916,160.04030276825233,entry_candidate
89e2aa69-1f6d-46f0-a16f-4a3d50dac2df,2026-06-05 13:35:00+09:00,USDJPY,rule_based_ai_stub,v0.1,downtrend,short,0.65,medium,True,短期MAが長期MAを下回り、RSIが許容範囲,取引許可,52.07425651312865,160.03939038661008,160.04019465258085,entry_candidate
eb43c7d5-bd2f-4919-a234-ad855f6a039e,2026-06-05 13:40:00+09:00,USDJPY,rule_based_ai_stub,v0.1,downtrend,short,0.65,medium,True,短期MAが長期MAを下回り、RSIが許容範囲,取引許可,53.54424526776301,160.03939158225492,160.04006142346978,entry_candidate
4882b8d3-ac96-4c17-81cc-5b28306550ab,2026-06-05 13:45:00+09:00,USDJPY,rule_based_ai_stub,v0.1,downtrend,none,0.2,low,False,条件未達,取引許可,61.095565740802755,160.03945263223918,160.03995839718993,wait
ea5a0c6d-5f96-4b50-9366-624191feedd5,2026-06-05 13:50:00+09:00,USDJPY,rule_based_ai_stub,v0.1,downtrend,short,0.65,medium,True,短期MAが長期MAを下回り、RSIが許容範囲,取引許可,53.03389886079871,160.03944029335494,160.0398472059326,entry_candidate
08ce5aa8-eb61-466d-b56e-3aea70f34a1c,2026-06-05 13:55:00+09:00,USDJPY,rule_based_ai_stub,v0.1,downtrend,short,0.65,medium,True,短期MAが長期MAを下回り、RSIが許容範囲,取引許可,46.3641870878292,160.03932510218934,160.03972914417326,entry_candidate
cd57a419-b3fc-4d61-9011-eba1746ad054,2026-06-05 14:00:00+09:00,USDJPY,rule_based_ai_stub,v0.1,downtrend,short,0.65,medium,True,短期MAが長期MAを下回り、RSIが許容範囲,取引許可,41.749209938415625,160.03916772943535,160.03962732490638,entry_candidate
4e2eed50-f744-4642-bb5d-fcc8dd3dc1e2,2026-06-05 14:05:00+09:00,USDJPY,rule_based_ai_stub,v0.1,downtrend,short,0.65,medium,True,短期MAが長期MAを下回り、RSIが許容範囲,取引許可,38.83435048372992,160.03907657317723,160.0395420600396,entry_candidate
0a9f252b-11b6-480e-ac05-1f34fccb4f89,2026-06-05 14:10:00+09:00,USDJPY,rule_based_ai_stub,v0.1,downtrend,short,0.65,medium,True,短期MAが長期MAを下回り、RSIが許容範囲,取引許可,36.78606855284802,160.03896455456007,160.03946835586328,entry_candidate
1dfe68e5-44da-4fa2-a764-e99e0994ab1c,2026-06-05 14:15:00+09:00,USDJPY,rule_based_ai_stub,v0.1,downtrend,short,0.65,medium,True,短期MAが長期MAを下回り、RSIが許容範囲,取引許可,45.96234249769827,160.03888775814508,160.03943384054344,entry_candidate
c92e74f7-916b-420c-95b6-9b62d90b6c41,2026-06-05 14:20:00+09:00,USDJPY,rule_based_ai_stub,v0.1,downtrend,short,0.65,medium,True,短期MAが長期MAを下回り、RSIが許容範囲,取引許可,42.4982930247524,160.03877484419533,160.03938510214408,entry_candidate
b8dcec4c-e9b6-4301-b9ed-51ecb8fd9b29,2026-06-05 14:25:00+09:00,USDJPY,rule_based_ai_stub,v0.1,downtrend,short,0.65,medium,True,短期MAが長期MAを下回り、RSIが許容範囲,取引許可,41.06702053593126,160.03867385036918,160.03931781360924,entry_candidate
e9b6ed43-1f5d-4dfd-bb3d-8830c6ebd3b6,2026-06-05 14:30:00+09:00,USDJPY,rule_based_ai_stub,v0.1,downtrend,short,0.65,medium,True,短期MAが長期MAを下回り、RSIが許容範囲,取引許可,37.77088162340686,160.03856618877472,160.03922129734678,entry_candidate
8cc2f7c3-1a75-4689-ad54-925c0b6448f6,2026-06-05 14:35:00+09:00,USDJPY,rule_based_ai_stub,v0.1,downtrend,short,0.65,medium,True,短期MAが長期MAを下回り、RSIが許容範囲,取引許可,47.48912125680716,160.03859892968254,160.03918670857985,entry_candidate
7f2a90e8-75a9-4cf7-9d56-1c49c98d87de,2026-06-05 14:40:00+09:00,USDJPY,rule_based_ai_stub,v0.1,downtrend,short,0.65,medium,True,短期MAが長期MAを下回り、RSIが許容範囲,取引許可,45.83739600481768,160.038642420933,160.0391488203082,entry_candidate
cf2c0e4e-9e7c-47fa-86e6-9e611c2c6eee,2026-06-05 14:45:00+09:00,USDJPY,rule_based_ai_stub,v0.1,downtrend,short,0.65,medium,True,短期MAが長期MAを下回り、RSIが許容範囲,取引許可,49.30499320253227,160.03861392438182,160.03910041619528,entry_candidate
e0ddf3e4-3174-45c1-9853-4079bec24036,2026-06-05 14:50:00+09:00,USDJPY,rule_based_ai_stub,v0.1,downtrend,short,0.65,medium,True,短期MAが長期MAを下回り、RSIが許容範囲,取引許可,57.154338575373586,160.03867930983645,160.03907894982024,entry_candidate
e4a78a45-eb64-405b-908c-42dacf091bd1,2026-06-05 14:55:00+09:00,USDJPY,rule_based_ai_stub,v0.1,downtrend,short,0.65,medium,True,短期MAが長期MAを下回り、RSIが許容範囲,取引許可,52.20805694277904,160.03880003050585,160.03906812398264,entry_candidate
e1546fbb-8423-41e8-8f86-73347a3b428d,2026-06-05 15:00:00+09:00,USDJPY,rule_based_ai_stub,v0.1,downtrend,short,0.65,medium,True,短期MAが長期MAを下回り、RSIが許容範囲,取引許可,57.46539739731898,160.03894740715558,160.03904504248243,entry_candidate
1985e6bc-b0f7-472d-8b52-8d09a46a0394,2026-06-05 15:05:00+09:00,USDJPY,rule_based_ai_stub,v0.1,uptrend,long,0.65,medium,True,短期MAが長期MAを上回り、RSIが許容範囲,取引許可,60.71773670387085,160.03904354655145,160.03903593637816,entry_candidate
780ec5c7-83d7-4d11-8bea-4e5233ed0e2a,2026-06-05 15:10:00+09:00,USDJPY,rule_based_ai_stub,v0.1,uptrend,long,0.65,medium,True,短期MAが長期MAを上回り、RSIが許容範囲,取引許可,65.55062952800384,160.03915662400485,160.03902580420663,entry_candidate
94767139-a796-4568-af0f-23461fd9a51c,2026-06-05 15:15:00+09:00,USDJPY,rule_based_ai_stub,v0.1,uptrend,long,0.65,medium,True,短期MAが長期MAを上回り、RSIが許容範囲,取引許可,60.8656027544965,160.03919996425455,160.03903545575997,entry_candidate
a0c78bf6-5422-410e-a3aa-58d0ec1534cc,2026-06-05 15:20:00+09:00,USDJPY,rule_based_ai_stub,v0.1,uptrend,long,0.65,medium,True,短期MAが長期MAを上回り、RSIが許容範囲,取引許可,66.85886484901462,160.0393251729913,160.03907119475934,entry_candidate
962f76d5-66f4-4fa8-9253-bcc7d5ee029d,2026-06-05 15:25:00+09:00,USDJPY,rule_based_ai_stub,v0.1,uptrend,long,0.65,medium,True,短期MAが長期MAを上回り、RSIが許容範囲,取引許可,69.9896341538252,160.03954695817,160.03913844610986,entry_candidate
2c9ff93f-9cbc-40d5-ac19-31a2eab55b7c,2026-06-05 15:30:00+09:00,USDJPY,rule_based_ai_stub,v0.1,uptrend,none,0.2,low,False,条件未達,取引許可,70.79541132891886,160.03978263611214,160.03922295582618,wait
7196a8fa-3905-48e5-b95b-eed4f2806465,2026-06-05 15:35:00+09:00,USDJPY,rule_based_ai_stub,v0.1,uptrend,long,0.65,medium,True,短期MAが長期MAを上回り、RSIが許容範囲,取引許可,61.415238608518685,160.0398425664489,160.03927729424717,entry_candidate
a9b804d0-ed9d-4349-be98-a0773ae2685c,2026-06-05 15:40:00+09:00,USDJPY,rule_based_ai_stub,v0.1,uptrend,long,0.65,medium,True,短期MAが長期MAを上回り、RSIが許容範囲,取引許可,65.83281772901178,160.03995746260418,160.03933048859736,entry_candidate
1f26d5ee-08bd-46e0-ae1e-c575e955c41f,2026-06-05 15:45:00+09:00,USDJPY,rule_based_ai_stub,v0.1,uptrend,long,0.65,medium,True,短期MAが長期MAを上回り、RSIが許容範囲,取引許可,67.20498662463152,160.04018585319082,160.0394174699373,entry_candidate
1aeea883-f660-41ff-b429-12d40c0fdee4,2026-06-05 15:50:00+09:00,USDJPY,rule_based_ai_stub,v0.1,uptrend,long,0.65,medium,True,短期MAが長期MAを上回り、RSIが許容範囲,取引許可,69.67718984601774,160.04034237120507,160.0394873247988,entry_candidate
7826bc19-26ec-4d0b-9d12-c8ce85614265,2026-06-05 15:55:00+09:00,USDJPY,rule_based_ai_stub,v0.1,uptrend,none,0.2,low,False,条件未達,取引許可,73.10299898902022,160.04056015510466,160.03956176259996,wait
0614e1d1-bd38-478c-ad70-9e0fbaa3b4ed,2026-06-05 16:00:00+09:00,USDJPY,rule_based_ai_stub,v0.1,uptrend,none,0.2,low,False,条件未達,取引許可,75.29493023338456,160.04087108842793,160.03966207500628,wait
c0239c73-8df3-4bb7-b7be-e953294cdd3c,2026-06-05 16:05:00+09:00,USDJPY,rule_based_ai_stub,v0.1,uptrend,none,0.2,low,False,条件未達,取引許可,71.34163608948892,160.0411608333741,160.03976031770094,wait
0a7fe338-8e3e-46d9-8b5a-dd3f634ee151,2026-06-05 16:10:00+09:00,USDJPY,rule_based_ai_stub,v0.1,uptrend,none,0.2,low,False,条件未達,取引許可,73.50263713678346,160.0414768369006,160.0398660051552,wait
43f8e02a-8a58-4f13-8f47-4cb87d2d5e63,2026-06-05 16:15:00+09:00,USDJPY,rule_based_ai_stub,v0.1,uptrend,none,0.2,low,False,条件未達,取引許可,76.99445872740114,160.0418816103584,160.039989777586,wait
fc24f116-2501-4db2-a022-ae67709c4d6b,2026-06-05 16:20:00+09:00,USDJPY,rule_based_ai_stub,v0.1,uptrend,none,0.2,low,False,条件未達,取引許可,75.06274584750686,160.04221923347325,160.04010641688663,wait
ddcfa36c-1bbb-4807-99c3-6d8da4fbfad8,2026-06-05 16:25:00+09:00,USDJPY,rule_based_ai_stub,v0.1,uptrend,none,0.2,low,False,条件未達,取引許可,74.7837805970098,160.04243615142005,160.04021898665306,wait
15f03e05-310d-4e9f-bd56-2cf28570ba2e,2026-06-05 16:30:00+09:00,USDJPY,rule_based_ai_stub,v0.1,uptrend,none,0.2,low,False,条件未達,取引許可,70.26067894511183,160.04265185991036,160.04033356159908,wait
b848613c-0298-452d-9a8b-7aa8333dde84,2026-06-05 16:35:00+09:00,USDJPY,rule_based_ai_stub,v0.1,uptrend,long,0.65,medium,True,短期MAが長期MAを上回り、RSIが許容範囲,取引許可,60.21875162503081,160.04288532071317,160.04044227228155,entry_candidate
934ba2c0-c3d8-49ab-b007-bfe1a6963a43,2026-06-05 16:40:00+09:00,USDJPY,rule_based_ai_stub,v0.1,uptrend,long,0.65,medium,True,短期MAが長期MAを上回り、RSIが許容範囲,取引許可,59.81444913125132,160.0430907317411,160.0405635384261,entry_candidate
79f7e1f2-e509-4ee7-8de6-aa98fb5e76ca,2026-06-05 16:45:00+09:00,USDJPY,rule_based_ai_stub,v0.1,uptrend,long,0.65,medium,True,短期MAが長期MAを上回り、RSIが許容範囲,取引許可,60.459521373903165,160.04310596028887,160.04063524595384,entry_candidate
7ad31fbf-948d-47ac-bb4d-8edf8a2962c9,2026-06-05 16:50:00+09:00,USDJPY,rule_based_ai_stub,v0.1,uptrend,long,0.65,medium,True,短期MAが長期MAを上回り、RSIが許容範囲,取引許可,60.928744082624,160.0431630767384,160.0407282525933,entry_candidate
87631334-ad08-451e-99d1-4f290ab23158,2026-06-05 16:55:00+09:00,USDJPY,rule_based_ai_stub,v0.1,uptrend,long,0.65,medium,True,短期MAが長期MAを上回り、RSIが許容範囲,取引許可,48.293550378386264,160.0430997386861,160.04081997476553,entry_candidate
1d1a08f4-b212-4436-a04d-1f840dba31f5,2026-06-05 17:00:00+09:00,USDJPY,rule_based_ai_stub,v0.1,uptrend,long,0.65,medium,True,短期MAが長期MAを上回り、RSIが許容範囲,取引許可,52.874133218325206,160.0429642048887,160.04092756682408,entry_candidate
47d5d6a4-7e20-491c-aa35-70651ddada5c,2026-06-05 17:05:00+09:00,USDJPY,rule_based_ai_stub,v0.1,uptrend,none,0.2,low,False,条件未達,取引許可,38.39247217998437,160.0427785557211,160.04099431188223,wait
98ae8d7f-bf66-4cc7-9809-5dddebb33d8e,2026-06-05 17:10:00+09:00,USDJPY,rule_based_ai_stub,v0.1,uptrend,none,0.2,low,False,条件未達,取引許可,29.804142484909306,160.04258100141112,160.04107148743887,wait
4cdaf814-8d1c-4137-94de-da78d6d2d878,2026-06-05 17:15:00+09:00,USDJPY,rule_based_ai_stub,v0.1,uptrend,none,0.2,low,False,条件未達,取引許可,37.391717095214915,160.04234370371807,160.0411417594437,wait
d3ba653f-5747-4c02-ac52-0fa8ab9b0870,2026-06-05 17:20:00+09:00,USDJPY,rule_based_ai_stub,v0.1,uptrend,none,0.2,low,False,条件未達,取引許可,27.66157840028862,160.04202567562996,160.04119002736482,wait
c7575217-f260-4803-bdac-bb9e888b851a,2026-06-05 17:25:00+09:00,USDJPY,rule_based_ai_stub,v0.1,uptrend,none,0.2,low,False,条件未達,取引許可,18.68805773322636,160.04173652938832,160.04123987965946,wait
2a0d3ab4-404d-4a9a-b412-21bd09ef0969,2026-06-05 17:30:00+09:00,USDJPY,rule_based_ai_stub,v0.1,uptrend,none,0.2,low,False,条件未達,取引許可,28.507763320411286,160.04153785064202,160.04132411555486,wait
894b37b4-3b6c-4a93-a435-43ed16a5626e,2026-06-05 17:35:00+09:00,USDJPY,rule_based_ai_stub,v0.1,downtrend,none,0.2,low,False,条件未達,取引許可,26.1176331037873,160.0413294276813,160.04135243828114,wait
b89ff09b-ac5c-4f7e-b80e-a8d483ab42c3,2026-06-05 17:40:00+09:00,USDJPY,rule_based_ai_stub,v0.1,downtrend,short,0.65,medium,True,短期MAが長期MAを下回り、RSIが許容範囲,取引許可,36.751889222297415,160.0412370972172,160.04142843052082,entry_candidate
b88276fa-d1c2-4c42-9675-9a90fd2c2d48,2026-06-05 17:45:00+09:00,USDJPY,rule_based_ai_stub,v0.1,downtrend,short,0.65,medium,True,短期MAが長期MAを下回り、RSIが許容範囲,取引許可,41.86581212705253,160.04122691471687,160.0415062427322,entry_candidate
74475db7-679f-490a-8d0b-b3e18d2f13fb,2026-06-05 17:50:00+09:00,USDJPY,rule_based_ai_stub,v0.1,downtrend,short,0.65,medium,True,短期MAが長期MAを下回り、RSIが許容範囲,取引許可,41.68087602651319,160.04117977745037,160.04156174179795,entry_candidate
36a855af-bb03-4f3b-9227-e8e25140503c,2026-06-05 17:55:00+09:00,USDJPY,rule_based_ai_stub,v0.1,downtrend,short,0.65,medium,True,短期MAが長期MAを下回り、RSIが許容範囲,取引許可,45.93370059205347,160.04116835039156,160.04160941472745,entry_candidate
e9b2042c-9ad5-4ca3-8045-21118e57eff9,2026-06-05 18:00:00+09:00,USDJPY,rule_based_ai_stub,v0.1,downtrend,short,0.65,medium,True,短期MAが長期MAを下回り、RSIが許容範囲,取引許可,48.30097967401132,160.04117315038275,160.04166948123313,entry_candidate
de4afe61-d5a0-4948-9c87-d6db29bfeb00,2026-06-05 18:05:00+09:00,USDJPY,rule_based_ai_stub,v0.1,downtrend,short,0.65,medium,True,短期MAが長期MAを下回り、RSIが許容範囲,取引許可,51.940870565706376,160.04125954542582,160.04173297817366,entry_candidate
88aa8eb9-d853-4d43-a4cc-fefc8571eb03,2026-06-05 18:10:00+09:00,USDJPY,rule_based_ai_stub,v0.1,downtrend,short,0.65,medium,True,短期MAが長期MAを下回り、RSIが許容範囲,取引許可,53.202463269442745,160.0413563342569,160.04180472418955,entry_candidate
482a1916-fc4f-4815-ba15-74e8db0d4ce5,2026-06-05 18:15:00+09:00,USDJPY,rule_based_ai_stub,v0.1,downtrend,short,0.65,medium,True,短期MAが長期MAを下回り、RSIが許容範囲,取引許可,56.27971849742327,160.0413654129603,160.04186357567892,entry_candidate
edbfca12-d491-446f-9f78-4636cea0600e,2026-06-05 18:20:00+09:00,USDJPY,rule_based_ai_stub,v0.1,downtrend,short,0.65,medium,True,短期MAが長期MAを下回り、RSIが許容範囲,取引許可,55.62711622862997,160.04148264648697,160.04190918519672,entry_candidate
793dbce2-7ebf-4eb9-a7fc-8c55c603c150,2026-06-05 18:25:00+09:00,USDJPY,rule_based_ai_stub,v0.1,downtrend,short,0.65,medium,True,短期MAが長期MAを下回り、RSIが許容範囲,取引許可,45.472033725467526,160.04151049146031,160.04189439075623,entry_candidate
f33c9f28-7673-4689-a055-8c57d6588fa4,2026-06-05 18:30:00+09:00,USDJPY,rule_based_ai_stub,v0.1,downtrend,short,0.65,medium,True,短期MAが長期MAを下回り、RSIが許容範囲,取引許可,54.4968430204475,160.04147139168097,160.0418870340778,entry_candidate
98135581-9c5b-48ac-85dd-b898f9c8e9ad,2026-06-05 18:35:00+09:00,USDJPY,rule_based_ai_stub,v0.1,downtrend,short,0.65,medium,True,短期MAが長期MAを下回り、RSIが許容範囲,取引許可,47.871590548648975,160.04144757857048,160.04188744232167,entry_candidate
8718451f-e39e-42b0-9f51-d5a64b938277,2026-06-05 18:40:00+09:00,USDJPY,rule_based_ai_stub,v0.1,downtrend,short,0.65,medium,True,短期MAが長期MAを下回り、RSIが許容範囲,取引許可,37.372810069098335,160.04130336034353,160.0418770631006,entry_candidate
61880e55-970f-401d-a122-57c27a198eb8,2026-06-05 18:45:00+09:00,USDJPY,rule_based_ai_stub,v0.1,downtrend,short,0.65,medium,True,短期MAが長期MAを下回り、RSIが許容範囲,取引許可,50.30282976079124,160.04119999582488,160.04184429027688,entry_candidate
3c47896f-5dae-4479-9764-cd562dc81242,2026-06-05 18:50:00+09:00,USDJPY,rule_based_ai_stub,v0.1,downtrend,short,0.65,medium,True,短期MAが長期MAを下回り、RSIが許容範囲,取引許可,47.06969640890854,160.04118644740504,160.04184310053128,entry_candidate
9af3c0fe-a673-4170-b784-d5e9b4b53757,2026-06-05 18:55:00+09:00,USDJPY,rule_based_ai_stub,v0.1,downtrend,short,0.65,medium,True,短期MAが長期MAを下回り、RSIが許容範囲,取引許可,48.17251912259928,160.04120614434513,160.04182474447427,entry_candidate
f3e361a2-ce34-4163-8dc7-7a48d27f49bb,2026-06-05 19:00:00+09:00,USDJPY,rule_based_ai_stub,v0.1,downtrend,short,0.65,medium,True,短期MAが長期MAを下回り、RSIが許容範囲,取引許可,46.2111001780724,160.04114330930136,160.04176022152427,entry_candidate
69a8643f-13de-4a1b-9cee-4f941c45e9d0,2026-06-05 19:05:00+09:00,USDJPY,rule_based_ai_stub,v0.1,downtrend,short,0.65,medium,True,短期MAが長期MAを下回り、RSIが許容範囲,取引許可,44.978651224862006,160.04106085356554,160.0416996515708,entry_candidate
f09d6723-80bd-466a-b9da-92dbbe9a3c26,2026-06-05 19:10:00+09:00,USDJPY,rule_based_ai_stub,v0.1,downtrend,short,0.65,medium,True,短期MAが長期MAを下回り、RSIが許容範囲,取引許可,48.43357843165078,160.04101211491505,160.04164981686102,entry_candidate
b8e99ff2-93a3-4933-b12d-7f463cc1dcc4,2026-06-05 19:15:00+09:00,USDJPY,rule_based_ai_stub,v0.1,downtrend,short,0.65,medium,True,短期MAが長期MAを下回り、RSIが許容範囲,取引許可,48.7565012073949,160.04101649578993,160.04157520415612,entry_candidate
b984499b-0d8a-49e0-a8d9-7bf7bbee623d,2026-06-05 19:20:00+09:00,USDJPY,rule_based_ai_stub,v0.1,downtrend,short,0.65,medium,True,短期MAが長期MAを下回り、RSIが許容範囲,取引許可,56.190439729228856,160.04112837510064,160.0415455657392,entry_candidate
09643c88-35c6-4757-b665-99f48431bf2d,2026-06-05 19:25:00+09:00,USDJPY,rule_based_ai_stub,v0.1,downtrend,none,0.2,low,False,条件未達,取引許可,62.02736443069906,160.04133060602814,160.04152587562558,wait
887b0bae-7958-4503-8262-bc27ba7c2dec,2026-06-05 19:30:00+09:00,USDJPY,rule_based_ai_stub,v0.1,uptrend,long,0.65,medium,True,短期MAが長期MAを上回り、RSIが許容範囲,取引許可,62.10036043506648,160.04154800071453,160.0415190810125,entry_candidate
c35a45db-6893-4e60-8faf-944d21b13cef,2026-06-05 19:35:00+09:00,USDJPY,rule_based_ai_stub,v0.1,uptrend,long,0.65,medium,True,短期MAが長期MAを上回り、RSIが許容範囲,取引許可,68.51246170249973,160.04179513495976,160.04152404707054,entry_candidate
e366d335-dd14-4ad2-947a-d496ff80fb2b,2026-06-05 19:40:00+09:00,USDJPY,rule_based_ai_stub,v0.1,uptrend,long,0.65,medium,True,短期MAが長期MAを上回り、RSIが許容範囲,取引許可,69.55473879448601,160.0420857227474,160.0415420601027,entry_candidate
7f5e8cd6-9f1a-4368-9cc9-9c041c7d7a39,2026-06-05 19:45:00+09:00,USDJPY,rule_based_ai_stub,v0.1,uptrend,none,0.2,low,False,条件未達,取引許可,74.78024874050334,160.04230688238445,160.0415779309754,wait
d48c9456-8600-4484-a742-b33bab826ab0,2026-06-05 19:50:00+09:00,USDJPY,rule_based_ai_stub,v0.1,uptrend,none,0.2,low,False,条件未達,取引許可,81.97802643822475,160.0425088819493,160.04162503560156,wait
41569535-54a1-454b-83a7-80288f531ec9,2026-06-05 19:55:00+09:00,USDJPY,rule_based_ai_stub,v0.1,uptrend,none,0.2,low,False,条件未達,取引許可,81.46046327898915,160.04272825972393,160.04170091815354,wait
40b06d7b-48c8-40fb-b72a-9c26fb27bc3d,2026-06-05 20:00:00+09:00,USDJPY,rule_based_ai_stub,v0.1,uptrend,none,0.2,low,False,条件未達,取引許可,72.5987934469874,160.04296295366376,160.04175980444927,wait
0fc76fbf-94ba-4451-8ae3-dcb132e205d4,2026-06-05 20:05:00+09:00,USDJPY,rule_based_ai_stub,v0.1,uptrend,long,0.65,medium,True,短期MAが長期MAを上回り、RSIが許容範囲,取引許可,61.428360838374424,160.04314690637844,160.04182243512324,entry_candidate
3816016c-e63f-4f11-811c-7e4bdd7f0a95,2026-06-05 20:10:00+09:00,USDJPY,rule_based_ai_stub,v0.1,uptrend,long,0.65,medium,True,短期MAが長期MAを上回り、RSIが許容範囲,取引許可,57.206083024624384,160.04317839393943,160.0418489477038,entry_candidate
97d694b3-d5e9-41a8-baf3-2640e6737e44,2026-06-05 20:15:00+09:00,USDJPY,rule_based_ai_stub,v0.1,uptrend,long,0.65,medium,True,短期MAが長期MAを上回り、RSIが許容範囲,取引許可,60.790522777349544,160.0432281952211,160.0418700346571,entry_candidate
d32ab468-5576-49c8-883c-bf5bb8f1b641,2026-06-05 20:20:00+09:00,USDJPY,rule_based_ai_stub,v0.1,uptrend,long,0.65,medium,True,短期MAが長期MAを上回り、RSIが許容範囲,取引許可,50.31046566213781,160.04310686169546,160.04190596109436,entry_candidate
95210e7c-67cc-4d61-8914-f183f9dd878b,2026-06-05 20:25:00+09:00,USDJPY,rule_based_ai_stub,v0.1,uptrend,long,0.65,medium,True,短期MAが長期MAを上回り、RSIが許容範囲,取引許可,41.356759547478696,160.0428582177482,160.04189977174553,entry_candidate
c1a7de31-08eb-4210-83a3-b67b0fbfaaae,2026-06-05 20:30:00+09:00,USDJPY,rule_based_ai_stub,v0.1,uptrend,none,0.2,low,False,条件未達,取引許可,31.018005012827473,160.04261940027536,160.04187959755694,wait
fa5df6a8-f052-4c6d-8382-9f59644a911a,2026-06-05 20:35:00+09:00,USDJPY,rule_based_ai_stub,v0.1,uptrend,long,0.65,medium,True,短期MAが長期MAを上回り、RSIが許容範囲,取引許可,42.115817294448775,160.04252068860157,160.04192113404395,entry_candidate
dd8a2b8c-2ff3-46f5-a05c-ed5a8e0f1ae6,2026-06-05 20:40:00+09:00,USDJPY,rule_based_ai_stub,v0.1,uptrend,long,0.65,medium,True,短期MAが長期MAを上回り、RSIが許容範囲,取引許可,41.22358145099948,160.04241499633696,160.04193469314262,entry_candidate
3764a53b-1392-4361-9f54-9c394c1a0087,2026-06-05 20:45:00+09:00,USDJPY,rule_based_ai_stub,v0.1,uptrend,long,0.65,medium,True,短期MAが長期MAを上回り、RSIが許容範囲,取引許可,45.86875977231261,160.04235885210292,160.04195524343743,entry_candidate
0d4dfd61-acd1-4979-842b-738ebbded149,2026-06-05 20:50:00+09:00,USDJPY,rule_based_ai_stub,v0.1,uptrend,long,0.65,medium,True,短期MAが長期MAを上回り、RSIが許容範囲,取引許可,45.659302614835916,160.04227139390295,160.04198890775243,entry_candidate
630ca3d9-5efe-4112-a3d5-0fa560adaadd,2026-06-05 20:55:00+09:00,USDJPY,rule_based_ai_stub,v0.1,uptrend,long,0.65,medium,True,短期MAが長期MAを上回り、RSIが許容範囲,取引許可,45.84309938284372,160.0421311561045,160.0420218533912,entry_candidate
3806a6f3-0948-4ea4-a89e-2705ff3361eb,2026-06-05 21:00:00+09:00,USDJPY,rule_based_ai_stub,v0.1,uptrend,long,0.65,medium,True,短期MAが長期MAを上回り、RSIが許容範囲,取引許可,46.68807648757231,160.0420761716032,160.0420608115228,entry_candidate
cc8deb0d-1814-4065-9332-bdf3ad999695,2026-06-05 21:05:00+09:00,USDJPY,rule_based_ai_stub,v0.1,downtrend,short,0.65,medium,True,短期MAが長期MAを下回り、RSIが許容範囲,取引許可,41.64458188871956,160.0420732350224,160.04209366498878,entry_candidate
a889a470-8905-4626-b771-eae2b70c48b5,2026-06-05 21:10:00+09:00,USDJPY,rule_based_ai_stub,v0.1,uptrend,long,0.65,medium,True,短期MAが長期MAを上回り、RSIが許容範囲,取引許可,45.585293064946846,160.04217547832593,160.04212199572683,entry_candidate
3523b6a2-113a-48c4-8fff-d3ab190bdf52,2026-06-05 21:15:00+09:00,USDJPY,rule_based_ai_stub,v0.1,uptrend,long,0.65,medium,True,短期MAが長期MAを上回り、RSIが許容範囲,取引許可,52.48097714714225,160.04226840695344,160.04217103265484,entry_candidate
f26f9473-9479-4d78-a8c0-e2554207903c,2026-06-05 21:20:00+09:00,USDJPY,rule_based_ai_stub,v0.1,uptrend,long,0.65,medium,True,短期MAが長期MAを上回り、RSIが許容範囲,取引許可,58.4957757370828,160.0423830993886,160.04220611206156,entry_candidate
630b59f8-8f47-47b8-a6dc-18b73ebc0b27,2026-06-05 21:25:00+09:00,USDJPY,rule_based_ai_stub,v0.1,uptrend,long,0.65,medium,True,短期MAが長期MAを上回り、RSIが許容範囲,取引許可,60.377543999297906,160.04265503847083,160.0422812874157,entry_candidate
f0b75f42-27ac-41fc-98be-268be621af86,2026-06-05 21:30:00+09:00,USDJPY,rule_based_ai_stub,v0.1,uptrend,long,0.65,medium,True,短期MAが長期MAを上回り、RSIが許容範囲,取引許可,66.12805997335363,160.04289880063504,160.04235540054162,entry_candidate
4ffa4743-1ee1-48d5-bd7a-63817de13ce2,2026-06-05 21:35:00+09:00,USDJPY,rule_based_ai_stub,v0.1,uptrend,none,0.2,low,False,条件未達,取引許可,77.19191468949616,160.04298012556538,160.04243198304223,wait
854d8fda-d915-449a-8192-e732794c5fc9,2026-06-05 21:40:00+09:00,USDJPY,rule_based_ai_stub,v0.1,uptrend,none,0.2,low,False,条件未達,取引許可,77.58892487871567,160.0430885795335,160.04252976620597,wait
87111dff-f271-43c7-80c4-78a402b66de3,2026-06-05 21:45:00+09:00,USDJPY,rule_based_ai_stub,v0.1,uptrend,long,0.65,medium,True,短期MAが長期MAを上回り、RSIが許容範囲,取引許可,59.444949881155765,160.0431101855638,160.04259197335037,entry_candidate
3b154d06-066c-4535-90ef-9df61a2d6043,2026-06-05 21:50:00+09:00,USDJPY,rule_based_ai_stub,v0.1,uptrend,long,0.65,medium,True,短期MAが長期MAを上回り、RSIが許容範囲,取引許可,59.64612268333655,160.04312910918404,160.04263646167877,entry_candidate
f33ca51e-66e5-415b-9bce-7e49910b9c3e,2026-06-05 21:55:00+09:00,USDJPY,rule_based_ai_stub,v0.1,uptrend,long,0.65,medium,True,短期MAが長期MAを上回り、RSIが許容範囲,取引許可,53.999392509652935,160.04315252133708,160.04267064572184,entry_candidate
527417ff-39f8-4e7e-a995-56d142695787,2026-06-05 22:00:00+09:00,USDJPY,rule_based_ai_stub,v0.1,uptrend,long,0.65,medium,True,短期MAが長期MAを上回り、RSIが許容範囲,取引許可,60.540221642117395,160.04318427444431,160.0427411332371,entry_candidate
a980f722-9934-48ea-96eb-8e0b9ed18505,2026-06-05 22:05:00+09:00,USDJPY,rule_based_ai_stub,v0.1,uptrend,long,0.65,medium,True,短期MAが長期MAを上回り、RSIが許容範囲,取引許可,63.80194296492664,160.04325427619037,160.04282480586372,entry_candidate
18a3d83d-0f09-4faf-b8b3-67fbbb0f95a8,2026-06-05 22:10:00+09:00,USDJPY,rule_based_ai_stub,v0.1,uptrend,long,0.65,medium,True,短期MAが長期MAを上回り、RSIが許容範囲,取引許可,58.54373514780999,160.0433096569728,160.0428878430794,entry_candidate
f2e754dd-81c5-40f7-b49a-857396e1b3f7,2026-06-05 22:15:00+09:00,USDJPY,rule_based_ai_stub,v0.1,uptrend,long,0.65,medium,True,短期MAが長期MAを上回り、RSIが許容範囲,取引許可,65.66793948784765,160.04338984117985,160.0429621477848,entry_candidate
3d750a57-0898-4c23-8d7d-f321dd8427a8,2026-06-05 22:20:00+09:00,USDJPY,rule_based_ai_stub,v0.1,uptrend,none,0.2,low,False,条件未達,取引許可,70.35364817549569,160.04357294028705,160.04302096712368,wait
8cfa01b0-2294-4f84-8f49-1084c9a887b0,2026-06-05 22:25:00+09:00,USDJPY,rule_based_ai_stub,v0.1,uptrend,none,0.2,low,False,条件未達,取引許可,71.18076813268732,160.0437343277921,160.04308252800374,wait
f30c2167-8df2-4ec7-b90d-8a65918e6c45,2026-06-05 22:30:00+09:00,USDJPY,rule_based_ai_stub,v0.1,uptrend,none,0.2,low,False,条件未達,取引許可,77.19559893624474,160.04390498091598,160.04314106060878,wait
3ee83bc5-963c-45ef-a8be-aea6676a4e1b,2026-06-05 22:35:00+09:00,USDJPY,rule_based_ai_stub,v0.1,uptrend,long,0.65,medium,True,短期MAが長期MAを上回り、RSIが許容範囲,取引許可,62.05906791053432,160.0440478294862,160.0431828812177,entry_candidate
d5fb5031-26b9-44ed-a2cc-0433da4e26a3,2026-06-05 22:40:00+09:00,USDJPY,rule_based_ai_stub,v0.1,uptrend,long,0.65,medium,True,短期MAが長期MAを上回り、RSIが許容範囲,取引許可,55.93137562472754,160.0441105968811,160.0432047242505,entry_candidate
b4ef4bca-03fa-4247-956b-b0fae7c78096,2026-06-05 22:45:00+09:00,USDJPY,rule_based_ai_stub,v0.1,uptrend,long,0.65,medium,True,短期MAが長期MAを上回り、RSIが許容範囲,取引許可,58.873499564091595,160.04420302643985,160.04322402136887,entry_candidate
d33b1e2c-0fa6-4d30-ad67-961195796bcb,2026-06-05 22:50:00+09:00,USDJPY,rule_based_ai_stub,v0.1,uptrend,long,0.65,medium,True,短期MAが長期MAを上回り、RSIが許容範囲,取引許可,52.17300643441173,160.04426357133062,160.04322135813922,entry_candidate
996305c7-eed7-47d9-bbb7-d745861a8b79,2026-06-05 22:55:00+09:00,USDJPY,rule_based_ai_stub,v0.1,uptrend,long,0.65,medium,True,短期MAが長期MAを上回り、RSIが許容範囲,取引許可,56.87613693991474,160.0443152236061,160.04319963368255,entry_candidate
a5bfb1ba-ca30-4d5d-9931-a8b9f3f5db16,2026-06-05 23:00:00+09:00,USDJPY,rule_based_ai_stub,v0.1,uptrend,long,0.65,medium,True,短期MAが長期MAを上回り、RSIが許容範囲,取引許可,57.031122402688965,160.04431541359955,160.04319195321568,entry_candidate
279ef57e-840e-4664-83ab-43865ae710aa,2026-06-05 23:05:00+09:00,USDJPY,rule_based_ai_stub,v0.1,uptrend,long,0.65,medium,True,短期MAが長期MAを上回り、RSIが許容範囲,取引許可,59.76775187892104,160.04431835331903,160.04321528817727,entry_candidate
325f5b6a-0ffc-40b9-aa67-f5b454513ebc,2026-06-05 23:10:00+09:00,USDJPY,rule_based_ai_stub,v0.1,uptrend,long,0.65,medium,True,短期MAが長期MAを上回り、RSIが許容範囲,取引許可,53.3484210441417,160.04431901944756,160.0432680515821,entry_candidate
7a34f1b8-bcab-48d6-9291-192938746eb8,2026-06-05 23:15:00+09:00,USDJPY,rule_based_ai_stub,v0.1,uptrend,long,0.65,medium,True,短期MAが長期MAを上回り、RSIが許容範囲,取引許可,53.422600691653955,160.04430312234334,160.04332045682554,entry_candidate
153b7b78-ae0c-4234-b01d-40aca7117255,2026-06-05 23:20:00+09:00,USDJPY,rule_based_ai_stub,v0.1,uptrend,long,0.65,medium,True,短期MAが長期MAを上回り、RSIが許容範囲,取引許可,53.986367993182164,160.0442209385824,160.043392326086,entry_candidate
e516b6dd-9ea4-44e8-806c-3ba30eb4d2e0,2026-06-05 23:25:00+09:00,USDJPY,rule_based_ai_stub,v0.1,uptrend,none,0.2,low,False,条件未達,取引許可,37.264957844948135,160.04401209097782,160.0434671524136,wait
0c17e6f7-bc8f-41d7-9924-d7be02978d46,2026-06-05 23:30:00+09:00,USDJPY,rule_based_ai_stub,v0.1,uptrend,none,0.2,low,False,条件未達,取引許可,22.190976906899465,160.04375575897254,160.04351984684118,wait
3cb71021-6b08-479b-843b-345543c9f1e9,2026-06-05 23:35:00+09:00,USDJPY,rule_based_ai_stub,v0.1,uptrend,none,0.2,low,False,条件未達,取引許可,16.00983888207925,160.0435578144011,160.04352858981758,wait
e047bb76-2195-4bec-9e76-62b53bb5f8c0,2026-06-05 23:40:00+09:00,USDJPY,rule_based_ai_stub,v0.1,downtrend,none,0.2,low,False,条件未達,取引許可,13.596581174242871,160.04335264077568,160.0435172723968,wait
080345a8-ffe0-4b8d-a4ba-878a0bd48b15,2026-06-05 23:45:00+09:00,USDJPY,rule_based_ai_stub,v0.1,downtrend,none,0.2,low,False,条件未達,取引許可,22.266054948765046,160.043192724822,160.0435019789419,wait
fa90f7e1-68d3-4d3f-92f1-816f62cd07e3,2026-06-05 23:50:00+09:00,USDJPY,rule_based_ai_stub,v0.1,downtrend,short,0.65,medium,True,短期MAが長期MAを下回り、RSIが許容範囲,取引許可,38.822146264958995,160.04313982202004,160.04351083417822,entry_candidate
1fb5d99a-0298-49f4-8050-721ce43281c7,2026-06-05 23:55:00+09:00,USDJPY,rule_based_ai_stub,v0.1,downtrend,short,0.65,medium,True,短期MAが長期MAを下回り、RSIが許容範囲,取引許可,47.84109878058142,160.0431572058758,160.043541650273,entry_candidate
6f52364d-2fc3-468a-86c0-42c411adb3ff,2026-06-06 00:00:00+09:00,USDJPY,rule_based_ai_stub,v0.1,downtrend,short,0.65,medium,True,短期MAが長期MAを下回り、RSIが許容範囲,取引許可,49.89484508910259,160.04316108509173,160.0435535910452,entry_candidate
98444266-afb7-4162-8577-6c7bd9cc63ac,2026-06-06 00:05:00+09:00,USDJPY,rule_based_ai_stub,v0.1,downtrend,short,0.65,medium,True,短期MAが長期MAを下回り、RSIが許容範囲,取引許可,57.849282737564174,160.04321301597682,160.0435952151621,entry_candidate
ed75458d-195c-470f-b89c-df7b4da1a53d,2026-06-06 00:10:00+09:00,USDJPY,rule_based_ai_stub,v0.1,downtrend,short,0.65,medium,True,短期MAが長期MAを下回り、RSIが許容範囲,取引許可,58.213287696042954,160.0432759051737,160.04363486053134,entry_candidate
e6d83df8-9700-41c1-bed1-a4298ac1245b,2026-06-06 00:15:00+09:00,USDJPY,rule_based_ai_stub,v0.1,downtrend,short,0.65,medium,True,短期MAが長期MAを下回り、RSIが許容範囲,取引許可,54.23576896735206,160.04329761498977,160.04366352617097,entry_candidate
eb2f8e13-e865-4e82-bf1f-df217835de21,2026-06-06 00:20:00+09:00,USDJPY,rule_based_ai_stub,v0.1,downtrend,short,0.65,medium,True,短期MAが長期MAを下回り、RSIが許容範囲,取引許可,51.55221695894511,160.04328543095195,160.0436931032738,entry_candidate
4585d63b-9c78-424c-8cd3-12ef1ae6927b,2026-06-06 00:25:00+09:00,USDJPY,rule_based_ai_stub,v0.1,downtrend,short,0.65,medium,True,短期MAが長期MAを下回り、RSIが許容範囲,取引許可,47.91564715076534,160.04335689675816,160.043701105176,entry_candidate
6366766b-7b03-48a7-8c9a-54eb38b4669d,2026-06-06 00:30:00+09:00,USDJPY,rule_based_ai_stub,v0.1,downtrend,short,0.65,medium,True,短期MAが長期MAを下回り、RSIが許容範囲,取引許可,45.921380899827206,160.0434559204931,160.04370555346054,entry_candidate
c4b245de-d72c-4849-ae06-3365e6ed4bc1,2026-06-06 00:35:00+09:00,USDJPY,rule_based_ai_stub,v0.1,downtrend,short,0.65,medium,True,短期MAが長期MAを下回り、RSIが許容範囲,取引許可,56.71199445281706,160.04357066941694,160.0437254377681,entry_candidate
0a35a23c-7260-42fd-a3b3-7313477dda95,2026-06-06 00:40:00+09:00,USDJPY,rule_based_ai_stub,v0.1,uptrend,long,0.65,medium,True,短期MAが長期MAを上回り、RSIが許容範囲,取引許可,63.747345376049516,160.043753931777,160.0437390564779,entry_candidate
c608f4ca-4be1-4753-87bd-0eaa34f78773,2026-06-06 00:45:00+09:00,USDJPY,rule_based_ai_stub,v0.1,uptrend,long,0.65,medium,True,短期MAが長期MAを上回り、RSIが許容範囲,取引許可,64.7968560293851,160.04390735000155,160.04376770042114,entry_candidate
98bc6408-09f3-40bb-98c6-1e28c5b773d7,2026-06-06 00:50:00+09:00,USDJPY,rule_based_ai_stub,v0.1,uptrend,none,0.2,low,False,条件未達,取引許可,76.9400832343106,160.04400607759297,160.0438031569812,wait
8929d753-1997-403d-b69d-06b9637c0f0f,2026-06-06 00:55:00+09:00,USDJPY,rule_based_ai_stub,v0.1,uptrend,none,0.2,low,False,条件未達,取引許可,78.58687645296908,160.04410339940554,160.04385860962915,wait
918f4ae6-d6b2-4fd3-a897-99fb3153b0de,2026-06-06 01:00:00+09:00,USDJPY,rule_based_ai_stub,v0.1,uptrend,none,0.2,low,False,条件未達,取引許可,76.96863115980841,160.04425887106842,160.0439117899199,wait
41a675f1-59d3-49f5-b49c-96f7f7b86249,2026-06-06 01:05:00+09:00,USDJPY,rule_based_ai_stub,v0.1,uptrend,long,0.65,medium,True,短期MAが長期MAを上回り、RSIが許容範囲,取引許可,59.114962107928655,160.0442655615261,160.043932310274,entry_candidate
e91eebba-a27f-463a-800c-60c71560bbf9,2026-06-06 01:10:00+09:00,USDJPY,rule_based_ai_stub,v0.1,uptrend,long,0.65,medium,True,短期MAが長期MAを上回り、RSIが許容範囲,取引許可,45.634912871100795,160.04413712255413,160.04391068239178,entry_candidate
a18d3933-e0dd-4d95-903d-2bd268e9120b,2026-06-06 01:15:00+09:00,USDJPY,rule_based_ai_stub,v0.1,uptrend,long,0.65,medium,True,短期MAが長期MAを上回り、RSIが許容範囲,取引許可,42.51884493185663,160.04407225387624,160.04389099706978,entry_candidate
0c74059a-1f04-477f-a1a5-0ef019e22c11,2026-06-06 01:20:00+09:00,USDJPY,rule_based_ai_stub,v0.1,uptrend,none,0.2,low,False,条件未達,取引許可,36.375708723654654,160.04396971139667,160.04382536031034,wait
42edce23-48d2-4d03-badf-1b179a42975b,2026-06-06 01:25:00+09:00,USDJPY,rule_based_ai_stub,v0.1,uptrend,none,0.2,low,False,条件未達,取引許可,36.75471963486588,160.04387105413127,160.0437466806224,wait
b1a81d24-87b6-44e2-a98c-080154cf1355,2026-06-06 01:30:00+09:00,USDJPY,rule_based_ai_stub,v0.1,uptrend,none,0.2,low,False,条件未達,取引許可,34.94981152256379,160.04373330005555,160.04364832650705,wait
cafdaec9-4f54-459f-ab9d-ac24a9ef7361,2026-06-06 01:35:00+09:00,USDJPY,rule_based_ai_stub,v0.1,downtrend,short,0.65,medium,True,短期MAが長期MAを下回り、RSIが許容範囲,取引許可,30.867021990731132,160.0434969261468,160.04354180332163,entry_candidate
f1e00900-f95e-4d74-ba5c-c866c8587c54,2026-06-06 01:40:00+09:00,USDJPY,rule_based_ai_stub,v0.1,downtrend,short,0.65,medium,True,短期MAが長期MAを下回り、RSIが許容範囲,取引許可,34.71046402013941,160.0432795966754,160.04346205640937,entry_candidate
183ae824-7744-4d87-8703-3497cd8d5e2d,2026-06-06 01:45:00+09:00,USDJPY,rule_based_ai_stub,v0.1,downtrend,short,0.65,medium,True,短期MAが長期MAを下回り、RSIが許容範囲,取引許可,37.53441789243255,160.04310007266102,160.0434000491615,entry_candidate
3d6b847c-6c63-4e2a-975d-ba3fc9278180,2026-06-06 01:50:00+09:00,USDJPY,rule_based_ai_stub,v0.1,downtrend,short,0.65,medium,True,短期MAが長期MAを下回り、RSIが許容範囲,取引許可,35.24169140234436,160.04286987621813,160.04333859194372,entry_candidate
02e5725a-2eca-4cfb-8e11-9c1bd93e1ce0,2026-06-06 01:55:00+09:00,USDJPY,rule_based_ai_stub,v0.1,downtrend,none,0.2,low,False,条件未達,取引許可,29.68227801559587,160.04245059534685,160.04323706687606,wait
d58f3798-56d9-4d53-8f6c-982c5883528a,2026-06-06 02:00:00+09:00,USDJPY,rule_based_ai_stub,v0.1,downtrend,none,0.2,low,False,条件未達,取引許可,26.818155673704624,160.04195652454644,160.04312549356888,wait
1cbbb890-34bc-4685-9346-97478a82eeb8,2026-06-06 02:05:00+09:00,USDJPY,rule_based_ai_stub,v0.1,downtrend,none,0.2,low,False,条件未達,取引許可,23.124182901449174,160.0415562888447,160.04301162211587,wait
97041389-4148-4964-810c-f2e609a1a069,2026-06-06 02:10:00+09:00,USDJPY,rule_based_ai_stub,v0.1,downtrend,none,0.2,low,False,条件未達,取引許可,16.501698851735483,160.04120980362126,160.04287427711634,wait
6bbf82b5-cfdd-4847-9f29-dc4064303537,2026-06-06 02:15:00+09:00,USDJPY,rule_based_ai_stub,v0.1,downtrend,none,0.2,low,False,条件未達,取引許可,19.220625915460047,160.04082577039824,160.0427318797548,wait
07473563-2839-467b-9664-4a656ea43af2,2026-06-06 02:20:00+09:00,USDJPY,rule_based_ai_stub,v0.1,downtrend,none,0.2,low,False,条件未達,取引許可,23.125210793790814,160.0405093156177,160.04258815265544,wait
a80888c9-470d-4964-9118-e585175d82b3,2026-06-06 02:25:00+09:00,USDJPY,rule_based_ai_stub,v0.1,downtrend,none,0.2,low,False,条件未達,取引許可,20.88127330747045,160.04023306368222,160.0424870048572,wait
f7447aab-3a18-4084-b0be-0d7aaed724f7,2026-06-06 02:30:00+09:00,USDJPY,rule_based_ai_stub,v0.1,downtrend,none,0.2,low,False,条件未達,取引許可,24.44088183273982,160.04002129641648,160.04240350565505,wait
97d46a10-3704-4de2-8bbd-23bb587fe5b1,2026-06-06 02:35:00+09:00,USDJPY,rule_based_ai_stub,v0.1,downtrend,none,0.2,low,False,条件未達,取引許可,22.877330298908504,160.03985097472557,160.04230619009644,wait
7791a69b-842f-4edc-af47-510e13c2b375,2026-06-06 02:40:00+09:00,USDJPY,rule_based_ai_stub,v0.1,downtrend,short,0.65,medium,True,短期MAが長期MAを下回り、RSIが許容範囲,取引許可,33.08026224958029,160.03971340847332,160.04224897897524,entry_candidate
2325c10f-c368-4f1b-b951-c002be827437,2026-06-06 02:45:00+09:00,USDJPY,rule_based_ai_stub,v0.1,downtrend,short,0.65,medium,True,短期MAが長期MAを下回り、RSIが許容範囲,取引許可,38.45579842857022,160.03952995798443,160.04217912688233,entry_candidate
51369766-dbb3-4929-9b79-981e4d915c3c,2026-06-06 02:50:00+09:00,USDJPY,rule_based_ai_stub,v0.1,downtrend,short,0.65,medium,True,短期MAが長期MAを下回り、RSIが許容範囲,取引許可,34.822254420217305,160.03937396778858,160.0420833071999,entry_candidate
384bbb5b-9b18-466d-88fb-19e29a7b23d0,2026-06-06 02:55:00+09:00,USDJPY,rule_based_ai_stub,v0.1,downtrend,none,0.2,low,False,条件未達,取引許可,26.32469924530004,160.0393008663094,160.04195162035393,wait
94e0ffa4-addd-4593-9e55-0a3f1e438193,2026-06-06 03:00:00+09:00,USDJPY,rule_based_ai_stub,v0.1,downtrend,none,0.2,low,False,条件未達,取引許可,26.69103847212375,160.03923291294007,160.04181610285164,wait
258d07bf-4964-4979-a845-1a00a401a523,2026-06-06 03:05:00+09:00,USDJPY,rule_based_ai_stub,v0.1,downtrend,short,0.65,medium,True,短期MAが長期MAを下回り、RSIが許容範囲,取引許可,32.4796655316468,160.03910112923475,160.04164099320184,entry_candidate
76f93782-dfee-4081-a9ff-36c181243569,2026-06-06 03:10:00+09:00,USDJPY,rule_based_ai_stub,v0.1,downtrend,short,0.65,medium,True,短期MAが長期MAを下回り、RSIが許容範囲,取引許可,34.09755731915533,160.03903464380485,160.04146052332675,entry_candidate
c7d3ab34-cab3-44df-a4e9-51439e67e421,2026-06-06 03:15:00+09:00,USDJPY,rule_based_ai_stub,v0.1,downtrend,short,0.65,medium,True,短期MAが長期MAを下回り、RSIが許容範囲,取引許可,43.96652767570143,160.03904457580305,160.04131420002585,entry_candidate
02202fe6-0f81-4e41-84fb-ec37fbb98754,2026-06-06 03:20:00+09:00,USDJPY,rule_based_ai_stub,v0.1,downtrend,short,0.65,medium,True,短期MAが長期MAを下回り、RSIが許容範囲,取引許可,44.50688510128909,160.03898667823648,160.0411552350836,entry_candidate
00be496a-4b97-4470-9c2b-591201ea1477,2026-06-06 03:25:00+09:00,USDJPY,rule_based_ai_stub,v0.1,downtrend,short,0.65,medium,True,短期MAが長期MAを下回り、RSIが許容範囲,取引許可,36.3740455693361,160.0388191380251,160.04097441861288,entry_candidate
9c8c91b3-a854-47c0-8c9a-b736f7c6a446,2026-06-06 03:30:00+09:00,USDJPY,rule_based_ai_stub,v0.1,downtrend,short,0.65,medium,True,短期MAが長期MAを下回り、RSIが許容範囲,取引許可,44.534192938362814,160.03871917731163,160.04082459126118,entry_candidate
9819dca3-8417-42d9-8f17-4f64191762a8,2026-06-06 03:35:00+09:00,USDJPY,rule_based_ai_stub,v0.1,downtrend,short,0.65,medium,True,短期MAが長期MAを下回り、RSIが許容範囲,取引許可,40.81245747065547,160.03865740386135,160.04066843491125,entry_candidate
39c6759d-c4b0-4ed8-9191-79d95d3f9a1c,2026-06-06 03:40:00+09:00,USDJPY,rule_based_ai_stub,v0.1,downtrend,short,0.65,medium,True,短期MAが長期MAを下回り、RSIが許容範囲,取引許可,37.848269252877266,160.03850234819907,160.04049845111592,entry_candidate
c26d8102-c1dc-46fb-9246-21030a69013c,2026-06-06 03:45:00+09:00,USDJPY,rule_based_ai_stub,v0.1,downtrend,short,0.65,medium,True,短期MAが長期MAを下回り、RSIが許容範囲,取引許可,46.47852545645171,160.03840721424982,160.0403457482984,entry_candidate
ed38ace8-7c62-4d5e-97a2-bed175bf0dc6,2026-06-06 03:50:00+09:00,USDJPY,rule_based_ai_stub,v0.1,downtrend,short,0.65,medium,True,短期MAが長期MAを下回り、RSIが許容範囲,取引許可,38.221320515062324,160.03828316475054,160.04017566958575,entry_candidate
a678cfb1-2364-4b5c-8375-91650a13a5aa,2026-06-06 03:55:00+09:00,USDJPY,rule_based_ai_stub,v0.1,downtrend,short,0.65,medium,True,短期MAが長期MAを下回り、RSIが許容範囲,取引許可,47.480753236272825,160.03829707913488,160.0400161802637,entry_candidate
4e8dc11a-b8f4-48f3-94d5-8a6e3d37ac0d,2026-06-06 04:00:00+09:00,USDJPY,rule_based_ai_stub,v0.1,downtrend,short,0.65,medium,True,短期MAが長期MAを下回り、RSIが許容範囲,取引許可,50.20745965454293,160.03836705392536,160.03985216380394,entry_candidate
616df134-7568-4436-ab83-7d743d978973,2026-06-06 04:05:00+09:00,USDJPY,rule_based_ai_stub,v0.1,downtrend,short,0.65,medium,True,短期MAが長期MAを下回り、RSIが許容範囲,取引許可,51.91194365172113,160.03845687328112,160.03970476378686,entry_candidate
90e6e140-377e-490c-9bd5-6a574d92e4fa,2026-06-06 04:10:00+09:00,USDJPY,rule_based_ai_stub,v0.1,downtrend,none,0.2,low,False,条件未達,取引許可,60.4340835062348,160.03866320535056,160.03963588425893,wait
d5238e51-4cd6-44ac-b357-389f0b7bc71f,2026-06-06 04:15:00+09:00,USDJPY,rule_based_ai_stub,v0.1,downtrend,none,0.2,low,False,条件未達,取引許可,61.590367493524326,160.03875366624985,160.03954133748368,wait
2694c9c5-1fc9-47e2-bd96-31b0eb95d987,2026-06-06 04:20:00+09:00,USDJPY,rule_based_ai_stub,v0.1,downtrend,none,0.2,low,False,条件未達,取引許可,64.14277422756228,160.03894982697486,160.03948194027635,wait
e945aba1-4f8a-4ccc-9e2f-224fb2bd1734,2026-06-06 04:25:00+09:00,USDJPY,rule_based_ai_stub,v0.1,downtrend,none,0.2,low,False,条件未達,取引許可,60.46664567162622,160.0392416303988,160.0394312773687,wait
edd85dc3-f811-4607-a8ad-e49d3aba5ce5,2026-06-06 04:30:00+09:00,USDJPY,rule_based_ai_stub,v0.1,uptrend,none,0.2,low,False,条件未達,取引許可,70.22412430615155,160.03952496237085,160.039421812033,wait
66f9c2c0-8965-4616-aa8c-c5256eb5ed0a,2026-06-06 04:35:00+09:00,USDJPY,rule_based_ai_stub,v0.1,uptrend,none,0.2,low,False,条件未達,取引許可,81.82160975746172,160.03989683608657,160.03946840489118,wait
81926d81-e390-4e40-948c-1a834be2be31,2026-06-06 04:40:00+09:00,USDJPY,rule_based_ai_stub,v0.1,uptrend,none,0.2,low,False,条件未達,取引許可,79.69154009362725,160.04030376364668,160.03950650677302,wait
26d34edd-6c59-49f3-b564-218e233557b2,2026-06-06 04:45:00+09:00,USDJPY,rule_based_ai_stub,v0.1,uptrend,none,0.2,low,False,条件未達,取引許可,76.31098072969654,160.0406210250789,160.03951939910436,wait
263cd0bb-f4bb-4766-84b7-1ae5440b589c,2026-06-06 04:50:00+09:00,USDJPY,rule_based_ai_stub,v0.1,uptrend,none,0.2,low,False,条件未達,取引許可,81.13902827265024,160.04099156589527,160.03954956614479,wait
88e52097-a2ec-4f45-bc2a-459c81378d91,2026-06-06 04:55:00+09:00,USDJPY,rule_based_ai_stub,v0.1,uptrend,none,0.2,low,False,条件未達,取引許可,75.13613979527634,160.04123692045746,160.03961162196725,wait
86e31e70-7866-4f22-a1b6-f167a7f37607,2026-06-06 05:00:00+09:00,USDJPY,rule_based_ai_stub,v0.1,uptrend,none,0.2,low,False,条件未達,取引許可,82.0524855000613,160.04154904808846,160.03971633831796,wait
f91ca2ba-7dbe-4e05-aa4c-e84210319577,2026-06-06 05:05:00+09:00,USDJPY,rule_based_ai_stub,v0.1,uptrend,none,0.2,low,False,条件未達,取引許可,79.52703822361786,160.04189239805643,160.03981680019078,wait
cbe0fe29-547d-432f-8d24-2edd3adda634,2026-06-06 05:10:00+09:00,USDJPY,rule_based_ai_stub,v0.1,uptrend,none,0.2,low,False,条件未達,取引許可,75.92963554382841,160.04210961653618,160.03993582189722,wait
c313e45a-dc98-4263-bd56-c44d3732d151,2026-06-06 05:15:00+09:00,USDJPY,rule_based_ai_stub,v0.1,uptrend,none,0.2,low,False,条件未達,取引許可,79.49640011934144,160.04236635477736,160.04005486561007,wait
bafc6f92-97b5-4449-91ea-1c83fc8af183,2026-06-06 05:20:00+09:00,USDJPY,rule_based_ai_stub,v0.1,uptrend,long,0.65,medium,True,短期MAが長期MAを上回り、RSIが許容範囲,取引許可,65.24225550154401,160.04251863193545,160.04015171238225,entry_candidate
d66d634c-1c59-4913-b61d-c6e795a42dc9,2026-06-06 05:25:00+09:00,USDJPY,rule_based_ai_stub,v0.1,uptrend,long,0.65,medium,True,短期MAが長期MAを上回り、RSIが許容範囲,取引許可,63.05478134035793,160.0426073637626,160.04022271072884,entry_candidate
b543b406-eaeb-4a04-87fa-feee3dfe1208,2026-06-06 05:30:00+09:00,USDJPY,rule_based_ai_stub,v0.1,uptrend,long,0.65,medium,True,短期MAが長期MAを上回り、RSIが許容範囲,取引許可,64.54383973429731,160.0426910292207,160.0403117229677,entry_candidate
1ce658e5-39a9-43f0-aa8a-2c5e66c50f0a,2026-06-06 05:35:00+09:00,USDJPY,rule_based_ai_stub,v0.1,uptrend,long,0.65,medium,True,短期MAが長期MAを上回り、RSIが許容範囲,取引許可,60.052822312688235,160.04266377440499,160.0404060047843,entry_candidate
bfe4e1ff-82be-47d5-b8ec-bb1be9f3541a,2026-06-06 05:40:00+09:00,USDJPY,rule_based_ai_stub,v0.1,uptrend,long,0.65,medium,True,短期MAが長期MAを上回り、RSIが許容範囲,取引許可,50.01243581951324,160.04258257383273,160.04046289522614,entry_candidate
d88106f8-f188-4c61-80ef-48a057384182,2026-06-06 05:45:00+09:00,USDJPY,rule_based_ai_stub,v0.1,uptrend,long,0.65,medium,True,短期MAが長期MAを上回り、RSIが許容範囲,取引許可,45.07822384914405,160.04256587679154,160.04053137204008,entry_candidate
1fb9c089-2918-4c0f-809a-29351347e3b6,2026-06-06 05:50:00+09:00,USDJPY,rule_based_ai_stub,v0.1,uptrend,long,0.65,medium,True,短期MAが長期MAを上回り、RSIが許容範囲,取引許可,50.570712737910114,160.04258546635103,160.04062006566562,entry_candidate
0bd92a46-6317-489a-95be-3d82a104e445,2026-06-06 05:55:00+09:00,USDJPY,rule_based_ai_stub,v0.1,uptrend,long,0.65,medium,True,短期MAが長期MAを上回り、RSIが許容範囲,取引許可,56.95283952713703,160.04267488934445,160.04073629631228,entry_candidate
614bcec4-2c86-4fa9-91e9-7f73d73f702b,2026-06-06 06:00:00+09:00,USDJPY,rule_based_ai_stub,v0.1,uptrend,long,0.65,medium,True,短期MAが長期MAを上回り、RSIが許容範囲,取引許可,58.86452658683032,160.04271344535985,160.0408765157912,entry_candidate
d3dc22a4-65f0-49d8-b6c8-ccca6dd5fe79,2026-06-06 06:05:00+09:00,USDJPY,rule_based_ai_stub,v0.1,uptrend,long,0.65,medium,True,短期MAが長期MAを上回り、RSIが許容範囲,取引許可,58.48141149554536,160.04270733485424,160.04101886873062,entry_candidate
39550c62-6759-4f8a-9e9b-5ec2585639e8,2026-06-06 06:10:00+09:00,USDJPY,rule_based_ai_stub,v0.1,uptrend,long,0.65,medium,True,短期MAが長期MAを上回り、RSIが許容範囲,取引許可,44.03862373685139,160.04264839989287,160.04114040725986,entry_candidate
17df2bb5-9714-4088-8ad2-7945257f0fae,2026-06-06 06:15:00+09:00,USDJPY,rule_based_ai_stub,v0.1,uptrend,long,0.65,medium,True,短期MAが長期MAを上回り、RSIが許容範囲,取引許可,49.96371758779142,160.04265529759877,160.041258439542,entry_candidate
f82c0d7e-535f-4924-b98e-a878518799af,2026-06-06 06:20:00+09:00,USDJPY,rule_based_ai_stub,v0.1,uptrend,long,0.65,medium,True,短期MAが長期MAを上回り、RSIが許容範囲,取引許可,50.12954900149311,160.04271341762725,160.04139395884587,entry_candidate
afbde25a-1819-4deb-8fb5-16d8d0791b10,2026-06-06 06:25:00+09:00,USDJPY,rule_based_ai_stub,v0.1,uptrend,long,0.65,medium,True,短期MAが長期MAを上回り、RSIが許容範囲,取引許可,48.43861887489173,160.04280757670685,160.0415521902894,entry_candidate
db25e444-7495-476c-aee3-a3ef1a6a1e4b,2026-06-06 06:30:00+09:00,USDJPY,rule_based_ai_stub,v0.1,uptrend,long,0.65,medium,True,短期MAが長期MAを上回り、RSIが許容範囲,取引許可,58.813973131053324,160.0429081247981,160.04170803879654,entry_candidate
84844ca8-fbae-4741-b430-bbf51c519a52,2026-06-06 06:35:00+09:00,USDJPY,rule_based_ai_stub,v0.1,uptrend,long,0.65,medium,True,短期MAが長期MAを上回り、RSIが許容範囲,取引許可,65.18821958085888,160.04306932910376,160.04187664653176,entry_candidate
a69c4c1a-225f-4d68-b48d-4a8ff7ab0246,2026-06-06 06:40:00+09:00,USDJPY,rule_based_ai_stub,v0.1,uptrend,long,0.65,medium,True,短期MAが長期MAを上回り、RSIが許容範囲,取引許可,62.98583121987567,160.0433056733472,160.04206400360886,entry_candidate
54e0ce59-2c47-47c8-bfe9-c07778d3ca56,2026-06-06 06:45:00+09:00,USDJPY,rule_based_ai_stub,v0.1,uptrend,none,0.2,low,False,条件未達,取引許可,72.08279917495516,160.04362343507023,160.04227011231356,wait
af659f01-f114-46f2-91c1-91b30ae7dfe4,2026-06-06 06:50:00+09:00,USDJPY,rule_based_ai_stub,v0.1,uptrend,none,0.2,low,False,条件未達,取引許可,74.3357808760976,160.043849735674,160.04247558930675,wait
05250870-7b9f-4e88-b3cd-4acfe67f9bd5,2026-06-06 06:55:00+09:00,USDJPY,rule_based_ai_stub,v0.1,uptrend,none,0.2,low,False,条件未達,取引許可,75.09077399594824,160.04408648061866,160.04266609680684,wait
2531b593-4036-4a6d-9019-c1d8f33714c0,2026-06-06 07:00:00+09:00,USDJPY,rule_based_ai_stub,v0.1,uptrend,none,0.2,low,False,条件未達,取引許可,72.78037306628798,160.04427627383527,160.04284625576122,wait
1f40cd72-f195-4812-857b-c732dda380bf,2026-06-06 07:05:00+09:00,USDJPY,rule_based_ai_stub,v0.1,uptrend,none,0.2,low,False,条件未達,取引許可,71.73427355038584,160.04451733642023,160.0430390231103,wait
b51101f1-c4de-4a3d-9211-451f8bd2cc02,2026-06-06 07:10:00+09:00,USDJPY,rule_based_ai_stub,v0.1,uptrend,none,0.2,low,False,条件未達,取引許可,72.96269770957198,160.04490591295988,160.04322130979628,wait
e676ee28-03c5-488e-acc9-6ebd682fe167,2026-06-06 07:15:00+09:00,USDJPY,rule_based_ai_stub,v0.1,uptrend,none,0.2,low,False,条件未達,取引許可,78.62796905832276,160.04524481460473,160.04342215566032,wait
64177499-b3b8-4bdc-a48c-18264f399e68,2026-06-06 07:20:00+09:00,USDJPY,rule_based_ai_stub,v0.1,uptrend,none,0.2,low,False,条件未達,取引許可,89.56615985540229,160.04562676504548,160.04361960486938,wait
5e3c7f4b-058d-4518-b36a-a83f40bc5ac8,2026-06-06 07:25:00+09:00,USDJPY,rule_based_ai_stub,v0.1,uptrend,none,0.2,low,False,条件未達,取引許可,89.15018655804433,160.04607488250392,160.04382994099112,wait
39b9fb11-f37e-4c17-99f5-c5082d7e8d12,2026-06-06 07:30:00+09:00,USDJPY,rule_based_ai_stub,v0.1,uptrend,none,0.2,low,False,条件未達,取引許可,88.80119045197003,160.04643834261879,160.04401249887917,wait
07357bda-90a7-4b7f-a04d-33d5ac6b77f1,2026-06-06 07:35:00+09:00,USDJPY,rule_based_ai_stub,v0.1,uptrend,none,0.2,low,False,条件未達,取引許可,84.21270433512058,160.0467320307498,160.04415504475284,wait
172bd924-a6a9-47c6-a9cb-dd4c1dbca303,2026-06-06 07:40:00+09:00,USDJPY,rule_based_ai_stub,v0.1,uptrend,none,0.2,low,False,条件未達,取引許可,74.47351827997036,160.04695068403254,160.04427964373747,wait
8d5e64e9-277c-4123-b934-cdba814ff413,2026-06-06 07:45:00+09:00,USDJPY,rule_based_ai_stub,v0.1,uptrend,long,0.65,medium,True,短期MAが長期MAを上回り、RSIが許容範囲,取引許可,61.6330856109211,160.04696276936855,160.04438402707677,entry_candidate
e4aada31-b1da-4bbf-82ff-77951d584920,2026-06-06 07:50:00+09:00,USDJPY,rule_based_ai_stub,v0.1,uptrend,long,0.65,medium,True,短期MAが長期MAを上回り、RSIが許容範囲,取引許可,66.00399120029212,160.04710984097258,160.04451501433252,entry_candidate
09f2245d-0f61-413b-ba62-eb89fd186367,2026-06-06 07:55:00+09:00,USDJPY,rule_based_ai_stub,v0.1,uptrend,long,0.65,medium,True,短期MAが長期MAを上回り、RSIが許容範囲,取引許可,54.74067615139994,160.04715536015192,160.04463891003834,entry_candidate
f4037eda-9a05-418d-b2e5-38af4c286c2b,2026-06-06 08:00:00+09:00,USDJPY,rule_based_ai_stub,v0.1,uptrend,long,0.65,medium,True,短期MAが長期MAを上回り、RSIが許容範囲,取引許可,56.58546980837089,160.04718696599386,160.04472556172965,entry_candidate
04ae6450-328b-47aa-a5f6-5352d3c9702a,2026-06-06 08:05:00+09:00,USDJPY,rule_based_ai_stub,v0.1,uptrend,long,0.65,medium,True,短期MAが長期MAを上回り、RSIが許容範囲,取引許可,51.881090324105834,160.0471913015568,160.0448053242771,entry_candidate
9625f79a-268d-4eb6-bcfe-3dd268eb6163,2026-06-06 08:10:00+09:00,USDJPY,rule_based_ai_stub,v0.1,uptrend,long,0.65,medium,True,短期MAが長期MAを上回り、RSIが許容範囲,取引許可,52.877183926957294,160.04713458403336,160.04489629896204,entry_candidate
d20979cd-2945-40c6-991c-49527d9fa0d6,2026-06-06 08:15:00+09:00,USDJPY,rule_based_ai_stub,v0.1,uptrend,long,0.65,medium,True,短期MAが長期MAを上回り、RSIが許容範囲,取引許可,54.916484995889775,160.04709326158272,160.04499779126206,entry_candidate
14bf2233-722d-4498-a3ee-c895e38c5755,2026-06-06 08:20:00+09:00,USDJPY,rule_based_ai_stub,v0.1,uptrend,long,0.65,medium,True,短期MAが長期MAを上回り、RSIが許容範囲,取引許可,52.40162980682718,160.04706804800256,160.04513607689174,entry_candidate
1cb4cc9d-d47f-47e1-b292-f4d57b441aaf,2026-06-06 08:25:00+09:00,USDJPY,rule_based_ai_stub,v0.1,uptrend,long,0.65,medium,True,短期MAが長期MAを上回り、RSIが許容範囲,取引許可,47.85420371017242,160.04696005518358,160.04528083813142,entry_candidate
a0db20ef-ffe5-430f-8c3f-5ff5c370356b,2026-06-06 08:30:00+09:00,USDJPY,rule_based_ai_stub,v0.1,uptrend,long,0.65,medium,True,短期MAが長期MAを上回り、RSIが許容範囲,取引許可,44.742127852090455,160.0468619539154,160.04540280711075,entry_candidate
1f30d4ca-883b-46be-8e90-a133cf4eef84,2026-06-06 08:35:00+09:00,USDJPY,rule_based_ai_stub,v0.1,uptrend,long,0.65,medium,True,短期MAが長期MAを上回り、RSIが許容範囲,取引許可,40.70890600246756,160.0468199421281,160.0455404339939,entry_candidate
1ace130b-e936-4be8-99cc-a05b6b25b40a,2026-06-06 08:40:00+09:00,USDJPY,rule_based_ai_stub,v0.1,uptrend,long,0.65,medium,True,短期MAが長期MAを上回り、RSIが許容範囲,取引許可,41.150972079478954,160.0468177362442,160.0456913645413,entry_candidate
4b81b1e4-8fef-47ae-a697-c8363ba70bb5,2026-06-06 08:45:00+09:00,USDJPY,rule_based_ai_stub,v0.1,uptrend,long,0.65,medium,True,短期MAが長期MAを上回り、RSIが許容範囲,取引許可,52.39730672701846,160.04699421546857,160.0458601399691,entry_candidate
d383142e-efcd-4fa1-a62c-bac0195337be,2026-06-06 08:50:00+09:00,USDJPY,rule_based_ai_stub,v0.1,uptrend,long,0.65,medium,True,短期MAが長期MAを上回り、RSIが許容範囲,取引許可,59.49981442989961,160.04709243308403,160.04601733657688,entry_candidate
9c04a0e9-00d4-4dfe-8ce0-9bd861603c5d,2026-06-06 08:55:00+09:00,USDJPY,rule_based_ai_stub,v0.1,uptrend,none,0.2,low,False,条件未達,取引許可,74.45970380236855,160.0472825550071,160.04617479859255,wait
3094da46-aef5-4f4e-8e0c-1b7aa9cb0e0b,2026-06-06 09:00:00+09:00,USDJPY,rule_based_ai_stub,v0.1,uptrend,none,0.2,low,False,条件未達,取引許可,70.22114909228198,160.04751688367472,160.04632670783462,wait
0b878937-c6c3-4f98-b7ce-96cf6bc7a4d8,2026-06-06 09:05:00+09:00,USDJPY,rule_based_ai_stub,v0.1,uptrend,none,0.2,low,False,条件未達,取引許可,83.36790733922044,160.04782372670024,160.04651078822576,wait
c28ea2d6-f057-4e6b-bdc3-2a851785cb43,2026-06-06 09:10:00+09:00,USDJPY,rule_based_ai_stub,v0.1,uptrend,none,0.2,low,False,条件未達,取引許可,85.7634343359007,160.04812425046882,160.04672158248735,wait
27ba52a4-a76e-4dde-989d-54ec401877e9,2026-06-06 09:15:00+09:00,USDJPY,rule_based_ai_stub,v0.1,uptrend,none,0.2,low,False,条件未達,取引許可,76.56707667562873,160.04831914577937,160.0468857406556,wait
76717e6d-5adc-4c16-a145-9eff28e13eb8,2026-06-06 09:20:00+09:00,USDJPY,rule_based_ai_stub,v0.1,uptrend,none,0.2,low,False,条件未達,取引許可,76.79221670869545,160.0484910018131,160.04706193828702,wait
6aa0c17c-b3d1-4ca2-ad08-3d7395281937,2026-06-06 09:25:00+09:00,USDJPY,rule_based_ai_stub,v0.1,uptrend,long,0.65,medium,True,短期MAが長期MAを上回り、RSIが許容範囲,取引許可,69.55749060281552,160.04865944387404,160.04723146052052,entry_candidate
5f3fccc2-9102-4c1c-bb7c-19d86c49bbce,2026-06-06 09:30:00+09:00,USDJPY,rule_based_ai_stub,v0.1,uptrend,long,0.65,medium,True,短期MAが長期MAを上回り、RSIが許容範囲,取引許可,62.66596354671583,160.0488098111866,160.04737003590694,entry_candidate
f1e3feaa-c89a-4a53-869f-0130142733c3,2026-06-06 09:35:00+09:00,USDJPY,rule_based_ai_stub,v0.1,uptrend,long,0.65,medium,True,短期MAが長期MAを上回り、RSIが許容範囲,取引許可,69.05559815763932,160.04897536770258,160.04750911352684,entry_candidate
e409e3e1-9f32-4921-ac55-a9bde0484a63,2026-06-06 09:40:00+09:00,USDJPY,rule_based_ai_stub,v0.1,uptrend,none,0.2,low,False,条件未達,取引許可,73.88948766342098,160.04921527292842,160.0476612310684,wait
791f3fdb-9382-40eb-a99a-78b9cbe969b5,2026-06-06 09:45:00+09:00,USDJPY,rule_based_ai_stub,v0.1,uptrend,none,0.2,low,False,条件未達,取引許可,73.20181211774859,160.0493758744543,160.04777761976382,wait
d7c81269-78dc-4c9c-adb6-7a871ec75eb7,2026-06-06 09:50:00+09:00,USDJPY,rule_based_ai_stub,v0.1,uptrend,none,0.2,low,False,条件未達,取引許可,75.76866368811481,160.04952736888325,160.04790988097994,wait
0282e2dc-9ed8-4fc2-91d6-4df36b39de31,2026-06-06 09:55:00+09:00,USDJPY,rule_based_ai_stub,v0.1,uptrend,none,0.2,low,False,条件未達,取引許可,75.99604315197723,160.0497272301701,160.04805504844305,wait
2d2df99c-26ec-42a7-81cb-b0277736aad3,2026-06-06 10:00:00+09:00,USDJPY,rule_based_ai_stub,v0.1,uptrend,none,0.2,low,False,条件未達,取引許可,75.3868713673858,160.0499059850525,160.04820327824035,wait
ec023d82-b07a-420e-9249-4a863019a19b,2026-06-06 10:05:00+09:00,USDJPY,rule_based_ai_stub,v0.1,uptrend,none,0.2,low,False,条件未達,取引許可,79.3051336558422,160.05015615039775,160.04839039288493,wait
c0c1c290-8b75-495a-9d1b-342adf59ff63,2026-06-06 10:10:00+09:00,USDJPY,rule_based_ai_stub,v0.1,uptrend,none,0.2,low,False,条件未達,取引許可,79.13185546861146,160.05042554014733,160.0485614582165,wait
45312835-9696-4deb-b5cc-a14488ead379,2026-06-06 10:15:00+09:00,USDJPY,rule_based_ai_stub,v0.1,uptrend,long,0.65,medium,True,短期MAが長期MAを上回り、RSIが許容範囲,取引許可,65.76511165059293,160.05067173335635,160.04869471357281,entry_candidate
c41c23eb-d2fd-4396-aaff-5c26fa2c1a6c,2026-06-06 10:20:00+09:00,USDJPY,rule_based_ai_stub,v0.1,uptrend,long,0.65,medium,True,短期MAが長期MAを上回り、RSIが許容範囲,取引許可,67.3011782439242,160.05093560924885,160.0488315530215,entry_candidate
4ca703aa-3902-40fc-8853-088eef51f977,2026-06-06 10:25:00+09:00,USDJPY,rule_based_ai_stub,v0.1,uptrend,none,0.2,low,False,条件未達,取引許可,75.65320560036456,160.05125111090527,160.04895686998762,wait
c31db13e-b02d-4a6a-9ebd-06b17d6aa15c,2026-06-06 10:30:00+09:00,USDJPY,rule_based_ai_stub,v0.1,uptrend,none,0.2,low,False,条件未達,取引許可,77.35106862326515,160.0516575310335,160.0491097653785,wait
f867df4a-41af-4d0f-83e8-66f1b2f527da,2026-06-06 10:35:00+09:00,USDJPY,rule_based_ai_stub,v0.1,uptrend,none,0.2,low,False,条件未達,取引許可,82.39992996128018,160.05206829202834,160.04928786728635,wait
6265c42d-c2c9-4fc7-ad41-924d82941839,2026-06-06 10:40:00+09:00,USDJPY,rule_based_ai_stub,v0.1,uptrend,none,0.2,low,False,条件未達,取引許可,84.98671897131479,160.05241021607043,160.04948107508102,wait
e45beaff-1ee2-4277-ae79-bea80ffea85d,2026-06-06 10:45:00+09:00,USDJPY,rule_based_ai_stub,v0.1,uptrend,none,0.2,low,False,条件未達,取引許可,76.41712291726992,160.05268986162181,160.0496866505149,wait
4385cc58-bf50-43d3-b5c3-1e731d65cdc9,2026-06-06 10:50:00+09:00,USDJPY,rule_based_ai_stub,v0.1,uptrend,none,0.2,low,False,条件未達,取引許可,72.71672398580912,160.05294361435975,160.04985447210902,wait
2041141b-aa5f-4110-8e3a-0e77552887de,2026-06-06 10:55:00+09:00,USDJPY,rule_based_ai_stub,v0.1,uptrend,long,0.65,medium,True,短期MAが長期MAを上回り、RSIが許容範囲,取引許可,67.8859669161895,160.05306973032776,160.0500265051683,entry_candidate
2751118c-daaf-486b-9a59-c882ec535196,2026-06-06 11:00:00+09:00,USDJPY,rule_based_ai_stub,v0.1,uptrend,long,0.65,medium,True,短期MAが長期MAを上回り、RSIが許容範囲,取引許可,64.1387237567555,160.05315478246428,160.05019255039716,entry_candidate
b1370ec2-7735-4765-9717-8a667b7f6403,2026-06-06 11:05:00+09:00,USDJPY,rule_based_ai_stub,v0.1,uptrend,long,0.65,medium,True,短期MAが長期MAを上回り、RSIが許容範囲,取引許可,60.78014631953745,160.0531391793653,160.0503730188211,entry_candidate
978bb145-ca35-4856-84e9-fb13d55cf55d,2026-06-06 11:10:00+09:00,USDJPY,rule_based_ai_stub,v0.1,uptrend,long,0.65,medium,True,短期MAが長期MAを上回り、RSIが許容範囲,取引許可,64.9881786892544,160.0531787960093,160.0505761955418,entry_candidate
44763de3-202f-4a49-961a-b0404edb5c20,2026-06-06 11:15:00+09:00,USDJPY,rule_based_ai_stub,v0.1,uptrend,long,0.65,medium,True,短期MAが長期MAを上回り、RSIが許容範囲,取引許可,58.034935976397065,160.0533261843677,160.05077235450113,entry_candidate
f6925795-2729-4525-9805-91397494b106,2026-06-06 11:20:00+09:00,USDJPY,rule_based_ai_stub,v0.1,uptrend,long,0.65,medium,True,短期MAが長期MAを上回り、RSIが許容範囲,取引許可,50.104417438621155,160.05337611149196,160.05093424085132,entry_candidate
ca67151b-a244-41f4-b9f0-afca39faf1ee,2026-06-06 11:25:00+09:00,USDJPY,rule_based_ai_stub,v0.1,uptrend,long,0.65,medium,True,短期MAが長期MAを上回り、RSIが許容範囲,取引許可,60.69229470705041,160.0534292108304,160.05111325520323,entry_candidate
0749673b-cc71-451f-959c-f09f7afd4764,2026-06-06 11:30:00+09:00,USDJPY,rule_based_ai_stub,v0.1,uptrend,long,0.65,medium,True,短期MAが長期MAを上回り、RSIが許容範囲,取引許可,62.295227153660186,160.05347765410545,160.05131499877518,entry_candidate
f23a5f4f-2dd3-411a-86dd-2eb9ee1e4c35,2026-06-06 11:35:00+09:00,USDJPY,rule_based_ai_stub,v0.1,uptrend,long,0.65,medium,True,短期MAが長期MAを上回り、RSIが許容範囲,取引許可,57.60074805691514,160.0534619491677,160.0515018696329,entry_candidate
c0a34957-ee11-4ea8-84a4-f74a94ab2e5c,2026-06-06 11:40:00+09:00,USDJPY,rule_based_ai_stub,v0.1,uptrend,long,0.65,medium,True,短期MAが長期MAを上回り、RSIが許容範囲,取引許可,51.30811752675605,160.05344646617087,160.05169065172322,entry_candidate
f8052777-3b63-4f5e-9a9e-66321c74b794,2026-06-06 11:45:00+09:00,USDJPY,rule_based_ai_stub,v0.1,uptrend,long,0.65,medium,True,短期MAが長期MAを上回り、RSIが許容範囲,取引許可,47.82987833260837,160.05349293249557,160.0518528895239,entry_candidate
e500584e-a7c5-43b2-b06d-cc3318bfe09f,2026-06-06 11:50:00+09:00,USDJPY,rule_based_ai_stub,v0.1,uptrend,long,0.65,medium,True,短期MAが長期MAを上回り、RSIが許容範囲,取引許可,44.69554192517531,160.05351060506743,160.05199386277016,entry_candidate
77b65285-8587-4a91-a9c9-ddef61fcd833,2026-06-06 11:55:00+09:00,USDJPY,rule_based_ai_stub,v0.1,uptrend,long,0.65,medium,True,短期MAが長期MAを上回り、RSIが許容範囲,取引許可,54.430601970695186,160.05360321768376,160.05213339272723,entry_candidate
201b2eaa-c746-44d2-8667-c449b7959abd,2026-06-06 12:00:00+09:00,USDJPY,rule_based_ai_stub,v0.1,uptrend,long,0.65,medium,True,短期MAが長期MAを上回り、RSIが許容範囲,取引許可,54.94977211916355,160.05371880906512,160.05225985886062,entry_candidate
9503f302-30a5-4b7c-b871-5b8fdef2de1e,2026-06-06 12:05:00+09:00,USDJPY,rule_based_ai_stub,v0.1,uptrend,long,0.65,medium,True,短期MAが長期MAを上回り、RSIが許容範囲,取引許可,62.359108882299424,160.05382594814847,160.05237375930383,entry_candidate
075c8f34-5b63-4ca5-bc5b-b91ec43496ac,2026-06-06 12:10:00+09:00,USDJPY,rule_based_ai_stub,v0.1,uptrend,long,0.65,medium,True,短期MAが長期MAを上回り、RSIが許容範囲,取引許可,60.265508982843585,160.0538052173977,160.05246985118478,entry_candidate
02969cfc-b861-4407-9048-3294d9cde593,2026-06-06 12:15:00+09:00,USDJPY,rule_based_ai_stub,v0.1,uptrend,long,0.65,medium,True,短期MAが長期MAを上回り、RSIが許容範囲,取引許可,54.750442834657726,160.05374288015543,160.05258026595982,entry_candidate
b633b421-7b45-4c9f-ba97-ba994d642bc2,2026-06-06 12:20:00+09:00,USDJPY,rule_based_ai_stub,v0.1,uptrend,long,0.65,medium,True,短期MAが長期MAを上回り、RSIが許容範囲,取引許可,49.398605674605214,160.05377645613416,160.0526960589583,entry_candidate
1ea68891-3ad4-4cc8-8fe7-f609c153f98b,2026-06-06 12:25:00+09:00,USDJPY,rule_based_ai_stub,v0.1,uptrend,long,0.65,medium,True,短期MAが長期MAを上回り、RSIが許容範囲,取引許可,44.571060638867145,160.05376916032185,160.05281649401914,entry_candidate
0c48ef65-e091-42af-8202-212f07445e65,2026-06-06 12:30:00+09:00,USDJPY,rule_based_ai_stub,v0.1,uptrend,long,0.65,medium,True,短期MAが長期MAを上回り、RSIが許容範囲,取引許可,62.082513030474566,160.05378838112776,160.0529745220889,entry_candidate
1aa3bbc5-66c5-46fa-945b-736a4a358736,2026-06-06 12:35:00+09:00,USDJPY,rule_based_ai_stub,v0.1,uptrend,long,0.65,medium,True,短期MAが長期MAを上回り、RSIが許容範囲,取引許可,57.194470643838535,160.05381810926966,160.0531161168219,entry_candidate
2fe21d78-ff73-4d03-abc7-3b11b2f359bf,2026-06-06 12:40:00+09:00,USDJPY,rule_based_ai_stub,v0.1,uptrend,long,0.65,medium,True,短期MAが長期MAを上回り、RSIが許容範囲,取引許可,51.62509645830466,160.05386577250613,160.05324081824915,entry_candidate
78017ac0-a5e3-4796-8faf-d8451f094702,2026-06-06 12:45:00+09:00,USDJPY,rule_based_ai_stub,v0.1,uptrend,long,0.65,medium,True,短期MAが長期MAを上回り、RSIが許容範囲,取引許可,61.404799928602344,160.05395933087448,160.0533807083306,entry_candidate
58d937a3-b663-44ec-90bf-b72fa3a8459e,2026-06-06 12:50:00+09:00,USDJPY,rule_based_ai_stub,v0.1,uptrend,long,0.65,medium,True,短期MAが長期MAを上回り、RSIが許容範囲,取引許可,52.7485275658417,160.0540212158718,160.05349181176635,entry_candidate
1dfa64e7-0ea2-4530-beb0-3e2280ee345a,2026-06-06 12:55:00+09:00,USDJPY,rule_based_ai_stub,v0.1,uptrend,long,0.65,medium,True,短期MAが長期MAを上回り、RSIが許容範囲,取引許可,44.111567420665146,160.0539626464069,160.05354519813946,entry_candidate
3600bb8f-95d4-4569-8b22-92a1e1b9c24b,2026-06-06 13:00:00+09:00,USDJPY,rule_based_ai_stub,v0.1,uptrend,long,0.65,medium,True,短期MAが長期MAを上回り、RSIが許容範囲,取引許可,41.28597495344739,160.05383384153365,160.05356914435436,entry_candidate
6c76108e-6d44-4108-8cf8-aeca3be3fc2f,2026-06-06 13:05:00+09:00,USDJPY,rule_based_ai_stub,v0.1,uptrend,long,0.65,medium,True,短期MAが長期MAを上回り、RSIが許容範囲,取引許可,44.247582423674075,160.0537471892434,160.05357077225239,entry_candidate
bd7407e5-9219-4c28-bd14-f0a114cec478,2026-06-06 13:10:00+09:00,USDJPY,rule_based_ai_stub,v0.1,uptrend,long,0.65,medium,True,短期MAが長期MAを上回り、RSIが許容範囲,取引許可,42.73549183602538,160.05367731865474,160.0535537773539,entry_candidate
139ea9ae-c3aa-42d9-ab17-0c1da11d04d3,2026-06-06 13:15:00+09:00,USDJPY,rule_based_ai_stub,v0.1,uptrend,long,0.65,medium,True,短期MAが長期MAを上回り、RSIが許容範囲,取引許可,51.03954750797466,160.05375723094537,160.05360876515616,entry_candidate
e0a4af0d-fc51-40dc-9ce2-a85c4ecbb62c,2026-06-06 13:20:00+09:00,USDJPY,rule_based_ai_stub,v0.1,uptrend,long,0.65,medium,True,短期MAが長期MAを上回り、RSIが許容範囲,取引許可,52.18327931544489,160.05377281178815,160.0536417931381,entry_candidate
8747a816-1649-4721-a571-4bd195237cdb,2026-06-06 13:25:00+09:00,USDJPY,rule_based_ai_stub,v0.1,uptrend,long,0.65,medium,True,短期MAが長期MAを上回り、RSIが許容範囲,取引許可,54.40637452040223,160.05381626185374,160.05367154433532,entry_candidate
2a21e8e2-5a39-4463-a31f-6dafbe6805d8,2026-06-06 13:30:00+09:00,USDJPY,rule_based_ai_stub,v0.1,uptrend,long,0.65,medium,True,短期MAが長期MAを上回り、RSIが許容範囲,取引許可,56.89384038954038,160.0538504692244,160.05370550148587,entry_candidate
6260b479-1a66-4412-8717-13390b04291c,2026-06-06 13:35:00+09:00,USDJPY,rule_based_ai_stub,v0.1,uptrend,long,0.65,medium,True,短期MAが長期MAを上回り、RSIが許容範囲,取引許可,63.33160193696882,160.05400496304873,160.05376167382872,entry_candidate
aedae357-b8ec-4323-b2fc-39ed64f5bdb8,2026-06-06 13:40:00+09:00,USDJPY,rule_based_ai_stub,v0.1,uptrend,long,0.65,medium,True,短期MAが長期MAを上回り、RSIが許容範囲,取引許可,64.05208092808888,160.0542512978156,160.0538545121642,entry_candidate
8431e626-0bcc-46e4-889c-b842d1d4e454,2026-06-06 13:45:00+09:00,USDJPY,rule_based_ai_stub,v0.1,uptrend,long,0.65,medium,True,短期MAが長期MAを上回り、RSIが許容範囲,取引許可,67.88945947826161,160.0545114213524,160.05398789490746,entry_candidate
b76e90ce-9423-4cf2-928e-ed2126568a17,2026-06-06 13:50:00+09:00,USDJPY,rule_based_ai_stub,v0.1,uptrend,long,0.65,medium,True,短期MAが長期MAを上回り、RSIが許容範囲,取引許可,69.26448172442433,160.05489366630218,160.0541418290805,entry_candidate
76a450a4-3342-4192-8f3f-14df0c8ccf11,2026-06-06 13:55:00+09:00,USDJPY,rule_based_ai_stub,v0.1,uptrend,long,0.65,medium,True,短期MAが長期MAを上回り、RSIが許容範囲,取引許可,68.69419212660738,160.05539357803997,160.05431981404354,entry_candidate
182bfe00-a329-44bf-8505-e9e38e909645,2026-06-06 14:00:00+09:00,USDJPY,rule_based_ai_stub,v0.1,uptrend,none,0.2,low,False,条件未達,取引許可,75.53229707916759,160.0560086906473,160.05452044708204,wait
74ef6a05-65c2-4f62-962f-1b5c2cd36f13,2026-06-06 14:05:00+09:00,USDJPY,rule_based_ai_stub,v0.1,uptrend,none,0.2,low,False,条件未達,取引許可,81.06581531562952,160.05653311476365,160.05470208405185,wait
f9d78f71-2535-41dc-8450-052273fcbe81,2026-06-06 14:10:00+09:00,USDJPY,rule_based_ai_stub,v0.1,uptrend,none,0.2,low,False,条件未達,取引許可,84.69471712504435,160.05704422184314,160.05484225263186,wait
922da4ef-ec65-45c6-b559-d937eaf1f55d,2026-06-06 14:15:00+09:00,USDJPY,rule_based_ai_stub,v0.1,uptrend,none,0.2,low,False,条件未達,取引許可,83.36193401032654,160.05742725023546,160.05497578711208,wait
1aa3729a-bcdc-4f2c-9ee0-4f1c2be278bf,2026-06-06 14:20:00+09:00,USDJPY,rule_based_ai_stub,v0.1,uptrend,none,0.2,low,False,条件未達,取引許可,85.60950092579381,160.05782998177662,160.0551264165663,wait
05dd7208-6cf1-4a46-a69f-7852c018194f,2026-06-06 14:25:00+09:00,USDJPY,rule_based_ai_stub,v0.1,uptrend,none,0.2,low,False,条件未達,取引許可,79.41646083790101,160.0582008243501,160.05526208217523,wait
bf7e3efe-83e2-48cd-adfd-947b96e907c8,2026-06-06 14:30:00+09:00,USDJPY,rule_based_ai_stub,v0.1,uptrend,none,0.2,low,False,条件未達,取引許可,84.19051320933521,160.05852938079835,160.05538941038353,wait
6a6c572f-b733-4f66-931c-e814357df1a3,2026-06-06 14:35:00+09:00,USDJPY,rule_based_ai_stub,v0.1,uptrend,none,0.2,low,False,条件未達,取引許可,85.13115650462845,160.05880539786264,160.05554282339367,wait
6114bf5a-0ac4-4747-98b1-012e39ee9034,2026-06-06 14:40:00+09:00,USDJPY,rule_based_ai_stub,v0.1,uptrend,none,0.2,low,False,条件未達,取引許可,83.25167262003367,160.0589827600924,160.05569994347138,wait
daf25d0d-a1d6-43b5-a6c6-62b8205c2eaf,2026-06-06 14:45:00+09:00,USDJPY,rule_based_ai_stub,v0.1,uptrend,none,0.2,low,False,条件未達,取引許可,82.44483288551217,160.05917358051468,160.05588144424718,wait
ef083aa8-84c4-4090-8cdf-439687a184ec,2026-06-06 14:50:00+09:00,USDJPY,rule_based_ai_stub,v0.1,uptrend,long,0.65,medium,True,短期MAが長期MAを上回り、RSIが許容範囲,取引許可,69.54549553615757,160.05925611335496,160.05605699850966,entry_candidate
61c3f947-09fe-4c87-b8c5-2271ad210534,2026-06-06 14:55:00+09:00,USDJPY,rule_based_ai_stub,v0.1,uptrend,long,0.65,medium,True,短期MAが長期MAを上回り、RSIが許容範囲,取引許可,64.01449964380676,160.0592993368748,160.05621852044052,entry_candidate
8801d3fb-fcf8-4c3b-aa15-b3f42470ee62,2026-06-06 15:00:00+09:00,USDJPY,rule_based_ai_stub,v0.1,uptrend,long,0.65,medium,True,短期MAが長期MAを上回り、RSIが許容範囲,取引許可,54.48145062703453,160.05926780122482,160.05637011113527,entry_candidate
451c4b2c-88da-4872-8dcd-bb4e2bbe47fa,2026-06-06 15:05:00+09:00,USDJPY,rule_based_ai_stub,v0.1,uptrend,long,0.65,medium,True,短期MAが長期MAを上回り、RSIが許容範囲,取引許可,41.46190121856346,160.0591704980298,160.05648360067894,entry_candidate
254e464c-702e-45b0-b38e-25c36467579b,2026-06-06 15:10:00+09:00,USDJPY,rule_based_ai_stub,v0.1,uptrend,none,0.2,low,False,条件未達,取引許可,36.071647700898744,160.05910997074466,160.0566105037475,wait
289e14ca-f481-4890-80d0-3c72fdb6d313,2026-06-06 15:15:00+09:00,USDJPY,rule_based_ai_stub,v0.1,uptrend,none,0.2,low,False,条件未達,取引許可,37.849648936628576,160.05904352480698,160.05674266866262,wait
730d9413-bf8b-464e-9836-294da09ac149,2026-06-06 15:20:00+09:00,USDJPY,rule_based_ai_stub,v0.1,uptrend,long,0.65,medium,True,短期MAが長期MAを上回り、RSIが許容範囲,取引許可,51.135958499884,160.05906126058758,160.05688801805078,entry_candidate
ca080772-cf7a-4b91-a046-5b508cc0bc66,2026-06-06 15:25:00+09:00,USDJPY,rule_based_ai_stub,v0.1,uptrend,long,0.65,medium,True,短期MAが長期MAを上回り、RSIが許容範囲,取引許可,54.21174724778416,160.05913319835486,160.0570500948529,entry_candidate
20e6d257-6806-4fd5-9318-814df9d9cb03,2026-06-06 15:30:00+09:00,USDJPY,rule_based_ai_stub,v0.1,uptrend,long,0.65,medium,True,短期MAが長期MAを上回り、RSIが許容範囲,取引許可,49.97563298700409,160.05911910740858,160.05716631914376,entry_candidate
76196405-9ef8-433f-bae3-9870b0b66a64,2026-06-06 15:35:00+09:00,USDJPY,rule_based_ai_stub,v0.1,uptrend,long,0.65,medium,True,短期MAが長期MAを上回り、RSIが許容範囲,取引許可,59.30978491432721,160.05914995583015,160.05732010558052,entry_candidate
c3350f48-f2e3-4fba-8495-890f00377e79,2026-06-06 15:40:00+09:00,USDJPY,rule_based_ai_stub,v0.1,uptrend,long,0.65,medium,True,短期MAが長期MAを上回り、RSIが許容範囲,取引許可,60.9662131833628,160.05923743559222,160.05749049783338,entry_candidate
31ef2eab-4ebd-4e4a-b09e-0d3e2870559c,2026-06-06 15:45:00+09:00,USDJPY,rule_based_ai_stub,v0.1,uptrend,long,0.65,medium,True,短期MAが長期MAを上回り、RSIが許容範囲,取引許可,59.80217010286782,160.05928014373538,160.05765504853417,entry_candidate
87fed372-b795-4c8c-890a-34fc0066bb69,2026-06-06 15:50:00+09:00,USDJPY,rule_based_ai_stub,v0.1,uptrend,long,0.65,medium,True,短期MAが長期MAを上回り、RSIが許容範囲,取引許可,58.47317279702279,160.0593686121293,160.05783946392881,entry_candidate
d21c8e38-0fcd-481c-bcf9-9f4628f4d3f5,2026-06-06 15:55:00+09:00,USDJPY,rule_based_ai_stub,v0.1,uptrend,long,0.65,medium,True,短期MAが長期MAを上回り、RSIが許容範囲,取引許可,48.76356669911979,160.0594187915344,160.05803723548306,entry_candidate
91845cc7-83ff-46d4-a638-0971c135c1e1,2026-06-06 16:00:00+09:00,USDJPY,rule_based_ai_stub,v0.1,uptrend,long,0.65,medium,True,短期MAが長期MAを上回り、RSIが許容範囲,取引許可,52.084576581090495,160.05948620171668,160.05825423119626,entry_candidate
e68a2c9f-a8cf-42a4-915e-7c7d9f3090ea,2026-06-06 16:05:00+09:00,USDJPY,rule_based_ai_stub,v0.1,uptrend,long,0.65,medium,True,短期MAが長期MAを上回り、RSIが許容範囲,取引許可,57.1704530854648,160.0597013761608,160.05846832965142,entry_candidate
f3978c81-9618-47cb-8617-64a2d5ede45f,2026-06-06 16:10:00+09:00,USDJPY,rule_based_ai_stub,v0.1,uptrend,long,0.65,medium,True,短期MAが長期MAを上回り、RSIが許容範囲,取引許可,66.21551535527044,160.06001491395452,160.05872303551413,entry_candidate
c2171b24-9241-4da4-8650-94c49ba99804,2026-06-06 16:15:00+09:00,USDJPY,rule_based_ai_stub,v0.1,uptrend,none,0.2,low,False,条件未達,取引許可,79.55003784664977,160.06041170130007,160.0589608254475,wait
dae20bb8-b9ed-41ed-8b97-9ad25314c2b8,2026-06-06 16:20:00+09:00,USDJPY,rule_based_ai_stub,v0.1,uptrend,none,0.2,low,False,条件未達,取引許可,77.16447993949961,160.0607083736874,160.0591998720172,wait
7e9e3f8d-2c47-4437-b028-ef44fab81e47,2026-06-06 16:25:00+09:00,USDJPY,rule_based_ai_stub,v0.1,uptrend,none,0.2,low,False,条件未達,取引許可,71.86953044350744,160.0609175246188,160.05941718244125,wait
3a96ee7a-e303-4fe0-98ca-a7f96155dc89,2026-06-06 16:30:00+09:00,USDJPY,rule_based_ai_stub,v0.1,uptrend,long,0.65,medium,True,短期MAが長期MAを上回り、RSIが許容範囲,取引許可,68.937717448868,160.06118492920376,160.05961113913688,entry_candidate
e6c86def-9674-4ed6-8157-650a6ee42d06,2026-06-06 16:35:00+09:00,USDJPY,rule_based_ai_stub,v0.1,uptrend,long,0.65,medium,True,短期MAが長期MAを上回り、RSIが許容範囲,取引許可,59.06828791926666,160.06127120719214,160.05974218696164,entry_candidate
2184bd77-b717-4770-9e60-a329a39dc792,2026-06-06 16:40:00+09:00,USDJPY,rule_based_ai_stub,v0.1,uptrend,long,0.65,medium,True,短期MAが長期MAを上回り、RSIが許容範囲,取引許可,64.46453031158899,160.06131259188143,160.059844262522,entry_candidate
333ad8a5-f067-4f93-baf2-ac624f3d2f64,2026-06-06 16:45:00+09:00,USDJPY,rule_based_ai_stub,v0.1,uptrend,long,0.65,medium,True,短期MAが長期MAを上回り、RSIが許容範囲,取引許可,58.15098843506774,160.06131749155628,160.05992373860212,entry_candidate
8e4a0e4d-a2b2-4241-a746-de3a808022ab,2026-06-06 16:50:00+09:00,USDJPY,rule_based_ai_stub,v0.1,uptrend,long,0.65,medium,True,短期MAが長期MAを上回り、RSIが許容範囲,取引許可,51.11656625245458,160.06131041361095,160.0599783796984,entry_candidate
dabad93d-d678-412a-b9a2-3375b1bccbf3,2026-06-06 16:55:00+09:00,USDJPY,rule_based_ai_stub,v0.1,uptrend,long,0.65,medium,True,短期MAが長期MAを上回り、RSIが許容範囲,取引許可,41.99901445294949,160.06127157247408,160.05999656696108,entry_candidate
540d0f9e-1cc4-489d-b3b3-d8c022c501e5,2026-06-06 17:00:00+09:00,USDJPY,rule_based_ai_stub,v0.1,uptrend,long,0.65,medium,True,短期MAが長期MAを上回り、RSIが許容範囲,取引許可,45.19571672224119,160.06127702168135,160.06001034154096,entry_candidate
0f398b3e-eecd-4696-8d13-41d965f180eb,2026-06-06 17:05:00+09:00,USDJPY,rule_based_ai_stub,v0.1,uptrend,long,0.65,medium,True,短期MAが長期MAを上回り、RSIが許容範囲,取引許可,46.80952800645266,160.06120139841565,160.06002442420208,entry_candidate
b03b9e36-efad-491a-a2f4-7a9a416a883c,2026-06-06 17:10:00+09:00,USDJPY,rule_based_ai_stub,v0.1,uptrend,long,0.65,medium,True,短期MAが長期MAを上回り、RSIが許容範囲,取引許可,43.880583071425384,160.0609730499929,160.06003264489738,entry_candidate
dd672bcc-ec1d-4b44-a6ed-73f9baddc9fc,2026-06-06 17:15:00+09:00,USDJPY,rule_based_ai_stub,v0.1,uptrend,none,0.2,low,False,条件未達,取引許可,30.959611754049178,160.06052392628303,160.0599930507967,wait
b266c457-2093-4e9d-84ee-e378cfe764a7,2026-06-06 17:20:00+09:00,USDJPY,rule_based_ai_stub,v0.1,uptrend,none,0.2,low,False,条件未達,取引許可,20.522313491572717,160.06009786929903,160.05995583452466,wait
9039c1b1-0758-4052-80c2-7cff021124a6,2026-06-06 17:25:00+09:00,USDJPY,rule_based_ai_stub,v0.1,downtrend,none,0.2,low,False,条件未達,取引許可,21.940109965003984,160.0598164057665,160.05995570958007,wait
eddd0a3d-60b0-4b2c-977e-ffcdc1773d71,2026-06-06 17:30:00+09:00,USDJPY,rule_based_ai_stub,v0.1,downtrend,short,0.65,medium,True,短期MAが長期MAを下回り、RSIが許容範囲,取引許可,32.00459140883764,160.05961096088237,160.05997166583154,entry_candidate
fffc2616-1539-4b20-a3bb-53e40db28895,2026-06-06 17:35:00+09:00,USDJPY,rule_based_ai_stub,v0.1,downtrend,short,0.65,medium,True,短期MAが長期MAを下回り、RSIが許容範囲,取引許可,33.58923252582102,160.05947108315368,160.05996408205866,entry_candidate
1e7610bf-a683-4978-8019-7ec385ad18ad,2026-06-06 17:40:00+09:00,USDJPY,rule_based_ai_stub,v0.1,downtrend,short,0.65,medium,True,短期MAが長期MAを下回り、RSIが許容範囲,取引許可,31.407195676000725,160.05928493643628,160.05994498796997,entry_candidate
7a8b4324-7282-4f2f-b261-f569275745fd,2026-06-06 17:45:00+09:00,USDJPY,rule_based_ai_stub,v0.1,downtrend,short,0.65,medium,True,短期MAが長期MAを下回り、RSIが許容範囲,取引許可,38.448575351827536,160.05912960856097,160.05990908128422,entry_candidate
911720be-a562-4bb5-b280-3ea2ed2f2373,2026-06-06 17:50:00+09:00,USDJPY,rule_based_ai_stub,v0.1,downtrend,short,0.65,medium,True,短期MAが長期MAを下回り、RSIが許容範囲,取引許可,33.9991235163849,160.05894766323883,160.059875562993,entry_candidate
0291175c-7dcb-44b4-9f10-a7fbcced87d9,2026-06-06 17:55:00+09:00,USDJPY,rule_based_ai_stub,v0.1,downtrend,short,0.65,medium,True,短期MAが長期MAを下回り、RSIが許容範囲,取引許可,35.90389158293169,160.058860542665,160.05985030222448,entry_candidate
e3772fd8-20ea-476a-9c4d-57f6e167dacc,2026-06-06 18:00:00+09:00,USDJPY,rule_based_ai_stub,v0.1,downtrend,short,0.65,medium,True,短期MAが長期MAを下回り、RSIが許容範囲,取引許可,40.74184237923492,160.05878604609978,160.05984975649926,entry_candidate
9a304f85-40bf-45f1-8333-3c8fb0812175,2026-06-06 18:05:00+09:00,USDJPY,rule_based_ai_stub,v0.1,downtrend,short,0.65,medium,True,短期MAが長期MAを下回り、RSIが許容範囲,取引許可,51.06177567064533,160.05879953123772,160.05990076860473,entry_candidate
0b626065-10c2-476a-9140-2827b91b2049,2026-06-06 18:10:00+09:00,USDJPY,rule_based_ai_stub,v0.1,downtrend,short,0.65,medium,True,短期MAが長期MAを下回り、RSIが許容範囲,取引許可,48.72400638474627,160.05886650451367,160.05995148948702,entry_candidate
a56d460d-5627-41c7-a2bd-6393a212ea8d,2026-06-06 18:15:00+09:00,USDJPY,rule_based_ai_stub,v0.1,downtrend,short,0.65,medium,True,短期MAが長期MAを下回り、RSIが許容範囲,取引許可,49.99685694382342,160.05906690721275,160.06000084493195,entry_candidate
684e6333-0728-4b0e-bbde-612a58eb5f15,2026-06-06 18:20:00+09:00,USDJPY,rule_based_ai_stub,v0.1,downtrend,short,0.65,medium,True,短期MAが長期MAを下回り、RSIが許容範囲,取引許可,51.183213872741185,160.05922478652772,160.0600103431714,entry_candidate
81388a23-da73-4ce4-96b1-bd39660dd440,2026-06-06 18:25:00+09:00,USDJPY,rule_based_ai_stub,v0.1,downtrend,none,0.2,low,False,条件未達,取引許可,61.38917236762061,160.0592527092452,160.05999554654352,wait
5bf3556e-4c96-4b45-8631-b2426b5a74cb,2026-06-06 18:30:00+09:00,USDJPY,rule_based_ai_stub,v0.1,downtrend,none,0.2,low,False,条件未達,取引許可,60.22108613723341,160.05918624505733,160.0599940450478,wait
ccf00a51-e632-4fc2-bb43-9e4f34b25801,2026-06-06 18:35:00+09:00,USDJPY,rule_based_ai_stub,v0.1,downtrend,short,0.65,medium,True,短期MAが長期MAを下回り、RSIが許容範囲,取引許可,54.04714864574356,160.05916100395763,160.0599677647678,entry_candidate
2dbf7ce2-3811-43c6-8abf-388d279d7b69,2026-06-06 18:40:00+09:00,USDJPY,rule_based_ai_stub,v0.1,downtrend,short,0.65,medium,True,短期MAが長期MAを下回り、RSIが許容範囲,取引許可,49.909680980256326,160.05921155269226,160.05993636033665,entry_candidate
68743cf0-6794-4792-b796-63221b022616,2026-06-06 18:45:00+09:00,USDJPY,rule_based_ai_stub,v0.1,downtrend,short,0.65,medium,True,短期MAが長期MAを下回り、RSIが許容範囲,取引許可,47.91284951517002,160.05919850376657,160.05988186796128,entry_candidate
509bf718-dda5-484c-abed-5be58aa08c20,2026-06-06 18:50:00+09:00,USDJPY,rule_based_ai_stub,v0.1,downtrend,short,0.65,medium,True,短期MAが長期MAを下回り、RSIが許容範囲,取引許可,59.05486872151895,160.05931000854125,160.05985602846366,entry_candidate
62e84c1a-bbfb-47eb-8678-20e00abdbf94,2026-06-06 18:55:00+09:00,USDJPY,rule_based_ai_stub,v0.1,downtrend,short,0.65,medium,True,短期MAが長期MAを下回り、RSIが許容範囲,取引許可,55.3190792387096,160.0593928675409,160.0598416608933,entry_candidate
9a000ffb-713f-4ef1-b953-9547edbe0add,2026-06-06 19:00:00+09:00,USDJPY,rule_based_ai_stub,v0.1,downtrend,none,0.2,low,False,条件未達,取引許可,61.77952215189817,160.05943635416193,160.0598331406477,wait
f2008af3-aa74-4df2-9b70-c3f6f8e64b36,2026-06-06 19:05:00+09:00,USDJPY,rule_based_ai_stub,v0.1,downtrend,short,0.65,medium,True,短期MAが長期MAを下回り、RSIが許容範囲,取引許可,55.25136988034596,160.0593811335378,160.05979402106377,entry_candidate
018584a1-d2ce-464e-a026-3599504bffe5,2026-06-06 19:10:00+09:00,USDJPY,rule_based_ai_stub,v0.1,downtrend,short,0.65,medium,True,短期MAが長期MAを下回り、RSIが許容範囲,取引許可,39.09729896082545,160.0592097086045,160.0596830877037,entry_candidate
65c0f875-fb44-4714-8447-a31ab867414c,2026-06-06 19:15:00+09:00,USDJPY,rule_based_ai_stub,v0.1,downtrend,short,0.65,medium,True,短期MAが長期MAを下回り、RSIが許容範囲,取引許可,37.0214693765412,160.05909266962848,160.05956116770807,entry_candidate
7a986bb9-bbdb-4c0b-b66b-994ec95472a7,2026-06-06 19:20:00+09:00,USDJPY,rule_based_ai_stub,v0.1,downtrend,short,0.65,medium,True,短期MAが長期MAを下回り、RSIが許容範囲,取引許可,41.73217029345089,160.0590563719767,160.05945967593448,entry_candidate
dbc7f147-8604-432a-b71a-9b920674eb7c,2026-06-06 19:25:00+09:00,USDJPY,rule_based_ai_stub,v0.1,downtrend,short,0.65,medium,True,短期MAが長期MAを下回り、RSIが許容範囲,取引許可,41.432321469391226,160.05904735196475,160.05937215565882,entry_candidate
c4474366-7236-4a46-8496-ab2a58363ed9,2026-06-06 19:30:00+09:00,USDJPY,rule_based_ai_stub,v0.1,downtrend,short,0.65,medium,True,短期MAが長期MAを下回り、RSIが許容範囲,取引許可,45.47877822551185,160.05905300543324,160.059283403791,entry_candidate
ba61bd43-1ec8-4ed1-9bce-eb7433a3748a,2026-06-06 19:35:00+09:00,USDJPY,rule_based_ai_stub,v0.1,downtrend,short,0.65,medium,True,短期MAが長期MAを下回り、RSIが許容範囲,取引許可,52.23464812538505,160.0590660875873,160.05923272489952,entry_candidate
fb6c4d94-6ea1-4934-9a7a-0ea13d0a9111,2026-06-06 19:40:00+09:00,USDJPY,rule_based_ai_stub,v0.1,downtrend,short,0.65,medium,True,短期MAが長期MAを下回り、RSIが許容範囲,取引許可,45.9408047034707,160.0589553632172,160.05915061744858,entry_candidate
ce434e57-f782-4304-aba8-ffc9a46e16fd,2026-06-06 19:45:00+09:00,USDJPY,rule_based_ai_stub,v0.1,downtrend,short,0.65,medium,True,短期MAが長期MAを下回り、RSIが許容範囲,取引許可,41.991383442755875,160.05885834516076,160.0590621524961,entry_candidate
64cd0122-c22c-41c4-97a0-bf73d9046e53,2026-06-06 19:50:00+09:00,USDJPY,rule_based_ai_stub,v0.1,downtrend,short,0.65,medium,True,短期MAが長期MAを下回り、RSIが許容範囲,取引許可,41.36767601969548,160.05872640590982,160.0589946925633,entry_candidate
690eafd8-792f-4976-b478-7c258c28a090,2026-06-06 19:55:00+09:00,USDJPY,rule_based_ai_stub,v0.1,downtrend,short,0.65,medium,True,短期MAが長期MAを下回り、RSIが許容範囲,取引許可,39.75177487794356,160.05854530836783,160.05893290619125,entry_candidate
d4ba475d-befe-4fa4-b5e2-d37b05356a3c,2026-06-06 20:00:00+09:00,USDJPY,rule_based_ai_stub,v0.1,downtrend,short,0.65,medium,True,短期MAが長期MAを下回り、RSIが許容範囲,取引許可,32.77117447006991,160.05837995708714,160.05886745244962,entry_candidate
22f76e35-678b-4c47-876b-3d379e062519,2026-06-06 20:05:00+09:00,USDJPY,rule_based_ai_stub,v0.1,downtrend,none,0.2,low,False,条件未達,取引許可,29.660376630647477,160.05818413730017,160.0587882673586,wait
3d44827e-a5fd-4532-8d97-0477a880ac29,2026-06-06 20:10:00+09:00,USDJPY,rule_based_ai_stub,v0.1,downtrend,short,0.65,medium,True,短期MAが長期MAを下回り、RSIが許容範囲,取引許可,32.52441920144861,160.05813285102533,160.05873635471448,entry_candidate
c6bd3afb-7d00-4c81-86d2-b73c3fefc21d,2026-06-06 20:15:00+09:00,USDJPY,rule_based_ai_stub,v0.1,downtrend,short,0.65,medium,True,短期MAが長期MAを下回り、RSIが許容範囲,取引許可,34.59047187596873,160.0580355804066,160.05873171908263,entry_candidate
33ceee23-fde5-4e16-a44d-af5ad7b16eac,2026-06-06 20:20:00+09:00,USDJPY,rule_based_ai_stub,v0.1,downtrend,short,0.65,medium,True,短期MAが長期MAを下回り、RSIが許容範囲,取引許可,37.28347734125868,160.0578207110022,160.05870062316887,entry_candidate
4387d35b-b73c-4367-b99b-4f73916710d9,2026-06-06 20:25:00+09:00,USDJPY,rule_based_ai_stub,v0.1,downtrend,short,0.65,medium,True,短期MAが長期MAを下回り、RSIが許容範囲,取引許可,38.93283498606581,160.05767814494334,160.0586594020511,entry_candidate
4e9e0b87-fd0e-4a12-bc2f-d218ee27f139,2026-06-06 20:30:00+09:00,USDJPY,rule_based_ai_stub,v0.1,downtrend,short,0.65,medium,True,短期MAが長期MAを下回り、RSIが許容範囲,取引許可,31.979710423038227,160.05749549976983,160.05857825008678,entry_candidate
6ee62916-ecb8-4bf5-be80-abfbb19d9b5b,2026-06-06 20:35:00+09:00,USDJPY,rule_based_ai_stub,v0.1,downtrend,short,0.65,medium,True,短期MAが長期MAを下回り、RSIが許容範囲,取引許可,30.464947653513732,160.05724654501356,160.05849121218614,entry_candidate
3dc7249b-c920-468b-b118-7d897193e970,2026-06-06 20:40:00+09:00,USDJPY,rule_based_ai_stub,v0.1,downtrend,short,0.65,medium,True,短期MAが長期MAを下回り、RSIが許容範囲,取引許可,31.28691028491967,160.05708574601,160.05841755397316,entry_candidate
937f6f6d-f637-408b-b4fa-242c86cb63a5,2026-06-06 20:45:00+09:00,USDJPY,rule_based_ai_stub,v0.1,downtrend,short,0.65,medium,True,短期MAが長期MAを下回り、RSIが許容範囲,取引許可,34.93015318310633,160.05700883150777,160.05835522681167,entry_candidate
29bfecfe-fee2-48cd-b458-3a568df81df9,2026-06-06 20:50:00+09:00,USDJPY,rule_based_ai_stub,v0.1,downtrend,short,0.65,medium,True,短期MAが長期MAを下回り、RSIが許容範囲,取引許可,36.60736832943786,160.0568414126806,160.0582926090439,entry_candidate
6b2c3a50-49eb-4319-996d-e9e858dcb7be,2026-06-06 20:55:00+09:00,USDJPY,rule_based_ai_stub,v0.1,downtrend,short,0.65,medium,True,短期MAが長期MAを下回り、RSIが許容範囲,取引許可,38.7734828774871,160.0567397923171,160.0582259894086,entry_candidate
46900698-abd3-4a7c-9a2a-abec2675bd23,2026-06-06 21:00:00+09:00,USDJPY,rule_based_ai_stub,v0.1,downtrend,short,0.65,medium,True,短期MAが長期MAを下回り、RSIが許容範囲,取引許可,36.65997880578553,160.05664493488203,160.05815374871037,entry_candidate
6dca49ac-cba5-4abb-9d5f-9b09f21e1018,2026-06-06 21:05:00+09:00,USDJPY,rule_based_ai_stub,v0.1,downtrend,short,0.65,medium,True,短期MAが長期MAを下回り、RSIが許容範囲,取引許可,45.6399173993263,160.05665256181751,160.05807261088518,entry_candidate
523eb7fa-9fc6-4176-a156-1ec248702eee,2026-06-06 21:10:00+09:00,USDJPY,rule_based_ai_stub,v0.1,downtrend,short,0.65,medium,True,短期MAが長期MAを下回り、RSIが許容範囲,取引許可,44.9995431424001,160.05664568933165,160.0579960829872,entry_candidate
c3381849-fa28-4c88-984f-e5a7d7c8c0f2,2026-06-06 21:15:00+09:00,USDJPY,rule_based_ai_stub,v0.1,downtrend,short,0.65,medium,True,短期MAが長期MAを下回り、RSIが許容範囲,取引許可,49.9736699913258,160.05662224752797,160.05791683252104,entry_candidate
b6c1dbfc-ad2e-4146-985b-a27063b9d248,2026-06-06 21:20:00+09:00,USDJPY,rule_based_ai_stub,v0.1,downtrend,short,0.65,medium,True,短期MAが長期MAを下回り、RSIが許容範囲,取引許可,43.00254352754208,160.05663818280402,160.0578384219276,entry_candidate
700c618c-00ed-42be-a93a-3291ec3d4c3d,2026-06-06 21:25:00+09:00,USDJPY,rule_based_ai_stub,v0.1,downtrend,short,0.65,medium,True,短期MAが長期MAを下回り、RSIが許容範囲,取引許可,43.71548554529839,160.05660018830653,160.05777522840486,entry_candidate
58e7b9a1-8c85-4579-93f9-3c1dcb30b633,2026-06-06 21:30:00+09:00,USDJPY,rule_based_ai_stub,v0.1,downtrend,short,0.65,medium,True,短期MAが長期MAを下回り、RSIが許容範囲,取引許可,46.406505988946684,160.05654531643725,160.05769794054677,entry_candidate
e66ee6f3-c8be-4433-a180-4739ff1e087a,2026-06-06 21:35:00+09:00,USDJPY,rule_based_ai_stub,v0.1,downtrend,none,0.2,low,False,条件未達,取引許可,27.61773896266017,160.05638488966568,160.0575658407555,wait
eb252ab8-817a-41fe-8bea-a06d356b74eb,2026-06-06 21:40:00+09:00,USDJPY,rule_based_ai_stub,v0.1,downtrend,short,0.65,medium,True,短期MAが長期MAを下回り、RSIが許容範囲,取引許可,32.737947024014574,160.05623626242442,160.05742579055055,entry_candidate
a921848d-c6b4-4de1-8538-3915ef1338aa,2026-06-06 21:45:00+09:00,USDJPY,rule_based_ai_stub,v0.1,downtrend,short,0.65,medium,True,短期MAが長期MAを下回り、RSIが許容範囲,取引許可,41.18478756923507,160.05607540005778,160.0573141922421,entry_candidate
05c14b7b-ce88-4052-9db9-6b04df9e59db,2026-06-06 21:50:00+09:00,USDJPY,rule_based_ai_stub,v0.1,downtrend,short,0.65,medium,True,短期MAが長期MAを下回り、RSIが許容範囲,取引許可,32.45700615568897,160.0558471821603,160.05713833358357,entry_candidate
8868e4c3-7222-4676-bed6-8d3210a4abd6,2026-06-06 21:55:00+09:00,USDJPY,rule_based_ai_stub,v0.1,downtrend,none,0.2,low,False,条件未達,取引許可,23.483654712154717,160.05556539373507,160.05695016480666,wait
f75538c4-d8e2-4215-ac60-3e648ff3a3c7,2026-06-06 22:00:00+09:00,USDJPY,rule_based_ai_stub,v0.1,downtrend,none,0.2,low,False,条件未達,取引許可,29.49322694776461,160.05529312219787,160.056772671389,wait
f0f32cc3-e313-4d25-84ca-4ee7ebf2212f,2026-06-06 22:05:00+09:00,USDJPY,rule_based_ai_stub,v0.1,downtrend,short,0.65,medium,True,短期MAが長期MAを下回り、RSIが許容範囲,取引許可,39.547597676950794,160.05508907015383,160.05664192309052,entry_candidate
3d96195b-a965-4ec0-97a6-61f32f158a29,2026-06-06 22:10:00+09:00,USDJPY,rule_based_ai_stub,v0.1,downtrend,short,0.65,medium,True,短期MAが長期MAを下回り、RSIが許容範囲,取引許可,37.7322869306272,160.05487723571738,160.05655192535812,entry_candidate
eb260f5b-b557-4828-9c3d-86e65ba0337a,2026-06-06 22:15:00+09:00,USDJPY,rule_based_ai_stub,v0.1,downtrend,short,0.65,medium,True,短期MAが長期MAを下回り、RSIが許容範囲,取引許可,32.504920137156105,160.05464735252585,160.05643506015346,entry_candidate
af42271d-aa39-4518-bae7-8211394550fb,2026-06-06 22:20:00+09:00,USDJPY,rule_based_ai_stub,v0.1,downtrend,short,0.65,medium,True,短期MAが長期MAを下回り、RSIが許容範囲,取引許可,31.14549149863913,160.05444970402326,160.05630286594317,entry_candidate
f35c679b-1f8d-4abd-a347-3de27dd805be,2026-06-06 22:25:00+09:00,USDJPY,rule_based_ai_stub,v0.1,downtrend,short,0.65,medium,True,短期MAが長期MAを下回り、RSIが許容範囲,取引許可,38.45370191133121,160.05431649214748,160.0561982751325,entry_candidate
7c313565-1626-4f56-aeb7-cd8736180f08,2026-06-06 22:30:00+09:00,USDJPY,rule_based_ai_stub,v0.1,downtrend,short,0.65,medium,True,短期MAが長期MAを下回り、RSIが許容範囲,取引許可,38.93797635117719,160.05420458901338,160.05608180174013,entry_candidate
4bacaf5b-e7b1-4cc4-b07c-3b2ad86b7e50,2026-06-06 22:35:00+09:00,USDJPY,rule_based_ai_stub,v0.1,downtrend,short,0.65,medium,True,短期MAが長期MAを下回り、RSIが許容範囲,取引許可,36.504621214903786,160.0541987938031,160.05594340949412,entry_candidate
1dd8014a-2c44-4aa8-a37e-eb2d534afe2d,2026-06-06 22:40:00+09:00,USDJPY,rule_based_ai_stub,v0.1,downtrend,short,0.65,medium,True,短期MAが長期MAを下回り、RSIが許容範囲,取引許可,37.98720276092729,160.05414703342652,160.05582301395364,entry_candidate
19fa05af-a4ad-4395-8548-c518df8c749e,2026-06-06 22:45:00+09:00,USDJPY,rule_based_ai_stub,v0.1,downtrend,short,0.65,medium,True,短期MAが長期MAを下回り、RSIが許容範囲,取引許可,43.94686673864576,160.05400240987746,160.05569554714765,entry_candidate
d5bf92c5-73fe-4ac0-adc3-aeb43e48bcc9,2026-06-06 22:50:00+09:00,USDJPY,rule_based_ai_stub,v0.1,downtrend,short,0.65,medium,True,短期MAが長期MAを下回り、RSIが許容範囲,取引許可,42.50827810242099,160.05398206646598,160.05555688710228,entry_candidate
b2bc8b9d-a5ed-4ba2-8746-2e26f81394f5,2026-06-06 22:55:00+09:00,USDJPY,rule_based_ai_stub,v0.1,downtrend,short,0.65,medium,True,短期MAが長期MAを下回り、RSIが許容範囲,取引許可,45.707752122557615,160.05409344351264,160.05546620985493,entry_candidate
42ecec9f-66e0-4081-94c2-151013a36c08,2026-06-06 23:00:00+09:00,USDJPY,rule_based_ai_stub,v0.1,downtrend,short,0.65,medium,True,短期MAが長期MAを下回り、RSIが許容範囲,取引許可,57.19177460970456,160.0541900168099,160.05537602462994,entry_candidate
d89bc0a3-f7f1-4a2b-8509-ef4e957976bf,2026-06-06 23:05:00+09:00,USDJPY,rule_based_ai_stub,v0.1,downtrend,none,0.2,low,False,条件未達,取引許可,61.443740067075105,160.0541710976586,160.05530424320997,wait
82ff7b05-911f-45c3-9f40-81e287604d59,2026-06-06 23:10:00+09:00,USDJPY,rule_based_ai_stub,v0.1,downtrend,short,0.65,medium,True,短期MAが長期MAを下回り、RSIが許容範囲,取引許可,57.228549724486676,160.05413654825847,160.05521982443585,entry_candidate
f24abfdf-cb68-43ef-b5d5-a5e14e502220,2026-06-06 23:15:00+09:00,USDJPY,rule_based_ai_stub,v0.1,downtrend,short,0.65,medium,True,短期MAが長期MAを下回り、RSIが許容範囲,取引許可,38.170384280270774,160.05406023946495,160.05510994650624,entry_candidate
aa1dfc40-1ebf-48df-8c90-27886bedc8ef,2026-06-06 23:20:00+09:00,USDJPY,rule_based_ai_stub,v0.1,downtrend,short,0.65,medium,True,短期MAが長期MAを下回り、RSIが許容範囲,取引許可,43.417452471466184,160.05403723098235,160.05504170593656,entry_candidate
0d004d97-23bf-4bae-9845-0d1834ba6c19,2026-06-06 23:25:00+09:00,USDJPY,rule_based_ai_stub,v0.1,downtrend,short,0.65,medium,True,短期MAが長期MAを下回り、RSIが許容範囲,取引許可,46.38542082909449,160.05394158681892,160.05495275575765,entry_candidate
628237cd-cb90-4c52-8a97-b8f9a54e6895,2026-06-06 23:30:00+09:00,USDJPY,rule_based_ai_stub,v0.1,downtrend,short,0.65,medium,True,短期MAが長期MAを下回り、RSIが許容範囲,取引許可,46.397209217828284,160.0538692168688,160.05487304077315,entry_candidate
8b7491d0-791f-4e81-b35c-2add0af514f3,2026-06-06 23:35:00+09:00,USDJPY,rule_based_ai_stub,v0.1,downtrend,short,0.65,medium,True,短期MAが長期MAを下回り、RSIが許容範囲,取引許可,55.00172044783865,160.05399646189738,160.0548600484554,entry_candidate
563135c5-8e24-4202-9831-5ee511f0208b,2026-06-06 23:40:00+09:00,USDJPY,rule_based_ai_stub,v0.1,downtrend,short,0.65,medium,True,短期MAが長期MAを下回り、RSIが許容範囲,取引許可,59.43337177945401,160.05416278174752,160.0548486925328,entry_candidate
78beb9fb-9b9e-4b75-88c6-ebb50bab788a,2026-06-06 23:45:00+09:00,USDJPY,rule_based_ai_stub,v0.1,downtrend,short,0.65,medium,True,短期MAが長期MAを下回り、RSIが許容範囲,取引許可,59.690284165640485,160.05433917847552,160.05480566280357,entry_candidate
31a73c37-ee5e-4101-8cd0-d51c73b5d9ad,2026-06-06 23:50:00+09:00,USDJPY,rule_based_ai_stub,v0.1,downtrend,short,0.65,medium,True,短期MAが長期MAを下回り、RSIが許容範囲,取引許可,59.99880242027971,160.05448812380794,160.05477245747807,entry_candidate
2935d6b7-c0ca-41c5-96aa-72de57c9b7f2,2026-06-06 23:55:00+09:00,USDJPY,rule_based_ai_stub,v0.1,downtrend,none,0.2,low,False,条件未達,取引許可,69.22914665443635,160.0546132575029,160.05475736491687,wait
e67de004-7a8a-4898-ab0c-16d88f1582b4,2026-06-07 00:00:00+09:00,USDJPY,rule_based_ai_stub,v0.1,downtrend,none,0.2,low,False,条件未達,取引許可,69.20315490282348,160.0547279007547,160.05473701325417,wait
e61bec24-1c79-490d-8861-bdeeb63251a0,2026-06-07 00:05:00+09:00,USDJPY,rule_based_ai_stub,v0.1,uptrend,long,0.65,medium,True,短期MAが長期MAを上回り、RSIが許容範囲,取引許可,55.55069969959708,160.05478324778272,160.0546811385317,entry_candidate
0538f75b-8246-4df8-bcb3-2a43ada40200,2026-06-07 00:10:00+09:00,USDJPY,rule_based_ai_stub,v0.1,uptrend,long,0.65,medium,True,短期MAが長期MAを上回り、RSIが許容範囲,取引許可,57.85397387631424,160.05489914682093,160.0546376435989,entry_candidate
8d489b7e-0767-4d02-8b5f-31e27d515f45,2026-06-07 00:15:00+09:00,USDJPY,rule_based_ai_stub,v0.1,uptrend,long,0.65,medium,True,短期MAが長期MAを上回り、RSIが許容範囲,取引許可,55.83600530857581,160.05505979819526,160.05458913006203,entry_candidate
5ecdd470-17ce-402e-b7f6-36071a459375,2026-06-07 00:20:00+09:00,USDJPY,rule_based_ai_stub,v0.1,uptrend,long,0.65,medium,True,短期MAが長期MAを上回り、RSIが許容範囲,取引許可,63.13775817732276,160.05526995896955,160.05458563132504,entry_candidate
1077095e-bd23-4c82-8ed4-6acfaa0966f8,2026-06-07 00:25:00+09:00,USDJPY,rule_based_ai_stub,v0.1,uptrend,none,0.2,low,False,条件未達,取引許可,73.68925546000065,160.055538014007,160.0545986976578,wait
9f557648-ce6b-47e4-88bf-f5940acd48b2,2026-06-07 00:30:00+09:00,USDJPY,rule_based_ai_stub,v0.1,uptrend,long,0.65,medium,True,短期MAが長期MAを上回り、RSIが許容範囲,取引許可,69.29746206182932,160.05579272694533,160.05462217760916,entry_candidate
89e50464-e8f8-4284-9f25-2d32f206c1eb,2026-06-07 00:35:00+09:00,USDJPY,rule_based_ai_stub,v0.1,uptrend,none,0.2,low,False,条件未達,取引許可,72.47955454527605,160.05595183532336,160.05471569700796,wait
f8682134-95bb-46e3-94ca-b2427eaed6bb,2026-06-07 00:40:00+09:00,USDJPY,rule_based_ai_stub,v0.1,uptrend,none,0.2,low,False,条件未達,取引許可,73.51045548314535,160.0560993988315,160.05480307133516,wait
26309cc5-8a0b-413c-96aa-fbd9ef9d113b,2026-06-07 00:45:00+09:00,USDJPY,rule_based_ai_stub,v0.1,uptrend,long,0.65,medium,True,短期MAが長期MAを上回り、RSIが許容範囲,取引許可,68.08816643187001,160.0563271905759,160.0548895929763,entry_candidate
79f15105-212c-492c-9139-277d0c5166cb,2026-06-07 00:50:00+09:00,USDJPY,rule_based_ai_stub,v0.1,uptrend,long,0.65,medium,True,短期MAが長期MAを上回り、RSIが許容範囲,取引許可,68.59895420793436,160.05660053684093,160.05502357570495,entry_candidate
d5b5c658-a9e4-46ab-9bc5-2989ad53e4b6,2026-06-07 00:55:00+09:00,USDJPY,rule_based_ai_stub,v0.1,uptrend,long,0.65,medium,True,短期MAが長期MAを上回り、RSIが許容範囲,取引許可,68.04515400216081,160.05677414298782,160.05516028133445,entry_candidate
62b0165c-08f8-4cd3-80af-012ccb7ce0a8,2026-06-07 01:00:00+09:00,USDJPY,rule_based_ai_stub,v0.1,uptrend,long,0.65,medium,True,短期MAが長期MAを上回り、RSIが許容範囲,取引許可,66.80645682405911,160.05690990812252,160.05527594189573,entry_candidate
98869a33-0023-4fc1-8a89-7e0f0adc046c,2026-06-07 01:05:00+09:00,USDJPY,rule_based_ai_stub,v0.1,uptrend,long,0.65,medium,True,短期MAが長期MAを上回り、RSIが許容範囲,取引許可,66.4735101260626,160.05716908519705,160.05537447687945,entry_candidate
9f046e7c-bdbf-43a3-8fca-a9e201203fd1,2026-06-07 01:10:00+09:00,USDJPY,rule_based_ai_stub,v0.1,uptrend,long,0.65,medium,True,短期MAが長期MAを上回り、RSIが許容範囲,取引許可,64.34845151084446,160.0573655620582,160.05546708571254,entry_candidate
92f8cbf5-3188-440e-b880-f7a9177a77f0,2026-06-07 01:15:00+09:00,USDJPY,rule_based_ai_stub,v0.1,uptrend,none,0.2,low,False,条件未達,取引許可,70.41962994854174,160.0575752637005,160.05556510045355,wait
6ac6a999-b5ce-4f5b-9a96-0a6c27f31752,2026-06-07 01:20:00+09:00,USDJPY,rule_based_ai_stub,v0.1,uptrend,long,0.65,medium,True,短期MAが長期MAを上回り、RSIが許容範囲,取引許可,61.87069724546068,160.05764354432503,160.05565024475897,entry_candidate
ce8e0982-32d0-4bdf-910b-24bd90982977,2026-06-07 01:25:00+09:00,USDJPY,rule_based_ai_stub,v0.1,uptrend,long,0.65,medium,True,短期MAが長期MAを上回り、RSIが許容範囲,取引許可,67.17815341918097,160.05767900249955,160.0557195344418,entry_candidate
a6ad84dd-10aa-40a2-a0be-c52a3afa9d95,2026-06-07 01:30:00+09:00,USDJPY,rule_based_ai_stub,v0.1,uptrend,long,0.65,medium,True,短期MAが長期MAを上回り、RSIが許容範囲,取引許可,67.74552349700991,160.0578399530148,160.05583396560962,entry_candidate
92ac4e29-8d73-498e-afa7-7058029cf382,2026-06-07 01:35:00+09:00,USDJPY,rule_based_ai_stub,v0.1,uptrend,long,0.65,medium,True,短期MAが長期MAを上回り、RSIが許容範囲,取引許可,57.96956863937074,160.05788347606625,160.055943924429,entry_candidate
ec928134-b685-4492-a14a-5ed0848e600f,2026-06-07 01:40:00+09:00,USDJPY,rule_based_ai_stub,v0.1,uptrend,long,0.65,medium,True,短期MAが長期MAを上回り、RSIが許容範囲,取引許可,60.50818103171225,160.057924817315,160.0560623326313,entry_candidate
4e21a0a1-2d94-49a8-9df6-f7ae5a488119,2026-06-07 01:45:00+09:00,USDJPY,rule_based_ai_stub,v0.1,uptrend,long,0.65,medium,True,短期MAが長期MAを上回り、RSIが許容範囲,取引許可,60.99506244521839,160.0579941309078,160.05622016665305,entry_candidate
10951b50-0c65-40e6-b4de-93aeb15aabdf,2026-06-07 01:50:00+09:00,USDJPY,rule_based_ai_stub,v0.1,uptrend,long,0.65,medium,True,短期MAが長期MAを上回り、RSIが許容範囲,取引許可,60.32298269451254,160.05803522579012,160.056374628813,entry_candidate
589a4668-ffb7-47c7-a146-ab49fc48fcca,2026-06-07 01:55:00+09:00,USDJPY,rule_based_ai_stub,v0.1,uptrend,long,0.65,medium,True,短期MAが長期MAを上回り、RSIが許容範囲,取引許可,58.76854498279111,160.05814125709503,160.0565095525286,entry_candidate
f2e23cdd-315e-4269-b042-66d9500117a7,2026-06-07 02:00:00+09:00,USDJPY,rule_based_ai_stub,v0.1,uptrend,long,0.65,medium,True,短期MAが長期MAを上回り、RSIが許容範囲,取引許可,51.13896295969943,160.05822634621515,160.0566213850308,entry_candidate
f7b0ee88-0d95-4c4e-95fe-c4909769e59e,2026-06-07 02:05:00+09:00,USDJPY,rule_based_ai_stub,v0.1,uptrend,long,0.65,medium,True,短期MAが長期MAを上回り、RSIが許容範囲,取引許可,57.321254169315715,160.05828135264926,160.05674456187634,entry_candidate
b6d6db27-7527-4518-99e6-d903f81d0776,2026-06-07 02:10:00+09:00,USDJPY,rule_based_ai_stub,v0.1,uptrend,long,0.65,medium,True,短期MAが長期MAを上回り、RSIが許容範囲,取引許可,59.957606185630176,160.05834374063673,160.05686948317194,entry_candidate
95562d86-e7be-410a-bf0d-b898dea9998d,2026-06-07 02:15:00+09:00,USDJPY,rule_based_ai_stub,v0.1,uptrend,long,0.65,medium,True,短期MAが長期MAを上回り、RSIが許容範囲,取引許可,59.77833029602478,160.05847559754713,160.05703688648097,entry_candidate
a5fd38c7-42ee-4da9-a285-213349fe1182,2026-06-07 02:20:00+09:00,USDJPY,rule_based_ai_stub,v0.1,uptrend,long,0.65,medium,True,短期MAが長期MAを上回り、RSIが許容範囲,取引許可,66.04344099151037,160.05871457988908,160.0572093610612,entry_candidate
9a74b49a-e3d4-4b23-be13-e064fb019961,2026-06-07 02:25:00+09:00,USDJPY,rule_based_ai_stub,v0.1,uptrend,none,0.2,low,False,条件未達,取引許可,74.82752131560551,160.05906186045985,160.05742629232213,wait
20c2b62d-2ab4-4a32-a4a8-b87287a413fc,2026-06-07 02:30:00+09:00,USDJPY,rule_based_ai_stub,v0.1,uptrend,none,0.2,low,False,条件未達,取引許可,81.56940305882978,160.0593349964433,160.05765589213448,wait
2a9ea503-3f6d-4667-a63a-0eaa9effa927,2026-06-07 02:35:00+09:00,USDJPY,rule_based_ai_stub,v0.1,uptrend,none,0.2,low,False,条件未達,取引許可,81.425709164223,160.05967779888832,160.05783770342597,wait
15eb1686-8ea8-4d59-87d0-ecdc0bcb8887,2026-06-07 02:40:00+09:00,USDJPY,rule_based_ai_stub,v0.1,uptrend,none,0.2,low,False,条件未達,取引許可,78.17558434788833,160.0600291095756,160.0580177752407,wait
dc2b6def-d95e-4290-8857-a5802815c3ca,2026-06-07 02:45:00+09:00,USDJPY,rule_based_ai_stub,v0.1,uptrend,none,0.2,low,False,条件未達,取引許可,83.78151330648964,160.06029215092042,160.05820449080136,wait
cc93c326-fca2-42c0-8fa5-27a93760e690,2026-06-07 02:50:00+09:00,USDJPY,rule_based_ai_stub,v0.1,uptrend,none,0.2,low,False,条件未達,取引許可,84.2775022654471,160.06057609852704,160.05840395371936,wait
a92af0a0-b2ac-4ddd-9aa1-fcf4036d4902,2026-06-07 02:55:00+09:00,USDJPY,rule_based_ai_stub,v0.1,uptrend,none,0.2,low,False,条件未達,取引許可,79.2417371182881,160.06082265747327,160.0585793525187,wait
3a55d536-53c0-43ec-ac34-955ac3feb19a,2026-06-07 03:00:00+09:00,USDJPY,rule_based_ai_stub,v0.1,uptrend,none,0.2,low,False,条件未達,取引許可,80.1968562953782,160.06113075914476,160.05875567116084,wait
d5fead91-7d45-4025-817b-4747d084e4a6,2026-06-07 03:05:00+09:00,USDJPY,rule_based_ai_stub,v0.1,uptrend,none,0.2,low,False,条件未達,取引許可,81.89105484424609,160.06148332533817,160.05897792106148,wait
7739ee3f-baef-4007-a80d-6126b47c60fd,2026-06-07 03:10:00+09:00,USDJPY,rule_based_ai_stub,v0.1,uptrend,none,0.2,low,False,条件未達,取引許可,82.34580502458584,160.06179492161655,160.05916807477053,wait
6da7ef0b-77d8-4303-861b-9d67dc5bdb50,2026-06-07 03:15:00+09:00,USDJPY,rule_based_ai_stub,v0.1,uptrend,none,0.2,low,False,条件未達,取引許可,83.51230370657291,160.0621142253232,160.0593883621903,wait
24a08d6b-9587-4b32-8a17-480aeb40a2a0,2026-06-07 03:20:00+09:00,USDJPY,rule_based_ai_stub,v0.1,uptrend,none,0.2,low,False,条件未達,取引許可,86.54838557466489,160.06244001548063,160.05959937989826,wait
675bd4fb-f5d4-472b-94bb-e3011ec90e40,2026-06-07 03:25:00+09:00,USDJPY,rule_based_ai_stub,v0.1,uptrend,none,0.2,low,False,条件未達,取引許可,84.53052176950105,160.06263042402966,160.05979042899634,wait
3e3b35cf-0b38-442b-a540-3c86fcc6bb22,2026-06-07 03:30:00+09:00,USDJPY,rule_based_ai_stub,v0.1,uptrend,long,0.65,medium,True,短期MAが長期MAを上回り、RSIが許容範囲,取引許可,68.05645073406474,160.06268575817504,160.05995356921105,entry_candidate
94f09c33-7d20-4e7f-b299-341fe4f0b353,2026-06-07 03:35:00+09:00,USDJPY,rule_based_ai_stub,v0.1,uptrend,long,0.65,medium,True,短期MAが長期MAを上回り、RSIが許容範囲,取引許可,55.60535960961484,160.06269441140523,160.06008522878662,entry_candidate
c1da8e0e-cb01-40c8-83e0-345dbd0981f7,2026-06-07 03:40:00+09:00,USDJPY,rule_based_ai_stub,v0.1,uptrend,long,0.65,medium,True,短期MAが長期MAを上回り、RSIが許容範囲,取引許可,58.599934049678396,160.0627581951477,160.06023737401276,entry_candidate
8ff2eca3-3c59-4dba-8255-74bdf52d79fc,2026-06-07 03:45:00+09:00,USDJPY,rule_based_ai_stub,v0.1,uptrend,long,0.65,medium,True,短期MAが長期MAを上回り、RSIが許容範囲,取引許可,57.18796183978935,160.06283849380168,160.06037492520994,entry_candidate
6111e33f-c451-4f5b-94bb-ce7328c6f8f8,2026-06-07 03:50:00+09:00,USDJPY,rule_based_ai_stub,v0.1,uptrend,long,0.65,medium,True,短期MAが長期MAを上回り、RSIが許容範囲,取引許可,51.295537963709776,160.06285190315185,160.06048774248967,entry_candidate
1df65a7b-0a05-4c3c-9e42-4489763d0269,2026-06-07 03:55:00+09:00,USDJPY,rule_based_ai_stub,v0.1,uptrend,long,0.65,medium,True,短期MAが長期MAを上回り、RSIが許容範囲,取引許可,50.60252756320533,160.0628548438265,160.06060625279827,entry_candidate
cfb8b07d-98f7-4139-a801-fb999d98fc52,2026-06-07 04:00:00+09:00,USDJPY,rule_based_ai_stub,v0.1,uptrend,long,0.65,medium,True,短期MAが長期MAを上回り、RSIが許容範囲,取引許可,52.71821555314398,160.06289139245362,160.06074949927117,entry_candidate
bb2cc972-5bd4-4d8a-804c-84ee95bc4380,2026-06-07 04:05:00+09:00,USDJPY,rule_based_ai_stub,v0.1,uptrend,long,0.65,medium,True,短期MAが長期MAを上回り、RSIが許容範囲,取引許可,56.16015312531016,160.0628893978824,160.0608846919566,entry_candidate
be42ed23-ab07-4ecb-846d-7d76747aebe8,2026-06-07 04:10:00+09:00,USDJPY,rule_based_ai_stub,v0.1,uptrend,long,0.65,medium,True,短期MAが長期MAを上回り、RSIが許容範囲,取引許可,54.45013989434795,160.06292578383452,160.06102148202928,entry_candidate
6937c858-6b44-4dfa-b482-8ab689d39d35,2026-06-07 04:15:00+09:00,USDJPY,rule_based_ai_stub,v0.1,uptrend,long,0.65,medium,True,短期MAが長期MAを上回り、RSIが許容範囲,取引許可,47.23226741769925,160.06288683463794,160.0611588858361,entry_candidate
00b2fdf4-0c68-48c7-9fdb-343af6ba1b15,2026-06-07 04:20:00+09:00,USDJPY,rule_based_ai_stub,v0.1,uptrend,long,0.65,medium,True,短期MAが長期MAを上回り、RSIが許容範囲,取引許可,50.01182082141318,160.06276244178056,160.0613056790501,entry_candidate
4a62c26f-ac53-4b1e-aaba-80b73370525e,2026-06-07 04:25:00+09:00,USDJPY,rule_based_ai_stub,v0.1,uptrend,none,0.2,low,False,条件未達,取引許可,39.89896510342869,160.0625978318403,160.06143003877662,wait
a722e33c-b661-444a-a728-0ac43e2f810e,2026-06-07 04:30:00+09:00,USDJPY,rule_based_ai_stub,v0.1,uptrend,long,0.65,medium,True,短期MAが長期MAを上回り、RSIが許容範囲,取引許可,41.60710237049845,160.06262008342944,160.06154694601594,entry_candidate
a3511c80-6750-49be-ac59-039300d84060,2026-06-07 04:35:00+09:00,USDJPY,rule_based_ai_stub,v0.1,uptrend,long,0.65,medium,True,短期MAが長期MAを上回り、RSIが許容範囲,取引許可,40.81276120223604,160.06265661009454,160.0616762734627,entry_candidate
a43bfd5d-e6c5-4c20-8235-356d5e8f931a,2026-06-07 04:40:00+09:00,USDJPY,rule_based_ai_stub,v0.1,uptrend,long,0.65,medium,True,短期MAが長期MAを上回り、RSIが許容範囲,取引許可,56.986726776324055,160.06268914495828,160.06182548322718,entry_candidate
191ed242-cc6a-44cd-97bd-876bafc6b267,2026-06-07 04:45:00+09:00,USDJPY,rule_based_ai_stub,v0.1,uptrend,long,0.65,medium,True,短期MAが長期MAを上回り、RSIが許容範囲,取引許可,66.25358795885796,160.06279888902776,160.06197651124998,entry_candidate
27b3721a-2f61-40ab-b0c6-c1682ca68c9c,2026-06-07 04:50:00+09:00,USDJPY,rule_based_ai_stub,v0.1,uptrend,long,0.65,medium,True,短期MAが長期MAを上回り、RSIが許容範囲,取引許可,65.29137854835719,160.06300851375377,160.06214550514423,entry_candidate
57601f34-b58e-4083-8933-1dec73f73790,2026-06-07 04:55:00+09:00,USDJPY,rule_based_ai_stub,v0.1,uptrend,long,0.65,medium,True,短期MAが長期MAを上回り、RSIが許容範囲,取引許可,62.83936702969769,160.0632217962102,160.06229976583666,entry_candidate
c815041a-a393-4387-9417-96be4155ba15,2026-06-07 05:00:00+09:00,USDJPY,rule_based_ai_stub,v0.1,uptrend,none,0.2,low,False,条件未達,取引許可,70.33513002359912,160.06341323416981,160.06247846192275,wait
695b3768-a0bb-476f-8e2c-57df68768198,2026-06-07 05:05:00+09:00,USDJPY,rule_based_ai_stub,v0.1,uptrend,none,0.2,low,False,条件未達,取引許可,73.7697969595045,160.06357612567072,160.0626496162971,wait
c39dcf82-3064-4576-93fd-0fe96a901a03,2026-06-07 05:10:00+09:00,USDJPY,rule_based_ai_stub,v0.1,uptrend,long,0.65,medium,True,短期MAが長期MAを上回り、RSIが許容範囲,取引許可,64.86262199814688,160.06370577868356,160.06280882804487,entry_candidate
b0f4907a-6fc0-404a-bc86-3e6086e1cb1e,2026-06-07 05:15:00+09:00,USDJPY,rule_based_ai_stub,v0.1,uptrend,long,0.65,medium,True,短期MAが長期MAを上回り、RSIが許容範囲,取引許可,64.05280665296313,160.06386999088105,160.0629570169474,entry_candidate
0e2c31e3-5948-4ae9-b774-4c0a55e299e2,2026-06-07 05:20:00+09:00,USDJPY,rule_based_ai_stub,v0.1,uptrend,long,0.65,medium,True,短期MAが長期MAを上回り、RSIが許容範囲,取引許可,58.36598618610088,160.06399483899642,160.0630657654192,entry_candidate
5f0e1f50-d050-4e2d-967e-4add82b5b6d6,2026-06-07 05:25:00+09:00,USDJPY,rule_based_ai_stub,v0.1,uptrend,long,0.65,medium,True,短期MAが長期MAを上回り、RSIが許容範囲,取引許可,64.53387997487643,160.06422519159045,160.06315114915344,entry_candidate
abc4408c-7b21-4229-82d8-591591f759a2,2026-06-07 05:30:00+09:00,USDJPY,rule_based_ai_stub,v0.1,uptrend,long,0.65,medium,True,短期MAが長期MAを上回り、RSIが許容範囲,取引許可,64.12558276068216,160.06435154453516,160.06321912871323,entry_candidate
d432947f-9c46-42bc-84fe-296b42fd2f66,2026-06-07 05:35:00+09:00,USDJPY,rule_based_ai_stub,v0.1,uptrend,none,0.2,low,False,条件未達,取引許可,70.21130688503783,160.06450407148608,160.06328503099527,wait
c8c9ee05-d065-47f8-87a0-31d132a90143,2026-06-07 05:40:00+09:00,USDJPY,rule_based_ai_stub,v0.1,uptrend,long,0.65,medium,True,短期MAが長期MAを上回り、RSIが許容範囲,取引許可,66.032509095513,160.0646099049046,160.06335241500352,entry_candidate
14cc24ef-32de-4749-bafb-9969f34d8ef9,2026-06-07 05:45:00+09:00,USDJPY,rule_based_ai_stub,v0.1,uptrend,long,0.65,medium,True,短期MAが長期MAを上回り、RSIが許容範囲,取引許可,66.47645524394687,160.0646267272718,160.06342137003375,entry_candidate
d040fc2c-ee84-44d0-b200-9f9f8e170338,2026-06-07 05:50:00+09:00,USDJPY,rule_based_ai_stub,v0.1,uptrend,long,0.65,medium,True,短期MAが長期MAを上回り、RSIが許容範囲,取引許可,64.07523600060932,160.06462296878416,160.0634944618966,entry_candidate
44a73196-4cf2-4f24-9f97-4646cc4bf6d7,2026-06-07 05:55:00+09:00,USDJPY,rule_based_ai_stub,v0.1,uptrend,long,0.65,medium,True,短期MAが長期MAを上回り、RSIが許容範囲,取引許可,53.11809162194403,160.0646170461293,160.06356456205535,entry_candidate
02c43065-a431-4846-bf4f-68ba0f291d43,2026-06-07 06:00:00+09:00,USDJPY,rule_based_ai_stub,v0.1,uptrend,long,0.65,medium,True,短期MAが長期MAを上回り、RSIが許容範囲,取引許可,52.33409026115,160.06463450183486,160.06364637615278,entry_candidate
983d8cb1-f80e-4c2e-837a-3879894f2b01,2026-06-07 06:05:00+09:00,USDJPY,rule_based_ai_stub,v0.1,uptrend,long,0.65,medium,True,短期MAが長期MAを上回り、RSIが許容範囲,取引許可,46.71074187638568,160.06458586833668,160.06368379729662,entry_candidate
6a921a9a-081d-4cb2-ab4f-cc810e22a9a5,2026-06-07 06:10:00+09:00,USDJPY,rule_based_ai_stub,v0.1,uptrend,long,0.65,medium,True,短期MAが長期MAを上回り、RSIが許容範囲,取引許可,44.9153769166347,160.06458873891054,160.06374010047617,entry_candidate
05e8316e-7160-4b55-84ae-690bee2e0714,2026-06-07 06:15:00+09:00,USDJPY,rule_based_ai_stub,v0.1,uptrend,long,0.65,medium,True,短期MAが長期MAを上回り、RSIが許容範囲,取引許可,55.53016933398997,160.06467233797028,160.06380972116307,entry_candidate
2f86bf35-1234-4be3-b1c9-643daa8b2318,2026-06-07 06:20:00+09:00,USDJPY,rule_based_ai_stub,v0.1,uptrend,long,0.65,medium,True,短期MAが長期MAを上回り、RSIが許容範囲,取引許可,55.008041784300325,160.0647648724533,160.06384071774343,entry_candidate
141edf07-b764-4547-9e78-2a8ab627100d,2026-06-07 06:25:00+09:00,USDJPY,rule_based_ai_stub,v0.1,uptrend,long,0.65,medium,True,短期MAが長期MAを上回り、RSIが許容範囲,取引許可,50.128519229706036,160.0647641357184,160.06386238638305,entry_candidate
cf73e1ad-f908-4f5a-b5b6-e5db5e94fefb,2026-06-07 06:30:00+09:00,USDJPY,rule_based_ai_stub,v0.1,uptrend,long,0.65,medium,True,短期MAが長期MAを上回り、RSIが許容範囲,取引許可,58.63100870915852,160.06481232524087,160.06392798440183,entry_candidate
0c447d60-26f4-4046-8ec1-e8c20a0aa80e,2026-06-07 06:35:00+09:00,USDJPY,rule_based_ai_stub,v0.1,uptrend,long,0.65,medium,True,短期MAが長期MAを上回り、RSIが許容範囲,取引許可,53.975014664803524,160.06485943586964,160.06400670581672,entry_candidate
4d1ee0f9-3b85-4283-9110-9e27d53abaa8,2026-06-07 06:40:00+09:00,USDJPY,rule_based_ai_stub,v0.1,uptrend,long,0.65,medium,True,短期MAが長期MAを上回り、RSIが許容範囲,取引許可,58.603352551572314,160.06490991360974,160.06406965449088,entry_candidate
09585f3c-2216-4a8e-b35d-1cf8173418f2,2026-06-07 06:45:00+09:00,USDJPY,rule_based_ai_stub,v0.1,uptrend,long,0.65,medium,True,短期MAが長期MAを上回り、RSIが許容範囲,取引許可,59.90440209041032,160.06499779595507,160.06414113741823,entry_candidate
2c428c4b-1049-47b8-bdca-f048ed7b3a7b,2026-06-07 06:50:00+09:00,USDJPY,rule_based_ai_stub,v0.1,uptrend,long,0.65,medium,True,短期MAが長期MAを上回り、RSIが許容範囲,取引許可,61.38518693409009,160.06508807968376,160.0642398540739,entry_candidate
efc9ce5f-b104-4419-8dda-63e3448a4950,2026-06-07 06:55:00+09:00,USDJPY,rule_based_ai_stub,v0.1,uptrend,long,0.65,medium,True,短期MAが長期MAを上回り、RSIが許容範囲,取引許可,66.99714329873596,160.06525759358738,160.06436547864232,entry_candidate
9a98b473-4c4b-446e-ab3f-6da1701d376a,2026-06-07 07:00:00+09:00,USDJPY,rule_based_ai_stub,v0.1,uptrend,long,0.65,medium,True,短期MAが長期MAを上回り、RSIが許容範囲,取引許可,66.42614448171332,160.06540403355896,160.06448392318788,entry_candidate
aebe69c5-bffa-4bd6-be6d-ef5106d3d6fe,2026-06-07 07:05:00+09:00,USDJPY,rule_based_ai_stub,v0.1,uptrend,long,0.65,medium,True,短期MAが長期MAを上回り、RSIが許容範囲,取引許可,67.97980136090935,160.06560570963182,160.06458923454642,entry_candidate
6a3a9edf-d87c-4aa1-9aa9-54a7dfe3d51b,2026-06-07 07:10:00+09:00,USDJPY,rule_based_ai_stub,v0.1,uptrend,long,0.65,medium,True,短期MAが長期MAを上回り、RSIが許容範囲,取引許可,67.32988447550137,160.06583469541076,160.0647097376683,entry_candidate
576996ec-8928-49f7-951b-0fbbdcf8a88b,2026-06-07 07:15:00+09:00,USDJPY,rule_based_ai_stub,v0.1,uptrend,none,0.2,low,False,条件未達,取引許可,81.98749418278578,160.0660617288365,160.06486801922927,wait
66370606-97d3-4e11-86e1-6f240ff459c9,2026-06-07 07:20:00+09:00,USDJPY,rule_based_ai_stub,v0.1,uptrend,none,0.2,low,False,条件未達,取引許可,80.82001380926015,160.06633214714117,160.06503061953032,wait
a9ab0073-192d-4455-9e49-4e72045b2581,2026-06-07 07:25:00+09:00,USDJPY,rule_based_ai_stub,v0.1,uptrend,long,0.65,medium,True,短期MAが長期MAを上回り、RSIが許容範囲,取引許可,68.53296920085594,160.0665877262291,160.06519235117932,entry_candidate
3992e6b4-1fc6-40ac-b983-faab3283ad86,2026-06-07 07:30:00+09:00,USDJPY,rule_based_ai_stub,v0.1,uptrend,none,0.2,low,False,条件未達,取引許可,79.35902609634995,160.06687296395802,160.06534561124465,wait
78e8ce04-a9d9-482e-83ef-77b8a3711390,2026-06-07 07:35:00+09:00,USDJPY,rule_based_ai_stub,v0.1,uptrend,none,0.2,low,False,条件未達,取引許可,84.30893859545742,160.06714320353964,160.0655022369651,wait
c55fbc85-2496-4a33-973e-c6a496451240,2026-06-07 07:40:00+09:00,USDJPY,rule_based_ai_stub,v0.1,uptrend,long,0.65,medium,True,短期MAが長期MAを上回り、RSIが許容範囲,取引許可,66.30970070833504,160.06728727813905,160.06560236555111,entry_candidate
e533f164-09c9-48ec-8dcf-33ae37f9f57e,2026-06-07 07:45:00+09:00,USDJPY,rule_based_ai_stub,v0.1,uptrend,long,0.65,medium,True,短期MAが長期MAを上回り、RSIが許容範囲,取引許可,68.31338927018942,160.06744926446575,160.0656912625642,entry_candidate
2c2e8d2e-36a9-4feb-b42c-232f92ab3853,2026-06-07 07:50:00+09:00,USDJPY,rule_based_ai_stub,v0.1,uptrend,long,0.65,medium,True,短期MAが長期MAを上回り、RSIが許容範囲,取引許可,64.17738106297031,160.06755274830974,160.06575459892588,entry_candidate
29edff17-d1d7-4168-b137-126dbc8d8513,2026-06-07 07:55:00+09:00,USDJPY,rule_based_ai_stub,v0.1,uptrend,long,0.65,medium,True,短期MAが長期MAを上回り、RSIが許容範囲,取引許可,62.089285949025516,160.0675962204975,160.06582362007143,entry_candidate
600aff67-5af4-4da9-a13f-10f4b6b3279f,2026-06-07 08:00:00+09:00,USDJPY,rule_based_ai_stub,v0.1,uptrend,long,0.65,medium,True,短期MAが長期MAを上回り、RSIが許容範囲,取引許可,61.01119469970825,160.06763580076895,160.0658914453876,entry_candidate
8405914e-30eb-497c-b654-abc9b4b627f8,2026-06-07 08:05:00+09:00,USDJPY,rule_based_ai_stub,v0.1,uptrend,long,0.65,medium,True,短期MAが長期MAを上回り、RSIが許容範囲,取引許可,57.32660247619061,160.06769696890714,160.06596284895855,entry_candidate
cdc315ad-ebac-44fe-8f44-714966cdca34,2026-06-07 08:10:00+09:00,USDJPY,rule_based_ai_stub,v0.1,uptrend,long,0.65,medium,True,短期MAが長期MAを上回り、RSIが許容範囲,取引許可,58.601894811964094,160.06775998095114,160.06606113842415,entry_candidate
01c27eac-1992-4d32-bc7d-51def8342509,2026-06-07 08:15:00+09:00,USDJPY,rule_based_ai_stub,v0.1,uptrend,long,0.65,medium,True,短期MAが長期MAを上回り、RSIが許容範囲,取引許可,57.48822866094323,160.06770622457984,160.06614676379553,entry_candidate
879bd975-0b6a-4500-adb6-045e91bb826b,2026-06-07 08:20:00+09:00,USDJPY,rule_based_ai_stub,v0.1,uptrend,long,0.65,medium,True,短期MAが長期MAを上回り、RSIが許容範囲,取引許可,56.814411531111645,160.06768475518575,160.06626059159342,entry_candidate
a2e51dc2-e2d6-4996-a348-f271b363bd8c,2026-06-07 08:25:00+09:00,USDJPY,rule_based_ai_stub,v0.1,uptrend,long,0.65,medium,True,短期MAが長期MAを上回り、RSIが許容範囲,取引許可,45.3010291142964,160.06769903492304,160.06635029895685,entry_candidate
9d0ee4da-837b-4024-ac03-8caab3934fb3,2026-06-07 08:30:00+09:00,USDJPY,rule_based_ai_stub,v0.1,uptrend,long,0.65,medium,True,短期MAが長期MAを上回り、RSIが許容範囲,取引許可,50.46089990365404,160.06769490115093,160.0664600634499,entry_candidate
7defb7ec-428d-44fa-933d-ef21533b663a,2026-06-07 08:35:00+09:00,USDJPY,rule_based_ai_stub,v0.1,uptrend,long,0.65,medium,True,短期MAが長期MAを上回り、RSIが許容範囲,取引許可,59.61445073912751,160.06772755481117,160.06657673140683,entry_candidate
b9c498f4-b266-4b90-9134-fe9c8a0f1a46,2026-06-07 08:40:00+09:00,USDJPY,rule_based_ai_stub,v0.1,uptrend,long,0.65,medium,True,短期MAが長期MAを上回り、RSIが許容範囲,取引許可,47.82596277216078,160.06782207001365,160.06667308725415,entry_candidate
8346843c-50dd-4a2b-828f-86385b8f1085,2026-06-07 08:45:00+09:00,USDJPY,rule_based_ai_stub,v0.1,uptrend,long,0.65,medium,True,短期MAが長期MAを上回り、RSIが許容範囲,取引許可,54.407340057305795,160.06792851323806,160.0667918578863,entry_candidate
d04edd81-5833-45f5-89bd-b678d4bb9e1c,2026-06-07 08:50:00+09:00,USDJPY,rule_based_ai_stub,v0.1,uptrend,long,0.65,medium,True,短期MAが長期MAを上回り、RSIが許容範囲,取引許可,65.7392310539548,160.0680349246995,160.06689191756433,entry_candidate
bec2213f-6a4b-4b52-9f15-48aafcdd165e,2026-06-07 08:55:00+09:00,USDJPY,rule_based_ai_stub,v0.1,uptrend,long,0.65,medium,True,短期MAが長期MAを上回り、RSIが許容範囲,取引許可,65.56674652798291,160.068186265715,160.0670133599333,entry_candidate
568fec08-31f0-4a0b-8cb7-be64abf7a559,2026-06-07 09:00:00+09:00,USDJPY,rule_based_ai_stub,v0.1,uptrend,none,0.2,low,False,条件未達,取引許可,71.71284742743472,160.06833937207963,160.06712640213584,wait
57972756-1c1b-40b0-b182-57eaca800653,2026-06-07 09:05:00+09:00,USDJPY,rule_based_ai_stub,v0.1,uptrend,none,0.2,low,False,条件未達,取引許可,77.81581976837319,160.0685748626441,160.0672925137277,wait
952d1875-17fb-4550-aa3d-9955f7c00cca,2026-06-07 09:10:00+09:00,USDJPY,rule_based_ai_stub,v0.1,uptrend,none,0.2,low,False,条件未達,取引許可,75.26021496084083,160.0687637073186,160.06745279456015,wait
23e42c95-eefd-40d2-81b9-0f13b65cecaa,2026-06-07 09:15:00+09:00,USDJPY,rule_based_ai_stub,v0.1,uptrend,none,0.2,low,False,条件未達,取引許可,72.06821405331996,160.06895686047184,160.06757493796272,wait
a715a44b-0de5-4b9b-8ab2-3a8eb6ba666c,2026-06-07 09:20:00+09:00,USDJPY,rule_based_ai_stub,v0.1,uptrend,long,0.65,medium,True,短期MAが長期MAを上回り、RSIが許容範囲,取引許可,69.72103114114756,160.06912338735484,160.06771342989393,entry_candidate
85ae41bc-82ad-4f8a-be79-88c7da9f1db9,2026-06-07 09:25:00+09:00,USDJPY,rule_based_ai_stub,v0.1,uptrend,none,0.2,low,False,条件未達,取引許可,70.79451151220513,160.0692877325826,160.06785816457827,wait
7165def6-a2b5-4da4-8f87-bd619135c8f0,2026-06-07 09:30:00+09:00,USDJPY,rule_based_ai_stub,v0.1,uptrend,none,0.2,low,False,条件未達,取引許可,71.73789266063257,160.06945513438143,160.06800766649678,wait
41c7296f-bf56-40ef-aad4-5c150ef6e0b7,2026-06-07 09:35:00+09:00,USDJPY,rule_based_ai_stub,v0.1,uptrend,long,0.65,medium,True,短期MAが長期MAを上回り、RSIが許容範囲,取引許可,62.22983430832103,160.0695109522756,160.06812723687548,entry_candidate
9cc4da4f-e7c9-4f9a-8d25-1e2d8199d511,2026-06-07 09:40:00+09:00,USDJPY,rule_based_ai_stub,v0.1,uptrend,long,0.65,medium,True,短期MAが長期MAを上回り、RSIが許容範囲,取引許可,53.38162391501878,160.06956085798393,160.06822340204556,entry_candidate
5b857ff8-3827-4df0-bb36-ecedfb704cef,2026-06-07 09:45:00+09:00,USDJPY,rule_based_ai_stub,v0.1,uptrend,long,0.65,medium,True,短期MAが長期MAを上回り、RSIが許容範囲,取引許可,45.557458314207906,160.0695030744404,160.06829361738139,entry_candidate
92854cf9-fd6a-4a1a-b897-375053ca113c,2026-06-07 09:50:00+09:00,USDJPY,rule_based_ai_stub,v0.1,uptrend,long,0.65,medium,True,短期MAが長期MAを上回り、RSIが許容範囲,取引許可,54.15978544886499,160.0695196044487,160.068369092486,entry_candidate
8a5b8147-1331-459c-aa47-7a8aba395302,2026-06-07 09:55:00+09:00,USDJPY,rule_based_ai_stub,v0.1,uptrend,long,0.65,medium,True,短期MAが長期MAを上回り、RSIが許容範囲,取引許可,56.62599887319664,160.06958126223572,160.0684545828161,entry_candidate
82e2de82-3c75-4fd1-8415-eec38000431d,2026-06-07 10:00:00+09:00,USDJPY,rule_based_ai_stub,v0.1,uptrend,long,0.65,medium,True,短期MAが長期MAを上回り、RSIが許容範囲,取引許可,58.81184834216894,160.06961933319613,160.06853150201493,entry_candidate
3346cd85-8676-432b-a7f0-2f69f7215530,2026-06-07 10:05:00+09:00,USDJPY,rule_based_ai_stub,v0.1,uptrend,long,0.65,medium,True,短期MAが長期MAを上回り、RSIが許容範囲,取引許可,54.72685675897058,160.06955705388654,160.06860962847927,entry_candidate
7b2eae07-1316-4d9f-a15e-26337dc51538,2026-06-07 10:10:00+09:00,USDJPY,rule_based_ai_stub,v0.1,uptrend,long,0.65,medium,True,短期MAが長期MAを上回り、RSIが許容範囲,取引許可,53.40871332995173,160.06950945048425,160.06867771291797,entry_candidate
20afd576-43ff-47a2-9caa-3f53b5d196c1,2026-06-07 10:15:00+09:00,USDJPY,rule_based_ai_stub,v0.1,uptrend,long,0.65,medium,True,短期MAが長期MAを上回り、RSIが許容範囲,取引許可,50.10321243752026,160.06953740683687,160.0687334972962,entry_candidate
06e57127-e93d-438a-b21c-3b7ef73c1198,2026-06-07 10:20:00+09:00,USDJPY,rule_based_ai_stub,v0.1,uptrend,long,0.65,medium,True,短期MAが長期MAを上回り、RSIが許容範囲,取引許可,46.65797867550618,160.0695199665131,160.06877603635124,entry_candidate
06740455-3083-4005-8a34-00a65d7b243d,2026-06-07 10:25:00+09:00,USDJPY,rule_based_ai_stub,v0.1,uptrend,long,0.65,medium,True,短期MAが長期MAを上回り、RSIが許容範囲,取引許可,49.5249276211204,160.0695296036276,160.06883879037775,entry_candidate
0684480a-226b-42a3-90b3-55fbbfb2f9f1,2026-06-07 10:30:00+09:00,USDJPY,rule_based_ai_stub,v0.1,uptrend,long,0.65,medium,True,短期MAが長期MAを上回り、RSIが許容範囲,取引許可,54.028062040255925,160.06954800352847,160.06889934635362,entry_candidate
c74c1bf3-4583-44d9-b92c-c93cb7f6c2b1,2026-06-07 10:35:00+09:00,USDJPY,rule_based_ai_stub,v0.1,uptrend,long,0.65,medium,True,短期MAが長期MAを上回り、RSIが許容範囲,取引許可,57.480166905053245,160.0696722736683,160.0689702602517,entry_candidate
d9828e91-529f-497b-964b-02498bbbc350,2026-06-07 10:40:00+09:00,USDJPY,rule_based_ai_stub,v0.1,uptrend,long,0.65,medium,True,短期MAが長期MAを上回り、RSIが許容範囲,取引許可,55.07021373117446,160.06985870700987,160.06908054500252,entry_candidate
ee090781-5f42-46c9-a3fe-5121052ba599,2026-06-07 10:45:00+09:00,USDJPY,rule_based_ai_stub,v0.1,uptrend,long,0.65,medium,True,短期MAが長期MAを上回り、RSIが許容範囲,取引許可,68.20651037409621,160.07014858280218,160.0691933901602,entry_candidate
0670daa2-67a0-4394-bcb8-46337f931265,2026-06-07 10:50:00+09:00,USDJPY,rule_based_ai_stub,v0.1,uptrend,long,0.65,medium,True,短期MAが長期MAを上回り、RSIが許容範囲,取引許可,58.70113590409615,160.07025578160022,160.06927010358282,entry_candidate
205d9e02-a297-4bc2-9102-0e04370c75ef,2026-06-07 10:55:00+09:00,USDJPY,rule_based_ai_stub,v0.1,uptrend,long,0.65,medium,True,短期MAが長期MAを上回り、RSIが許容範囲,取引許可,66.57462877200487,160.0703113434956,160.06935962381544,entry_candidate
fb7c2868-548b-4853-a551-ea71d9587f62,2026-06-07 11:00:00+09:00,USDJPY,rule_based_ai_stub,v0.1,uptrend,long,0.65,medium,True,短期MAが長期MAを上回り、RSIが許容範囲,取引許可,59.87017243328604,160.07033942406778,160.06943270978118,entry_candidate
3d8828db-2d8c-4ab8-b95a-6fe131fefc4e,2026-06-07 11:05:00+09:00,USDJPY,rule_based_ai_stub,v0.1,uptrend,long,0.65,medium,True,短期MAが長期MAを上回り、RSIが許容範囲,取引許可,44.0369394584753,160.07028441408127,160.06947211020398,entry_candidate
9e49e4b7-4726-421a-a153-7856ccfb23c9,2026-06-07 11:10:00+09:00,USDJPY,rule_based_ai_stub,v0.1,uptrend,long,0.65,medium,True,短期MAが長期MAを上回り、RSIが許容範囲,取引許可,46.89783076899101,160.07025146161658,160.06950820647316,entry_candidate
b8f912f5-53d1-48ed-b3c6-1cd97f2f7413,2026-06-07 11:15:00+09:00,USDJPY,rule_based_ai_stub,v0.1,uptrend,long,0.65,medium,True,短期MAが長期MAを上回り、RSIが許容範囲,取引許可,53.166778745601846,160.07022909816402,160.06957445515755,entry_candidate
91c318a8-baff-477d-9ce4-88cbe23e0d1f,2026-06-07 11:20:00+09:00,USDJPY,rule_based_ai_stub,v0.1,uptrend,long,0.65,medium,True,短期MAが長期MAを上回り、RSIが許容範囲,取引許可,52.357245114331796,160.07024622994243,160.0696298612701,entry_candidate
d6969962-9b5b-4bc5-b0f1-c6d623709c4d,2026-06-07 11:25:00+09:00,USDJPY,rule_based_ai_stub,v0.1,uptrend,long,0.65,medium,True,短期MAが長期MAを上回り、RSIが許容範囲,取引許可,51.57566949204152,160.07029908699906,160.0697054744031,entry_candidate
9c33d528-f924-49de-9f95-76d3205458ef,2026-06-07 11:30:00+09:00,USDJPY,rule_based_ai_stub,v0.1,uptrend,long,0.65,medium,True,短期MAが長期MAを上回り、RSIが許容範囲,取引許可,60.92657812033544,160.07038379808708,160.06979564533233,entry_candidate
e5deb89a-bbbe-4a5b-bc0e-80eb91b05d47,2026-06-07 11:35:00+09:00,USDJPY,rule_based_ai_stub,v0.1,uptrend,long,0.65,medium,True,短期MAが長期MAを上回り、RSIが許容範囲,取引許可,63.82055744173723,160.07050920018932,160.06989747537776,entry_candidate
8b46395b-c445-4290-9acc-4dca3a6db5d4,2026-06-07 11:40:00+09:00,USDJPY,rule_based_ai_stub,v0.1,uptrend,long,0.65,medium,True,短期MAが長期MAを上回り、RSIが許容範囲,取引許可,65.40286576392266,160.0707071214372,160.07004222881034,entry_candidate
66fd3429-7e14-4fd4-8e1d-48fa4d07e269,2026-06-07 11:45:00+09:00,USDJPY,rule_based_ai_stub,v0.1,uptrend,long,0.65,medium,True,短期MAが長期MAを上回り、RSIが許容範囲,取引許可,65.9429285343712,160.070892096755,160.0701812513325,entry_candidate
4b7277e7-2518-4298-a2d1-0ae3e9605f9d,2026-06-07 11:50:00+09:00,USDJPY,rule_based_ai_stub,v0.1,uptrend,long,0.65,medium,True,短期MAが長期MAを上回り、RSIが許容範囲,取引許可,65.68928428077314,160.07121600536937,160.07033046380607,entry_candidate
14bc3a49-8356-49a2-9165-3f4706df0abb,2026-06-07 11:55:00+09:00,USDJPY,rule_based_ai_stub,v0.1,uptrend,long,0.65,medium,True,短期MAが長期MAを上回り、RSIが許容範囲,取引許可,56.94053969766855,160.0714259219272,160.07043950921948,entry_candidate
5d7753ba-bc9f-4a9f-aea7-4537076016eb,2026-06-07 12:00:00+09:00,USDJPY,rule_based_ai_stub,v0.1,uptrend,long,0.65,medium,True,短期MAが長期MAを上回り、RSIが許容範囲,取引許可,67.3528851290177,160.07165623914474,160.0705383321362,entry_candidate
d7661968-b3f5-4c05-8b3a-350f51648c49,2026-06-07 12:05:00+09:00,USDJPY,rule_based_ai_stub,v0.1,uptrend,long,0.65,medium,True,短期MAが長期MAを上回り、RSIが許容範囲,取引許可,61.57898371589221,160.0719359256774,160.0705924645484,entry_candidate
08487582-4266-42a1-a3e3-d6a5fbcab1f8,2026-06-07 12:10:00+09:00,USDJPY,rule_based_ai_stub,v0.1,uptrend,long,0.65,medium,True,短期MAが長期MAを上回り、RSIが許容範囲,取引許可,69.73413630936912,160.07229859921594,160.07068650377227,entry_candidate
401db92f-a3e5-4708-b605-8e908194e105,2026-06-07 12:15:00+09:00,USDJPY,rule_based_ai_stub,v0.1,uptrend,none,0.2,low,False,条件未達,取引許可,78.30414477352127,160.0725837955366,160.07078343351247,wait
1182908e-1300-4986-bb22-9a300b691414,2026-06-07 12:20:00+09:00,USDJPY,rule_based_ai_stub,v0.1,uptrend,none,0.2,low,False,条件未達,取引許可,77.66040743055947,160.07288202452332,160.07088274032628,wait
85aaf86c-e0bf-46f9-888c-41f59df22127,2026-06-07 12:25:00+09:00,USDJPY,rule_based_ai_stub,v0.1,uptrend,none,0.2,low,False,条件未達,取引許可,76.16161016749794,160.0731601840515,160.07099629155937,wait
05408fe1-9b20-4ce6-b42d-6c87679411e2,2026-06-07 12:30:00+09:00,USDJPY,rule_based_ai_stub,v0.1,uptrend,none,0.2,low,False,条件未達,取引許可,77.03381520666237,160.0733599097891,160.0710972371349,wait
665eda2f-ddd3-4e77-a53c-44a615ed6746,2026-06-07 12:35:00+09:00,USDJPY,rule_based_ai_stub,v0.1,uptrend,none,0.2,low,False,条件未達,取引許可,78.35143614618433,160.073578642356,160.07125337207123,wait
bc550a65-af51-47de-abe1-f18768998155,2026-06-07 12:40:00+09:00,USDJPY,rule_based_ai_stub,v0.1,uptrend,none,0.2,low,False,条件未達,取引許可,71.40587070801334,160.07368424422842,160.07141669089182,wait
947c2c0d-0e86-4814-9d9c-39a16fdfc248,2026-06-07 12:45:00+09:00,USDJPY,rule_based_ai_stub,v0.1,uptrend,long,0.65,medium,True,短期MAが長期MAを上回り、RSIが許容範囲,取引許可,68.43778851306229,160.073762470099,160.07160104988537,entry_candidate
4ae84195-cfd6-4b7f-9e0e-8db956f65d6b,2026-06-07 12:50:00+09:00,USDJPY,rule_based_ai_stub,v0.1,uptrend,long,0.65,medium,True,短期MAが長期MAを上回り、RSIが許容範囲,取引許可,58.09925207764092,160.07379980075834,160.0717571959093,entry_candidate
52a83413-bee3-4d8a-a0d3-bfa79f87edb2,2026-06-07 12:55:00+09:00,USDJPY,rule_based_ai_stub,v0.1,uptrend,long,0.65,medium,True,短期MAが長期MAを上回り、RSIが許容範囲,取引許可,47.76756585511413,160.07385122858275,160.07186283133515,entry_candidate
b3d79124-de7a-472d-a7ed-3028c5e52f14,2026-06-07 13:00:00+09:00,USDJPY,rule_based_ai_stub,v0.1,uptrend,long,0.65,medium,True,短期MAが長期MAを上回り、RSIが許容範囲,取引許可,44.72097225309527,160.07388437107699,160.07196001142984,entry_candidate
455009af-0c1d-4bfe-b163-d01eaaaa8013,2026-06-07 13:05:00+09:00,USDJPY,rule_based_ai_stub,v0.1,uptrend,long,0.65,medium,True,短期MAが長期MAを上回り、RSIが許容範囲,取引許可,52.21025697652151,160.07395782406115,160.07205938793993,entry_candidate
47fa031b-f434-4a4c-b23e-0f6a3d8e8f49,2026-06-07 13:10:00+09:00,USDJPY,rule_based_ai_stub,v0.1,uptrend,long,0.65,medium,True,短期MAが長期MAを上回り、RSIが許容範囲,取引許可,51.20615848062182,160.07390126479822,160.07215044187694,entry_candidate
da3edb58-80c0-4ab5-934f-60bae460f0f0,2026-06-07 13:15:00+09:00,USDJPY,rule_based_ai_stub,v0.1,uptrend,long,0.65,medium,True,短期MAが長期MAを上回り、RSIが許容範囲,取引許可,52.02978045817205,160.0738188787769,160.07221059082585,entry_candidate
1a683d99-fde0-4da8-87b1-42e1b6a17a4a,2026-06-07 13:20:00+09:00,USDJPY,rule_based_ai_stub,v0.1,uptrend,none,0.2,low,False,条件未達,取引許可,31.370025531955264,160.0736600166421,160.07226275703593,wait
1961f377-6afa-4445-8a80-51d8a4a789e0,2026-06-07 13:25:00+09:00,USDJPY,rule_based_ai_stub,v0.1,uptrend,none,0.2,low,False,条件未達,取引許可,31.712989059283146,160.07346942495982,160.07230956533678,wait
e0c201e7-3f4e-4af7-9a9f-932bd3686071,2026-06-07 13:30:00+09:00,USDJPY,rule_based_ai_stub,v0.1,uptrend,none,0.2,low,False,条件未達,取引許可,25.943333030228416,160.07320141713654,160.0723150416709,wait
c281134c-0115-419c-b011-ca92d4726cba,2026-06-07 13:35:00+09:00,USDJPY,rule_based_ai_stub,v0.1,uptrend,none,0.2,low,False,条件未達,取引許可,27.481303730495256,160.07288665955943,160.07232483403493,wait
f4c37b5d-5038-4b81-9d11-2182aaf88baa,2026-06-07 13:40:00+09:00,USDJPY,rule_based_ai_stub,v0.1,uptrend,none,0.2,low,False,条件未達,取引許可,27.760656979187132,160.07260715643804,160.0723328407012,wait
f66aa98a-70bc-4fda-8e23-7800d49b8f1c,2026-06-07 13:45:00+09:00,USDJPY,rule_based_ai_stub,v0.1,downtrend,none,0.2,low,False,条件未達,取引許可,11.08029833388683,160.0722450453689,160.07229987074095,wait
f164bcec-5a80-4b97-8b53-cbcc8107ef19,2026-06-07 13:50:00+09:00,USDJPY,rule_based_ai_stub,v0.1,downtrend,none,0.2,low,False,条件未達,取引許可,11.445967213906727,160.07190459737524,160.07230680116766,wait
ae582e7f-3228-409b-8f8b-36b47aeac801,2026-06-07 13:55:00+09:00,USDJPY,rule_based_ai_stub,v0.1,downtrend,none,0.2,low,False,条件未達,取引許可,8.739141614343566,160.07159254268683,160.07228989773225,wait
86a0c2a5-bb12-4b61-8bf7-fde9843e38d6,2026-06-07 14:00:00+09:00,USDJPY,rule_based_ai_stub,v0.1,downtrend,none,0.2,low,False,条件未達,取引許可,12.579699507389648,160.07132703517848,160.0722892151334,wait
d3cbed20-a6cd-46a4-892f-3bf1855952c3,2026-06-07 14:05:00+09:00,USDJPY,rule_based_ai_stub,v0.1,downtrend,none,0.2,low,False,条件未達,取引許可,26.521414515525606,160.07113040203228,160.0723413839236,wait
8c2460a0-6d05-442c-a469-604dffd94595,2026-06-07 14:10:00+09:00,USDJPY,rule_based_ai_stub,v0.1,downtrend,none,0.2,low,False,条件未達,取引許可,23.461144421838597,160.07086147537385,160.07235377979598,wait
76afe28f-8d1a-4bb5-95f3-5cbf6792423a,2026-06-07 14:15:00+09:00,USDJPY,rule_based_ai_stub,v0.1,downtrend,none,0.2,low,False,条件未達,取引許可,24.415674467291836,160.07063292106832,160.07234519846062,wait
54f2d2bd-0c41-418e-bd0f-78b9a24c2265,2026-06-07 14:20:00+09:00,USDJPY,rule_based_ai_stub,v0.1,downtrend,none,0.2,low,False,条件未達,取引許可,25.02468111347781,160.07046667599624,160.0723362390539,wait
8ee3b62b-0a8b-4654-8d94-3b0b2b037fbe,2026-06-07 14:25:00+09:00,USDJPY,rule_based_ai_stub,v0.1,downtrend,short,0.65,medium,True,短期MAが長期MAを下回り、RSIが許容範囲,取引許可,31.36465794774648,160.07033815320662,160.07232258740598,entry_candidate
2acde5f7-70c6-41ef-891f-f56ace8d50c0,2026-06-07 14:30:00+09:00,USDJPY,rule_based_ai_stub,v0.1,downtrend,short,0.65,medium,True,短期MAが長期MAを下回り、RSIが許容範囲,取引許可,37.52022821239224,160.0702955262671,160.07228561773093,entry_candidate
559e0426-fbaf-48c3-8910-c332ee27fbc3,2026-06-07 14:35:00+09:00,USDJPY,rule_based_ai_stub,v0.1,downtrend,short,0.65,medium,True,短期MAが長期MAを下回り、RSIが許容範囲,取引許可,35.086706883398264,160.07017729806282,160.07221419999274,entry_candidate
acde9258-34e7-4698-b5f0-acc6ad28a739,2026-06-07 14:40:00+09:00,USDJPY,rule_based_ai_stub,v0.1,downtrend,short,0.65,medium,True,短期MAが長期MAを下回り、RSIが許容範囲,取引許可,39.64477136646998,160.0700389951741,160.07211013194683,entry_candidate
4fb06230-3109-4609-8a94-8324f9bc15a7,2026-06-07 14:45:00+09:00,USDJPY,rule_based_ai_stub,v0.1,downtrend,short,0.65,medium,True,短期MAが長期MAを下回り、RSIが許容範囲,取引許可,31.12555009816154,160.0699337685675,160.07198042801178,entry_candidate
6f76ec57-daa6-42a4-99c7-3519d3d5061a,2026-06-07 14:50:00+09:00,USDJPY,rule_based_ai_stub,v0.1,downtrend,short,0.65,medium,True,短期MAが長期MAを下回り、RSIが許容範囲,取引許可,37.88545414038955,160.0698978027717,160.07186740030176,entry_candidate
98cb23b8-a611-4814-9ff6-10e21c02d135,2026-06-07 14:55:00+09:00,USDJPY,rule_based_ai_stub,v0.1,downtrend,short,0.65,medium,True,短期MAが長期MAを下回り、RSIが許容範囲,取引許可,44.4159706035585,160.0699005103786,160.07178142721605,entry_candidate
07c129f8-a0d1-4079-acb5-16e627966b48,2026-06-07 15:00:00+09:00,USDJPY,rule_based_ai_stub,v0.1,downtrend,short,0.65,medium,True,短期MAが長期MAを下回り、RSIが許容範囲,取引許可,55.97609980373802,160.06998231879427,160.07173124168327,entry_candidate
d896e8c3-627a-4da7-8fba-920d34c964d7,2026-06-07 15:05:00+09:00,USDJPY,rule_based_ai_stub,v0.1,downtrend,short,0.65,medium,True,短期MAが長期MAを下回り、RSIが許容範囲,取引許可,59.98553038454515,160.06999407164696,160.07169409924683,entry_candidate
61f1265a-4ac4-4bee-ad15-4354b4ff59bf,2026-06-07 15:10:00+09:00,USDJPY,rule_based_ai_stub,v0.1,downtrend,short,0.65,medium,True,短期MAが長期MAを下回り、RSIが許容範囲,取引許可,54.49769751738258,160.07006416278477,160.07160896765225,entry_candidate
17e5e28f-e4df-49f2-ac74-5457043505b0,2026-06-07 15:15:00+09:00,USDJPY,rule_based_ai_stub,v0.1,downtrend,short,0.65,medium,True,短期MAが長期MAを下回り、RSIが許容範囲,取引許可,40.37559222430256,160.07005281689902,160.07150153891476,entry_candidate
0debe8c9-ef78-4146-af7e-80220988bdad,2026-06-07 15:20:00+09:00,USDJPY,rule_based_ai_stub,v0.1,downtrend,short,0.65,medium,True,短期MAが長期MAを下回り、RSIが許容範囲,取引許可,40.66418243539758,160.0699593206692,160.07136200443585,entry_candidate
93bac3db-5195-4ce7-9d54-620eaab6ef0e,2026-06-07 15:25:00+09:00,USDJPY,rule_based_ai_stub,v0.1,downtrend,short,0.65,medium,True,短期MAが長期MAを下回り、RSIが許容範囲,取引許可,34.44945940095589,160.0697530506384,160.0711868762683,entry_candidate
d375428a-e162-4a10-adb6-31fb5fb9c035,2026-06-07 15:30:00+09:00,USDJPY,rule_based_ai_stub,v0.1,downtrend,short,0.65,medium,True,短期MAが長期MAを下回り、RSIが許容範囲,取引許可,36.469816758623345,160.06954947710878,160.07101547350413,entry_candidate
90e41395-fe8e-4ecb-b3f1-7f3d1f273fff,2026-06-07 15:35:00+09:00,USDJPY,rule_based_ai_stub,v0.1,downtrend,short,0.65,medium,True,短期MAが長期MAを下回り、RSIが許容範囲,取引許可,35.57079435788965,160.0694089382969,160.0708242986397,entry_candidate
d747d749-bf57-4b1c-8127-a0bfbf1dca4d,2026-06-07 15:40:00+09:00,USDJPY,rule_based_ai_stub,v0.1,downtrend,short,0.65,medium,True,短期MAが長期MAを下回り、RSIが許容範囲,取引許可,30.077162926939735,160.06920529264667,160.07061714808626,entry_candidate
7e4c1c77-763b-4d2c-8e70-c2eedbb5b594,2026-06-07 15:45:00+09:00,USDJPY,rule_based_ai_stub,v0.1,downtrend,short,0.65,medium,True,短期MAが長期MAを下回り、RSIが許容範囲,取引許可,36.6809326225394,160.06908620020502,160.0704216713805,entry_candidate
04ed2cfc-af0c-4f0c-95d8-644e995fc2be,2026-06-07 15:50:00+09:00,USDJPY,rule_based_ai_stub,v0.1,downtrend,short,0.65,medium,True,短期MAが長期MAを下回り、RSIが許容範囲,取引許可,36.224017036993246,160.06888915435385,160.0702305181669,entry_candidate
28ecc8b5-bb9a-4c8a-a5f4-c873128aff60,2026-06-07 15:55:00+09:00,USDJPY,rule_based_ai_stub,v0.1,downtrend,short,0.65,medium,True,短期MAが長期MAを下回り、RSIが許容範囲,取引許可,39.30407891954428,160.06869838257083,160.07006381187875,entry_candidate
137dc868-6467-4334-932e-bd312666ab2c,2026-06-07 16:00:00+09:00,USDJPY,rule_based_ai_stub,v0.1,downtrend,short,0.65,medium,True,短期MAが長期MAを下回り、RSIが許容範囲,取引許可,41.79102624629088,160.06849316228494,160.0699341720859,entry_candidate
6b8da934-2209-48a4-92c5-165918ae1979,2026-06-07 16:05:00+09:00,USDJPY,rule_based_ai_stub,v0.1,downtrend,short,0.65,medium,True,短期MAが長期MAを下回り、RSIが許容範囲,取引許可,45.44112509398238,160.06833581700553,160.06982009689494,entry_candidate
919e509b-cd33-4602-b40c-e6f4d9e4fc99,2026-06-07 16:10:00+09:00,USDJPY,rule_based_ai_stub,v0.1,downtrend,short,0.65,medium,True,短期MAが長期MAを下回り、RSIが許容範囲,取引許可,36.000757032012736,160.06820046553207,160.06970870123024,entry_candidate
7b37385b-dc6b-46f6-8fa8-5a7ae11a0619,2026-06-07 16:15:00+09:00,USDJPY,rule_based_ai_stub,v0.1,downtrend,short,0.65,medium,True,短期MAが長期MAを下回り、RSIが許容範囲,取引許可,33.72298919855599,160.06809624016697,160.06959399271145,entry_candidate
7a2a7e83-7b7d-4eeb-953e-62b92ebbb41a,2026-06-07 16:20:00+09:00,USDJPY,rule_based_ai_stub,v0.1,downtrend,short,0.65,medium,True,短期MAが長期MAを下回り、RSIが許容範囲,取引許可,30.38219165562296,160.06797458101565,160.06946685922702,entry_candidate
1d727a19-a448-4905-b911-179af91c8ea8,2026-06-07 16:25:00+09:00,USDJPY,rule_based_ai_stub,v0.1,downtrend,short,0.65,medium,True,短期MAが長期MAを下回り、RSIが許容範囲,取引許可,32.13459857315503,160.06789617099548,160.06932912494688,entry_candidate
f7d7a0f9-c5ae-4bb9-96db-12a15fc07c20,2026-06-07 16:30:00+09:00,USDJPY,rule_based_ai_stub,v0.1,downtrend,short,0.65,medium,True,短期MAが長期MAを下回り、RSIが許容範囲,取引許可,36.33356306858019,160.06779384813083,160.06921295050225,entry_candidate
e4fd7fd4-41cc-4a67-81d6-463c335daa2f,2026-06-07 16:35:00+09:00,USDJPY,rule_based_ai_stub,v0.1,downtrend,short,0.65,medium,True,短期MAが長期MAを下回り、RSIが許容範囲,取引許可,38.205504463628905,160.06761673003868,160.0690676554661,entry_candidate
9827b0cb-7a75-4968-8dde-6a2fbd837e8a,2026-06-07 16:40:00+09:00,USDJPY,rule_based_ai_stub,v0.1,downtrend,short,0.65,medium,True,短期MAが長期MAを下回り、RSIが許容範囲,取引許可,36.2860893134398,160.06751210863322,160.068918798818,entry_candidate
3506dab7-2066-4e79-b7fe-622acfe5f006,2026-06-07 16:45:00+09:00,USDJPY,rule_based_ai_stub,v0.1,downtrend,short,0.65,medium,True,短期MAが長期MAを下回り、RSIが許容範囲,取引許可,33.7813230435424,160.06736657790626,160.0687955155596,entry_candidate
600a0743-b06a-4a89-9dd7-1493f0bd1cb0,2026-06-07 16:50:00+09:00,USDJPY,rule_based_ai_stub,v0.1,downtrend,short,0.65,medium,True,短期MAが長期MAを下回り、RSIが許容範囲,取引許可,38.539613933497726,160.06723395743276,160.0686736381861,entry_candidate
602455b2-acb3-4a08-a9f4-1a8f6ce8deb2,2026-06-07 16:55:00+09:00,USDJPY,rule_based_ai_stub,v0.1,downtrend,none,0.2,low,False,条件未達,取引許可,29.936975700507503,160.06706149717965,160.06855346337636,wait
6750895d-14fc-4325-89b4-37ba00fb0051,2026-06-07 17:00:00+09:00,USDJPY,rule_based_ai_stub,v0.1,downtrend,short,0.65,medium,True,短期MAが長期MAを下回り、RSIが許容範囲,取引許可,32.90799842478802,160.0668168586287,160.06843077990266,entry_candidate
4435c057-1c63-4ed1-b52c-7d2643a30628,2026-06-07 17:05:00+09:00,USDJPY,rule_based_ai_stub,v0.1,downtrend,short,0.65,medium,True,短期MAが長期MAを下回り、RSIが許容範囲,取引許可,35.02248170319854,160.06654947514446,160.06829312126564,entry_candidate
f3907c64-e36a-40bd-aea6-ff06a632815e,2026-06-07 17:10:00+09:00,USDJPY,rule_based_ai_stub,v0.1,downtrend,none,0.2,low,False,条件未達,取引許可,18.73995687627371,160.06624099823873,160.0681685421852,wait
eb94e2e1-4735-45b3-b519-370a3aca5992,2026-06-07 17:15:00+09:00,USDJPY,rule_based_ai_stub,v0.1,downtrend,none,0.2,low,False,条件未達,取引許可,23.220404378959458,160.06604762756325,160.06806556154308,wait
9282fb79-b0b8-4bf5-b93f-5b701085e792,2026-06-07 17:20:00+09:00,USDJPY,rule_based_ai_stub,v0.1,downtrend,none,0.2,low,False,条件未達,取引許可,23.65148960722722,160.06595691825123,160.06796360664535,wait
47ccce50-c2ec-41e9-b786-86584aa6a9fc,2026-06-07 17:25:00+09:00,USDJPY,rule_based_ai_stub,v0.1,downtrend,none,0.2,low,False,条件未達,取引許可,26.465152408504593,160.0659031090863,160.06785077690677,wait
90126633-bf4b-4c82-a5ab-7af14f54ac66,2026-06-07 17:30:00+09:00,USDJPY,rule_based_ai_stub,v0.1,downtrend,short,0.65,medium,True,短期MAが長期MAを下回り、RSIが許容範囲,取引許可,42.36902033977504,160.0658952671545,160.06774619746471,entry_candidate
9faeb7d1-8bfd-4a50-b752-4e1d57f72b63,2026-06-07 17:35:00+09:00,USDJPY,rule_based_ai_stub,v0.1,downtrend,short,0.65,medium,True,短期MAが長期MAを下回り、RSIが許容範囲,取引許可,49.21405552993547,160.0659484450056,160.0676580377804,entry_candidate
61fd3918-1c59-48f2-b21d-bc3b53ab649c,2026-06-07 17:40:00+09:00,USDJPY,rule_based_ai_stub,v0.1,downtrend,short,0.65,medium,True,短期MAが長期MAを下回り、RSIが許容範囲,取引許可,57.35289106941477,160.06605584253677,160.06759108127224,entry_candidate
a5b64ea1-1342-41be-8f57-a501772346a1,2026-06-07 17:45:00+09:00,USDJPY,rule_based_ai_stub,v0.1,downtrend,none,0.2,low,False,条件未達,取引許可,67.81177868864097,160.06617375368208,160.06754217726447,wait
18dc74c6-0601-4980-8768-a69645f8eae4,2026-06-07 17:50:00+09:00,USDJPY,rule_based_ai_stub,v0.1,downtrend,none,0.2,low,False,条件未達,取引許可,63.17810928377787,160.0662722857577,160.06746513251477,wait
c5a08328-5a3b-40a9-b260-0e4b9fde8cb4,2026-06-07 17:55:00+09:00,USDJPY,rule_based_ai_stub,v0.1,downtrend,none,0.2,low,False,条件未達,取引許可,64.60872146773761,160.0664213931386,160.0673937576297,wait
ef835d4d-a235-44db-aff6-e47dbba031de,2026-06-07 18:00:00+09:00,USDJPY,rule_based_ai_stub,v0.1,downtrend,short,0.65,medium,True,短期MAが長期MAを下回り、RSIが許容範囲,取引許可,57.40869644530413,160.0665048814756,160.06727163412972,entry_candidate
1ed1f9eb-3317-4fc9-a8dc-000954b427de,2026-06-07 18:05:00+09:00,USDJPY,rule_based_ai_stub,v0.1,downtrend,none,0.2,low,False,条件未達,取引許可,62.79722175847843,160.0665717007654,160.06715233097177,wait
e238b386-fec6-4e9f-b264-658204aebf31,2026-06-07 18:10:00+09:00,USDJPY,rule_based_ai_stub,v0.1,downtrend,none,0.2,low,False,条件未達,取引許可,61.74885371775294,160.0666913785095,160.06704428076011,wait
365c5522-3e47-43c8-8034-cd8c3236ab6d,2026-06-07 18:15:00+09:00,USDJPY,rule_based_ai_stub,v0.1,downtrend,short,0.65,medium,True,短期MAが長期MAを下回り、RSIが許容範囲,取引許可,57.72712969017061,160.06673010379177,160.06695799050735,entry_candidate
6b95b92b-4367-4488-9371-41cafe031449,2026-06-07 18:20:00+09:00,USDJPY,rule_based_ai_stub,v0.1,downtrend,none,0.2,low,False,条件未達,取引許可,66.48577861538851,160.06676733160506,160.06689961029068,wait
c98cf0b3-6c77-4449-97c4-9699b94e8ffd,2026-06-07 18:25:00+09:00,USDJPY,rule_based_ai_stub,v0.1,downtrend,short,0.65,medium,True,短期MAが長期MAを下回り、RSIが許容範囲,取引許可,41.12784618755805,160.066709524485,160.06683626818892,entry_candidate
8c89e72d-bada-4029-922e-fdfc65451869,2026-06-07 18:30:00+09:00,USDJPY,rule_based_ai_stub,v0.1,downtrend,short,0.65,medium,True,短期MAが長期MAを下回り、RSIが許容範囲,取引許可,38.566260897942314,160.0665888703983,160.06675932856123,entry_candidate
d9ca8531-1e10-43f0-bf41-520683e1a9b7,2026-06-07 18:35:00+09:00,USDJPY,rule_based_ai_stub,v0.1,downtrend,short,0.65,medium,True,短期MAが長期MAを下回り、RSIが許容範囲,取引許可,39.18886996292658,160.06646119775016,160.06667545759814,entry_candidate
19440b33-dc0c-42dd-a1c6-8c5ce2c065e4,2026-06-07 18:40:00+09:00,USDJPY,rule_based_ai_stub,v0.1,downtrend,short,0.65,medium,True,短期MAが長期MAを下回り、RSIが許容範囲,取引許可,34.25077632437139,160.0662938610899,160.06662060408664,entry_candidate
e5f3dc12-731a-4327-b2f9-e23665080a47,2026-06-07 18:45:00+09:00,USDJPY,rule_based_ai_stub,v0.1,downtrend,none,0.2,low,False,条件未達,取引許可,27.4557936705079,160.06606078446433,160.06653370535088,wait
178cf85a-331b-4215-a1a8-d82bec0b068e,2026-06-07 18:50:00+09:00,USDJPY,rule_based_ai_stub,v0.1,downtrend,short,0.65,medium,True,短期MAが長期MAを下回り、RSIが許容範囲,取引許可,30.353008980586083,160.06592161509954,160.06647595276334,entry_candidate
bfbc46c3-081f-4fd8-8e6e-fcd4ad728a47,2026-06-07 18:55:00+09:00,USDJPY,rule_based_ai_stub,v0.1,downtrend,none,0.2,low,False,条件未達,取引許可,24.74602254895653,160.06572106181605,160.0664013173781,wait
4962cb10-849a-4aa7-b8a4-d8bb8212353b,2026-06-07 19:00:00+09:00,USDJPY,rule_based_ai_stub,v0.1,downtrend,short,0.65,medium,True,短期MAが長期MAを下回り、RSIが許容範囲,取引許可,34.89739161480962,160.06562616770302,160.0663159692691,entry_candidate
8b723f15-25db-4306-9779-017d91a2d4a5,2026-06-07 19:05:00+09:00,USDJPY,rule_based_ai_stub,v0.1,downtrend,short,0.65,medium,True,短期MAが長期MAを下回り、RSIが許容範囲,取引許可,35.38181493084676,160.0655472053227,160.06622279374417,entry_candidate
422fb4d0-f193-4901-b151-263b326a2dec,2026-06-07 19:10:00+09:00,USDJPY,rule_based_ai_stub,v0.1,downtrend,short,0.65,medium,True,短期MAが長期MAを下回り、RSIが許容範囲,取引許可,37.49474117991796,160.0654375930765,160.0661233232749,entry_candidate
ba2e83d7-a9f9-441c-94d5-7e743c15b008,2026-06-07 19:15:00+09:00,USDJPY,rule_based_ai_stub,v0.1,downtrend,short,0.65,medium,True,短期MAが長期MAを下回り、RSIが許容範囲,取引許可,47.915340787795984,160.06542715221778,160.06606829452426,entry_candidate
af47347d-90c4-436e-8dc6-273824a4154a,2026-06-07 19:20:00+09:00,USDJPY,rule_based_ai_stub,v0.1,downtrend,short,0.65,medium,True,短期MAが長期MAを下回り、RSIが許容範囲,取引許可,42.93224476917201,160.06536345639302,160.06602923541647,entry_candidate
0b0b327c-d307-4188-a977-a9a622dfdbeb,2026-06-07 19:25:00+09:00,USDJPY,rule_based_ai_stub,v0.1,downtrend,short,0.65,medium,True,短期MAが長期MAを下回り、RSIが許容範囲,取引許可,48.10975795480887,160.0654398107292,160.0660174814335,entry_candidate
c9dc1c48-ed2f-4ff6-904e-a2884595b84b,2026-06-07 19:30:00+09:00,USDJPY,rule_based_ai_stub,v0.1,downtrend,short,0.65,medium,True,短期MAが長期MAを下回り、RSIが許容範囲,取引許可,52.651341637530656,160.06559363042672,160.06602592265983,entry_candidate
6b50936e-9e2c-4792-be2a-6ca985268c2c,2026-06-07 19:35:00+09:00,USDJPY,rule_based_ai_stub,v0.1,downtrend,short,0.65,medium,True,短期MAが長期MAを下回り、RSIが許容範囲,取引許可,58.15065777825462,160.06570927686872,160.06603963987482,entry_candidate
eb79b121-1433-4f2b-8e12-211f85e86b67,2026-06-07 19:40:00+09:00,USDJPY,rule_based_ai_stub,v0.1,downtrend,none,0.2,low,False,条件未達,取引許可,65.35875866580668,160.0658865537561,160.06607875246092,wait
7ae868ca-18ee-441f-8ac7-afc674ad91db,2026-06-07 19:45:00+09:00,USDJPY,rule_based_ai_stub,v0.1,downtrend,none,0.2,low,False,条件未達,取引許可,63.84678244078021,160.06610271207478,160.06611241674037,wait
177bf0a0-1cd1-4f73-bb2e-4458077f6f7e,2026-06-07 19:50:00+09:00,USDJPY,rule_based_ai_stub,v0.1,uptrend,long,0.65,medium,True,短期MAが長期MAを上回り、RSIが許容範囲,取引許可,64.21278733016237,160.06627001968292,160.06615464018006,entry_candidate
83336927-ed74-4a0a-bcc4-75e1562830a2,2026-06-07 19:55:00+09:00,USDJPY,rule_based_ai_stub,v0.1,uptrend,none,0.2,low,False,条件未達,取引許可,70.4528387548834,160.0664936521254,160.06621203569338,wait
aa095d8d-0bca-4863-b1a6-02ee1ac65f23,2026-06-07 20:00:00+09:00,USDJPY,rule_based_ai_stub,v0.1,uptrend,long,0.65,medium,True,短期MAが長期MAを上回り、RSIが許容範囲,取引許可,66.18789974046858,160.0666620962708,160.06626438181644,entry_candidate
5124ac1f-5022-48f8-b8e5-f99bd38d923a,2026-06-07 20:05:00+09:00,USDJPY,rule_based_ai_stub,v0.1,uptrend,none,0.2,low,False,条件未達,取引許可,73.98077121304777,160.0668497211117,160.06632287573328,wait
79fb49bb-c766-492f-9d6d-b508503a7b9f,2026-06-07 20:10:00+09:00,USDJPY,rule_based_ai_stub,v0.1,uptrend,none,0.2,low,False,条件未達,取引許可,73.55003100554606,160.06710933175415,160.06641276778006,wait
df3f6ce6-edcf-4914-83a6-5db4ed2657eb,2026-06-07 20:15:00+09:00,USDJPY,rule_based_ai_stub,v0.1,uptrend,long,0.65,medium,True,短期MAが長期MAを上回り、RSIが許容範囲,取引許可,61.876567062491695,160.06719275025333,160.06645000208763,entry_candidate
5a5f08f2-a2de-4a83-9a38-037b048f634b,2026-06-07 20:20:00+09:00,USDJPY,rule_based_ai_stub,v0.1,uptrend,long,0.65,medium,True,短期MAが長期MAを上回り、RSIが許容範囲,取引許可,68.96012145860807,160.06740106760626,160.06651061853478,entry_candidate
ffde64fc-996e-4dc3-b335-15efc5bd416b,2026-06-07 20:25:00+09:00,USDJPY,rule_based_ai_stub,v0.1,uptrend,long,0.65,medium,True,短期MAが長期MAを上回り、RSIが許容範囲,取引許可,55.390237244755745,160.06748030265106,160.06654321262172,entry_candidate
c1c0a818-d06e-460b-8830-749d38a9081e,2026-06-07 20:30:00+09:00,USDJPY,rule_based_ai_stub,v0.1,uptrend,long,0.65,medium,True,短期MAが長期MAを上回り、RSIが許容範囲,取引許可,64.46986330619174,160.0675611358902,160.06658121223842,entry_candidate
4b8eee10-ea4e-4cc0-96d0-873c314f86e2,2026-06-07 20:35:00+09:00,USDJPY,rule_based_ai_stub,v0.1,uptrend,long,0.65,medium,True,短期MAが長期MAを上回り、RSIが許容範囲,取引許可,65.05780389692274,160.06773183539661,160.0666341033385,entry_candidate
3315c448-f917-402e-994c-dd329ea3eaf8,2026-06-07 20:40:00+09:00,USDJPY,rule_based_ai_stub,v0.1,uptrend,long,0.65,medium,True,短期MAが長期MAを上回り、RSIが許容範囲,取引許可,56.68960781675973,160.06777836331653,160.0666529260542,entry_candidate
8d3d26d8-371d-4838-939b-82425f832ecd,2026-06-07 20:45:00+09:00,USDJPY,rule_based_ai_stub,v0.1,uptrend,long,0.65,medium,True,短期MAが長期MAを上回り、RSIが許容範囲,取引許可,57.88316209180134,160.06781685284776,160.0666601164623,entry_candidate
4cbcdf1b-04df-4802-8815-62bebef63786,2026-06-07 20:50:00+09:00,USDJPY,rule_based_ai_stub,v0.1,uptrend,long,0.65,medium,True,短期MAが長期MAを上回り、RSIが許容範囲,取引許可,47.70117362083371,160.06778562246413,160.06665908574885,entry_candidate
8508be63-9050-4f1c-970a-8de1e78c51ee,2026-06-07 20:55:00+09:00,USDJPY,rule_based_ai_stub,v0.1,uptrend,long,0.65,medium,True,短期MAが長期MAを上回り、RSIが許容範囲,取引許可,47.84097977150589,160.06773062993705,160.0666484479595,entry_candidate
89f30702-c08d-4a67-82cb-eac0e76572e6,2026-06-07 21:00:00+09:00,USDJPY,rule_based_ai_stub,v0.1,uptrend,long,0.65,medium,True,短期MAが長期MAを上回り、RSIが許容範囲,取引許可,45.34599370695786,160.0676669511328,160.06665173836885,entry_candidate
dc91c74f-0f28-47ed-8574-b7a55eb63c10,2026-06-07 21:05:00+09:00,USDJPY,rule_based_ai_stub,v0.1,uptrend,long,0.65,medium,True,短期MAが長期MAを上回り、RSIが許容範囲,取引許可,47.61852891985474,160.0676017149415,160.06666621379202,entry_candidate
c0a5d095-b21c-4273-9594-8f01fba86024,2026-06-07 21:10:00+09:00,USDJPY,rule_based_ai_stub,v0.1,uptrend,long,0.65,medium,True,短期MAが長期MAを上回り、RSIが許容範囲,取引許可,53.10134506995503,160.06756231975152,160.0667030815274,entry_candidate
f3a88e49-ac63-43d5-ac67-bcc380825f08,2026-06-07 21:15:00+09:00,USDJPY,rule_based_ai_stub,v0.1,uptrend,long,0.65,medium,True,短期MAが長期MAを上回り、RSIが許容範囲,取引許可,55.021640203504326,160.06768013535074,160.06676667927394,entry_candidate
0b9ed6b6-1642-4bb0-81dd-b38926215508,2026-06-07 21:20:00+09:00,USDJPY,rule_based_ai_stub,v0.1,uptrend,long,0.65,medium,True,短期MAが長期MAを上回り、RSIが許容範囲,取引許可,50.281554512096506,160.06770462553644,160.06682304984523,entry_candidate
edb91e4e-26d3-4ce0-8751-6ba657a3ae27,2026-06-07 21:25:00+09:00,USDJPY,rule_based_ai_stub,v0.1,uptrend,long,0.65,medium,True,短期MAが長期MAを上回り、RSIが許容範囲,取引許可,56.48327357582159,160.0678017792279,160.06690729753606,entry_candidate
547aa55b-e756-449b-9319-b0f787a82dad,2026-06-07 21:30:00+09:00,USDJPY,rule_based_ai_stub,v0.1,uptrend,long,0.65,medium,True,短期MAが長期MAを上回り、RSIが許容範囲,取引許可,44.661144653944866,160.06776313369951,160.06697263333882,entry_candidate
cac1601b-7047-4b31-848a-2d96190cd0e5,2026-06-07 21:35:00+09:00,USDJPY,rule_based_ai_stub,v0.1,uptrend,long,0.65,medium,True,短期MAが長期MAを上回り、RSIが許容範囲,取引許可,47.857444407521726,160.06762785941098,160.06702299055874,entry_candidate
5511e23e-8d66-4f15-a21e-7d5bf2624244,2026-06-07 21:40:00+09:00,USDJPY,rule_based_ai_stub,v0.1,uptrend,long,0.65,medium,True,短期MAが長期MAを上回り、RSIが許容範囲,取引許可,47.56086717337821,160.0675953760256,160.06708676436608,entry_candidate
a49a819a-7d2d-4d12-8d0b-94ffdd866acd,2026-06-07 21:45:00+09:00,USDJPY,rule_based_ai_stub,v0.1,uptrend,long,0.65,medium,True,短期MAが長期MAを上回り、RSIが許容範囲,取引許可,49.629887660623524,160.06766421249577,160.0671945924728,entry_candidate
a430f240-8cac-4245-9433-c6ad399ac0ba,2026-06-07 21:50:00+09:00,USDJPY,rule_based_ai_stub,v0.1,uptrend,long,0.65,medium,True,短期MAが長期MAを上回り、RSIが許容範囲,取引許可,49.06214493714944,160.0677266167558,160.06726075296763,entry_candidate
2cb7e7bc-0326-4a79-abcd-a6fe34281213,2026-06-07 21:55:00+09:00,USDJPY,rule_based_ai_stub,v0.1,uptrend,long,0.65,medium,True,短期MAが長期MAを上回り、RSIが許容範囲,取引許可,48.361262342910145,160.0677701438544,160.0673314753056,entry_candidate
fbaf06d6-759f-4efe-b25f-09b4afe300af,2026-06-07 22:00:00+09:00,USDJPY,rule_based_ai_stub,v0.1,uptrend,long,0.65,medium,True,短期MAが長期MAを上回り、RSIが許容範囲,取引許可,52.846905384684256,160.06782775237932,160.06738559992763,entry_candidate
76f86d0e-f06f-45c9-80db-ce6eaf22a146,2026-06-07 22:05:00+09:00,USDJPY,rule_based_ai_stub,v0.1,uptrend,long,0.65,medium,True,短期MAが長期MAを上回り、RSIが許容範囲,取引許可,54.93244080255876,160.06786038593557,160.06743727399626,entry_candidate
a5584cb0-1626-4d84-a6a3-909a0ba59752,2026-06-07 22:10:00+09:00,USDJPY,rule_based_ai_stub,v0.1,uptrend,long,0.65,medium,True,短期MAが長期MAを上回り、RSIが許容範囲,取引許可,52.68077026001867,160.06778702387854,160.06748622512808,entry_candidate
5d5c94ff-e86d-4777-be24-000145bc3190,2026-06-07 22:15:00+09:00,USDJPY,rule_based_ai_stub,v0.1,uptrend,long,0.65,medium,True,短期MAが長期MAを上回り、RSIが許容範囲,取引許可,51.26448160653206,160.06766508068318,160.0675126554291,entry_candidate
2ac59d63-7294-45e7-ae69-ffb7ee0b90da,2026-06-07 22:20:00+09:00,USDJPY,rule_based_ai_stub,v0.1,downtrend,short,0.65,medium,True,短期MAが長期MAを下回り、RSIが許容範囲,取引許可,43.262730148769556,160.06754755392183,160.0675510823548,entry_candidate
9694064e-f942-41aa-8774-706d15e69389,2026-06-07 22:25:00+09:00,USDJPY,rule_based_ai_stub,v0.1,downtrend,short,0.65,medium,True,短期MAが長期MAを下回り、RSIが許容範囲,取引許可,34.92941857487166,160.06743976564056,160.06757394917318,entry_candidate
0c17b56f-1263-42ed-85c4-37d1cb9ce7bc,2026-06-07 22:30:00+09:00,USDJPY,rule_based_ai_stub,v0.1,downtrend,short,0.65,medium,True,短期MAが長期MAを下回り、RSIが許容範囲,取引許可,40.71893600015858,160.06744346348137,160.067589244357,entry_candidate
f9a05ef4-7d3d-4abf-bf7d-8e27d4b4cf1f,2026-06-07 22:35:00+09:00,USDJPY,rule_based_ai_stub,v0.1,downtrend,short,0.65,medium,True,短期MAが長期MAを下回り、RSIが許容範囲,取引許可,41.693588972400086,160.067487775939,160.06761582358217,entry_candidate
c75806d3-04c2-4747-aa1f-f40dc534c2b3,2026-06-07 22:40:00+09:00,USDJPY,rule_based_ai_stub,v0.1,downtrend,short,0.65,medium,True,短期MAが長期MAを下回り、RSIが許容範囲,取引許可,48.032917494390595,160.06746202652036,160.06761192195415,entry_candidate
c734ce27-fcbb-4b22-b69d-b6b51c89c3e5,2026-06-07 22:45:00+09:00,USDJPY,rule_based_ai_stub,v0.1,downtrend,short,0.65,medium,True,短期MAが長期MAを下回り、RSIが許容範囲,取引許可,52.48873085336327,160.06735001747043,160.06761036093798,entry_candidate
a4fb9fe7-5996-4233-b5b1-04c3c2beade1,2026-06-07 22:50:00+09:00,USDJPY,rule_based_ai_stub,v0.1,downtrend,short,0.65,medium,True,短期MAが長期MAを下回り、RSIが許容範囲,取引許可,44.847984097670015,160.06729530771608,160.06760251564532,entry_candidate
3d47b7b7-fd74-45f7-99fd-9641e69cc231,2026-06-07 22:55:00+09:00,USDJPY,rule_based_ai_stub,v0.1,downtrend,none,0.2,low,False,条件未達,取引許可,24.936042438667414,160.0672517206232,160.06758416480486,wait
d5bf9ad0-34ef-4fc3-9c50-499ddbbcad27,2026-06-07 23:00:00+09:00,USDJPY,rule_based_ai_stub,v0.1,downtrend,short,0.65,medium,True,短期MAが長期MAを下回り、RSIが許容範囲,取引許可,30.539546269221546,160.06719651401508,160.0675637391757,entry_candidate
ef37a6df-32f7-4988-8395-02d646fa5183,2026-06-07 23:05:00+09:00,USDJPY,rule_based_ai_stub,v0.1,downtrend,short,0.65,medium,True,短期MAが長期MAを下回り、RSIが許容範囲,取引許可,54.659550157814124,160.0672072317075,160.06755644419485,entry_candidate
61f9c239-53de-4d0e-977f-0c6271248e6c,2026-06-07 23:10:00+09:00,USDJPY,rule_based_ai_stub,v0.1,downtrend,short,0.65,medium,True,短期MAが長期MAを下回り、RSIが許容範囲,取引許可,59.15138292685509,160.06728647554834,160.06754527305944,entry_candidate
06d7cc25-a0ac-42b0-b89c-566414ab3a82,2026-06-07 23:15:00+09:00,USDJPY,rule_based_ai_stub,v0.1,downtrend,short,0.65,medium,True,短期MAが長期MAを下回り、RSIが許容範囲,取引許可,54.32606369287276,160.06732974232105,160.06755831945165,entry_candidate
28609658-1810-4a87-84d9-ac48e013d291,2026-06-07 23:20:00+09:00,USDJPY,rule_based_ai_stub,v0.1,downtrend,none,0.2,low,False,条件未達,取引許可,67.25835914574748,160.06743154878131,160.06756124274654,wait
caf19b0f-84c6-4300-9eda-5855d92c0f80,2026-06-07 23:25:00+09:00,USDJPY,rule_based_ai_stub,v0.1,downtrend,none,0.2,low,False,条件未達,取引許可,61.01483478519622,160.06751738688067,160.06758631058307,wait
e5bef66a-dbfb-4273-9982-101697096d3b,2026-06-07 23:30:00+09:00,USDJPY,rule_based_ai_stub,v0.1,uptrend,none,0.2,low,False,条件未達,取引許可,72.51240819246408,160.0676345669995,160.06761372139346,wait
5da8283a-ea3f-4d7f-aedb-bae783bd688d,2026-06-07 23:35:00+09:00,USDJPY,rule_based_ai_stub,v0.1,uptrend,none,0.2,low,False,条件未達,取引許可,74.05494506656905,160.0677699081144,160.06762851448812,wait
ad93f355-c334-44cd-95ea-42eb28394aef,2026-06-07 23:40:00+09:00,USDJPY,rule_based_ai_stub,v0.1,uptrend,none,0.2,low,False,条件未達,取引許可,70.7094782859312,160.0679217034167,160.06765970198754,wait
dc00309d-5a29-47aa-96aa-1c436052064c,2026-06-07 23:45:00+09:00,USDJPY,rule_based_ai_stub,v0.1,uptrend,none,0.2,low,False,条件未達,取引許可,72.60657466159992,160.0681013650554,160.06770519834052,wait
e900e850-d7a4-42bc-8b80-18c15e16109f,2026-06-07 23:50:00+09:00,USDJPY,rule_based_ai_stub,v0.1,uptrend,long,0.65,medium,True,短期MAが長期MAを上回り、RSIが許容範囲,取引許可,62.242686448436864,160.06820690103453,160.0677429418355,entry_candidate
97267b70-4979-44e1-91ae-38178c354f1b,2026-06-07 23:55:00+09:00,USDJPY,rule_based_ai_stub,v0.1,uptrend,long,0.65,medium,True,短期MAが長期MAを上回り、RSIが許容範囲,取引許可,55.180777833596395,160.06827459919168,160.06776548788977,entry_candidate
929c9fb7-7ff9-4c5e-8569-ffe316bc8a5e,2026-06-08 00:00:00+09:00,USDJPY,rule_based_ai_stub,v0.1,uptrend,long,0.65,medium,True,短期MAが長期MAを上回り、RSIが許容範囲,取引許可,49.122998141587075,160.06829554090166,160.0677732690987,entry_candidate
c2d537f6-bdbb-4e04-bffe-faccea9bf7d0,2026-06-08 00:05:00+09:00,USDJPY,rule_based_ai_stub,v0.1,uptrend,long,0.65,medium,True,短期MAが長期MAを上回り、RSIが許容範囲,取引許可,51.70252847828765,160.06824369740784,160.0677704383503,entry_candidate
edcfa020-e7eb-49e5-a129-598933bf1982,2026-06-08 00:10:00+09:00,USDJPY,rule_based_ai_stub,v0.1,uptrend,long,0.65,medium,True,短期MAが長期MAを上回り、RSIが許容範囲,取引許可,60.2232625536833,160.06825043369162,160.06777464437283,entry_candidate
6072b9ca-3853-4e8e-ac98-4d598be320d6,2026-06-08 00:15:00+09:00,USDJPY,rule_based_ai_stub,v0.1,uptrend,long,0.65,medium,True,短期MAが長期MAを上回り、RSIが許容範囲,取引許可,62.317434776076276,160.06838350899858,160.06779277733426,entry_candidate
66ac0963-c04e-4220-b50a-75c95334867b,2026-06-08 00:20:00+09:00,USDJPY,rule_based_ai_stub,v0.1,uptrend,long,0.65,medium,True,短期MAが長期MAを上回り、RSIが許容範囲,取引許可,62.557767032175015,160.06851363914038,160.06783091394786,entry_candidate
b54cec1a-9bfb-41e7-b30a-89484a9e6205,2026-06-08 00:25:00+09:00,USDJPY,rule_based_ai_stub,v0.1,uptrend,long,0.65,medium,True,短期MAが長期MAを上回り、RSIが許容範囲,取引許可,65.54328373367515,160.06868550248043,160.06788088500056,entry_candidate
5a24c7c4-6d0d-4c06-bf41-128b8f5c8e83,2026-06-08 00:30:00+09:00,USDJPY,rule_based_ai_stub,v0.1,uptrend,long,0.65,medium,True,短期MAが長期MAを上回り、RSIが許容範囲,取引許可,54.98284374928732,160.06870865670192,160.06792889572756,entry_candidate
4bdd57a2-0847-41ab-ac04-3093c5f7b649,2026-06-08 00:35:00+09:00,USDJPY,rule_based_ai_stub,v0.1,uptrend,long,0.65,medium,True,短期MAが長期MAを上回り、RSIが許容範囲,取引許可,54.13922472727518,160.06868619512377,160.06798129305903,entry_candidate
2a815a0d-7a3b-4bc1-9826-af2473e78e21,2026-06-08 00:40:00+09:00,USDJPY,rule_based_ai_stub,v0.1,uptrend,long,0.65,medium,True,短期MAが長期MAを上回り、RSIが許容範囲,取引許可,46.839177722476904,160.06862970946526,160.06800447980078,entry_candidate
1247a2b5-02c1-49ca-97f5-fffa6d3f7a35,2026-06-08 00:45:00+09:00,USDJPY,rule_based_ai_stub,v0.1,uptrend,long,0.65,medium,True,短期MAが長期MAを上回り、RSIが許容範囲,取引許可,43.197775323949315,160.06851979558053,160.06799039270211,entry_candidate
66c2acdd-d8b9-4936-a15d-62ee695c5a8a,2026-06-08 00:50:00+09:00,USDJPY,rule_based_ai_stub,v0.1,uptrend,long,0.65,medium,True,短期MAが長期MAを上回り、RSIが許容範囲,取引許可,43.002688997303856,160.06848001831247,160.0679940756877,entry_candidate
d0645af2-e16a-4d14-a71f-05df8f334dfc,2026-06-08 00:55:00+09:00,USDJPY,rule_based_ai_stub,v0.1,uptrend,none,0.2,low,False,条件未達,取引許可,39.582014163049486,160.06847297488898,160.06799976490132,wait
949ff4c7-486d-4f1b-83b7-7da9be1a8654,2026-06-08 01:00:00+09:00,USDJPY,rule_based_ai_stub,v0.1,uptrend,none,0.2,low,False,条件未達,取引許可,38.41659285890358,160.06842666272527,160.06797290588068,wait
3c999ac1-3501-4ab4-adb7-65b99635a289,2026-06-08 01:05:00+09:00,USDJPY,rule_based_ai_stub,v0.1,uptrend,long,0.65,medium,True,短期MAが長期MAを上回り、RSIが許容範囲,取引許可,45.050571267887065,160.06841059891966,160.06795384267832,entry_candidate
d8193d37-258d-4cf3-ab6e-0dda0ef6a6d3,2026-06-08 01:10:00+09:00,USDJPY,rule_based_ai_stub,v0.1,uptrend,long,0.65,medium,True,短期MAが長期MAを上回り、RSIが許容範囲,取引許可,45.45783497934987,160.06825427221276,160.06793039381756,entry_candidate
85f4411e-6386-47d6-88a4-7ad6ddb2f143,2026-06-08 01:15:00+09:00,USDJPY,rule_based_ai_stub,v0.1,uptrend,long,0.65,medium,True,短期MAが長期MAを上回り、RSIが許容範囲,取引許可,45.84688380115204,160.06799834284178,160.06790386472045,entry_candidate
113e5821-d473-42c6-8981-526f7357c971,2026-06-08 01:20:00+09:00,USDJPY,rule_based_ai_stub,v0.1,downtrend,short,0.65,medium,True,短期MAが長期MAを下回り、RSIが許容範囲,取引許可,47.1831041353389,160.0678142150492,160.06791980099032,entry_candidate
e665e831-19f4-4d98-a44e-67ecfc2b1bae,2026-06-08 01:25:00+09:00,USDJPY,rule_based_ai_stub,v0.1,downtrend,short,0.65,medium,True,短期MAが長期MAを下回り、RSIが許容範囲,取引許可,34.27462259794471,160.0675590758033,160.06792065505476,entry_candidate
8ee73d12-306d-486e-8294-5e0067c87488,2026-06-08 01:30:00+09:00,USDJPY,rule_based_ai_stub,v0.1,downtrend,none,0.2,low,False,条件未達,取引許可,25.27619610311156,160.06726747506795,160.06787023292313,wait
61ca3066-0c3e-4c8a-abf9-06255147f5f0,2026-06-08 01:35:00+09:00,USDJPY,rule_based_ai_stub,v0.1,downtrend,none,0.2,low,False,条件未達,取引許可,22.052669638000637,160.06698870781153,160.06781493701658,wait
54632451-2189-4c98-93af-fecd708ed1a2,2026-06-08 01:40:00+09:00,USDJPY,rule_based_ai_stub,v0.1,downtrend,short,0.65,medium,True,短期MAが長期MAを下回り、RSIが許容範囲,取引許可,31.461364135509626,160.06680437772442,160.06778526353546,entry_candidate
19713110-5b05-47f0-a72b-0e8349a0eb1b,2026-06-08 01:45:00+09:00,USDJPY,rule_based_ai_stub,v0.1,downtrend,short,0.65,medium,True,短期MAが長期MAを下回り、RSIが許容範囲,取引許可,41.66344138894249,160.06674900738994,160.06779005600865,entry_candidate
b61da3ec-a055-41a0-803b-2d2985054ec4,2026-06-08 01:50:00+09:00,USDJPY,rule_based_ai_stub,v0.1,downtrend,short,0.65,medium,True,短期MAが長期MAを下回り、RSIが許容範囲,取引許可,40.4629973492168,160.0666405667667,160.06777582870458,entry_candidate
918f2998-3e04-432b-84f6-4b5d1a2bd91e,2026-06-08 01:55:00+09:00,USDJPY,rule_based_ai_stub,v0.1,downtrend,short,0.65,medium,True,短期MAが長期MAを下回り、RSIが許容範囲,取引許可,44.07232328241756,160.06658056563347,160.0677760465714,entry_candidate
051be10a-fbc4-4c81-b628-25848146138d,2026-06-08 02:00:00+09:00,USDJPY,rule_based_ai_stub,v0.1,downtrend,short,0.65,medium,True,短期MAが長期MAを下回り、RSIが許容範囲,取引許可,43.22946492714174,160.06659626396794,160.06777282253162,entry_candidate
d060eafa-ba11-438f-837f-558b7c41c2c1,2026-06-08 02:05:00+09:00,USDJPY,rule_based_ai_stub,v0.1,downtrend,short,0.65,medium,True,短期MAが長期MAを下回り、RSIが許容範囲,取引許可,44.27268091905138,160.06656926937188,160.06774118856646,entry_candidate
1f8af5b0-cb76-4d54-9415-52d3bf93e927,2026-06-08 02:10:00+09:00,USDJPY,rule_based_ai_stub,v0.1,downtrend,short,0.65,medium,True,短期MAが長期MAを下回り、RSIが許容範囲,取引許可,59.09119856862334,160.06672812909446,160.06774427833295,entry_candidate
b0a8311a-62e6-4fc8-b4f5-8ea702ff7261,2026-06-08 02:15:00+09:00,USDJPY,rule_based_ai_stub,v0.1,downtrend,short,0.65,medium,True,短期MAが長期MAを下回り、RSIが許容範囲,取引許可,51.91295087863219,160.0667998779574,160.06772724326595,entry_candidate
4edc44b4-b0c1-4a42-b183-1aa846217fcf,2026-06-08 02:20:00+09:00,USDJPY,rule_based_ai_stub,v0.1,downtrend,short,0.65,medium,True,短期MAが長期MAを下回り、RSIが許容範囲,取引許可,56.203937373442486,160.06678060966996,160.06770282128653,entry_candidate
34bfd710-0654-4b0e-9c34-4e78c74c2e37,2026-06-08 02:25:00+09:00,USDJPY,rule_based_ai_stub,v0.1,downtrend,short,0.65,medium,True,短期MAが長期MAを下回り、RSIが許容範囲,取引許可,56.82787557054031,160.06683069527065,160.06769175785146,entry_candidate
bf22e068-4ba0-45ea-ae7e-f14f15f524db,2026-06-08 02:30:00+09:00,USDJPY,rule_based_ai_stub,v0.1,downtrend,short,0.65,medium,True,短期MAが長期MAを下回り、RSIが許容範囲,取引許可,53.99230801328781,160.06706158456373,160.06767923877788,entry_candidate
c4700011-510e-4a2e-a842-ee8ec454254b,2026-06-08 02:35:00+09:00,USDJPY,rule_based_ai_stub,v0.1,downtrend,short,0.65,medium,True,短期MAが長期MAを下回り、RSIが許容範囲,取引許可,57.780425368064584,160.0673116732256,160.06766219205363,entry_candidate
9c354a80-d4a9-421c-944d-ad467f14f2ce,2026-06-08 02:40:00+09:00,USDJPY,rule_based_ai_stub,v0.1,downtrend,none,0.2,low,False,条件未達,取引許可,70.94917582944632,160.06752211643268,160.06765206787412,wait
becd5e3c-bd50-474a-a737-d04154717dca,2026-06-08 02:45:00+09:00,USDJPY,rule_based_ai_stub,v0.1,downtrend,none,0.2,low,False,条件未達,取引許可,70.33357414606127,160.0676150598387,160.06762795426974,wait
d8c63143-5b4b-4e3b-8b73-13058a20c295,2026-06-08 02:50:00+09:00,USDJPY,rule_based_ai_stub,v0.1,uptrend,long,0.65,medium,True,短期MAが長期MAを上回り、RSIが許容範囲,取引許可,68.15816871109925,160.06778293707148,160.06763450738356,entry_candidate
09e2624e-e692-4e7f-8608-12fc910a2e3d,2026-06-08 02:55:00+09:00,USDJPY,rule_based_ai_stub,v0.1,uptrend,long,0.65,medium,True,短期MAが長期MAを上回り、RSIが許容範囲,取引許可,59.37630606344947,160.06790881972935,160.06765412008392,entry_candidate
11d6a046-dc2c-4a91-a51f-a62d2ea05a94,2026-06-08 03:00:00+09:00,USDJPY,rule_based_ai_stub,v0.1,uptrend,none,0.2,low,False,条件未達,取引許可,70.11493181333996,160.06808904650453,160.0677039910659,wait
ad1013b5-5ea2-478a-954c-b4be570a85c2,2026-06-08 03:05:00+09:00,USDJPY,rule_based_ai_stub,v0.1,uptrend,long,0.65,medium,True,短期MAが長期MAを上回り、RSIが許容範囲,取引許可,65.64091229409594,160.06825609018063,160.0677453194907,entry_candidate
a99233ab-7cfb-4399-b527-1e94f1c6359b,2026-06-08 03:10:00+09:00,USDJPY,rule_based_ai_stub,v0.1,uptrend,none,0.2,low,False,条件未達,取引許可,70.46705266358649,160.06830977170907,160.0677640576721,wait
6e4dbea4-3c8d-45bc-a1cd-2cc3cf66af92,2026-06-08 03:15:00+09:00,USDJPY,rule_based_ai_stub,v0.1,uptrend,none,0.2,low,False,条件未達,取引許可,71.07912189454044,160.06843713861323,160.06774511980413,wait
61c24b41-7342-4fa3-9260-3ea757ee5ef7,2026-06-08 03:20:00+09:00,USDJPY,rule_based_ai_stub,v0.1,uptrend,long,0.65,medium,True,短期MAが長期MAを上回り、RSIが許容範囲,取引許可,65.07260387535297,160.06860812104688,160.06773431525534,entry_candidate
89fb0b6f-a42e-4169-8d70-aa0aceca30a2,2026-06-08 03:25:00+09:00,USDJPY,rule_based_ai_stub,v0.1,uptrend,none,0.2,low,False,条件未達,取引許可,81.1947846403433,160.06875314913574,160.06771430673658,wait
1e5e390f-2be0-4e41-84be-5ce17bf4dbed,2026-06-08 03:30:00+09:00,USDJPY,rule_based_ai_stub,v0.1,uptrend,long,0.65,medium,True,短期MAが長期MAを上回り、RSIが許容範囲,取引許可,61.08639984411326,160.06875523628497,160.0676947653056,entry_candidate
af61f5c2-3f40-4109-99f7-91e270e545b1,2026-06-08 03:35:00+09:00,USDJPY,rule_based_ai_stub,v0.1,uptrend,long,0.65,medium,True,短期MAが長期MAを上回り、RSIが許容範囲,取引許可,64.8836769856379,160.06881552035154,160.0677053004629,entry_candidate
eaa6b430-2067-4e3d-b569-2e43a569b04b,2026-06-08 03:40:00+09:00,USDJPY,rule_based_ai_stub,v0.1,uptrend,long,0.65,medium,True,短期MAが長期MAを上回り、RSIが許容範囲,取引許可,52.720685621357106,160.0688151152761,160.0677138698111,entry_candidate
e33444ab-e4ea-443c-b040-39e4b2752d7f,2026-06-08 03:45:00+09:00,USDJPY,rule_based_ai_stub,v0.1,uptrend,long,0.65,medium,True,短期MAが長期MAを上回り、RSIが許容範囲,取引許可,48.10322468892493,160.0688016043121,160.06772189051358,entry_candidate
31d758fa-4fb9-49b4-b010-5532b1f0aefc,2026-06-08 03:50:00+09:00,USDJPY,rule_based_ai_stub,v0.1,uptrend,long,0.65,medium,True,短期MAが長期MAを上回り、RSIが許容範囲,取引許可,42.96633580798061,160.06874485393632,160.06772278592484,entry_candidate
7b3dd708-4747-45ae-8189-6c62a27040c2,2026-06-08 03:55:00+09:00,USDJPY,rule_based_ai_stub,v0.1,uptrend,long,0.65,medium,True,短期MAが長期MAを上回り、RSIが許容範囲,取引許可,52.78792679395371,160.068773985079,160.06775445681393,entry_candidate
e097aa0b-cdcf-4fc3-b633-80c528f31257,2026-06-08 04:00:00+09:00,USDJPY,rule_based_ai_stub,v0.1,uptrend,long,0.65,medium,True,短期MAが長期MAを上回り、RSIが許容範囲,取引許可,41.93666882646575,160.0686652539165,160.06778352146296,entry_candidate
14014492-5624-4859-8546-bd42d205d3ba,2026-06-08 04:05:00+09:00,USDJPY,rule_based_ai_stub,v0.1,uptrend,long,0.65,medium,True,短期MAが長期MAを上回り、RSIが許容範囲,取引許可,55.62611977607622,160.06873189069742,160.06785241675,entry_candidate
e08c7a67-bf93-4653-ab95-87cc942d5834,2026-06-08 04:10:00+09:00,USDJPY,rule_based_ai_stub,v0.1,uptrend,long,0.65,medium,True,短期MAが長期MAを上回り、RSIが許容範囲,取引許可,56.92756645752526,160.06883247529916,160.06795679203424,entry_candidate
ad9a54bd-f63a-4d91-9337-0094736f4622,2026-06-08 04:15:00+09:00,USDJPY,rule_based_ai_stub,v0.1,uptrend,long,0.65,medium,True,短期MAが長期MAを上回り、RSIが許容範囲,取引許可,58.99717945502587,160.06894568498726,160.0680609005193,entry_candidate
2bae1724-5757-47ee-ad80-069b46f85aae,2026-06-08 04:20:00+09:00,USDJPY,rule_based_ai_stub,v0.1,uptrend,long,0.65,medium,True,短期MAが長期MAを上回り、RSIが許容範囲,取引許可,57.714490363560834,160.0689998474628,160.06812952605986,entry_candidate
249b181f-b429-403f-ae27-b773ab36e6f6,2026-06-08 04:25:00+09:00,USDJPY,rule_based_ai_stub,v0.1,uptrend,long,0.65,medium,True,短期MAが長期MAを上回り、RSIが許容範囲,取引許可,58.63737306278861,160.06907085732828,160.06821823391158,entry_candidate
304fe37d-b7f2-4560-9efa-aefe1fd70dc8,2026-06-08 04:30:00+09:00,USDJPY,rule_based_ai_stub,v0.1,uptrend,long,0.65,medium,True,短期MAが長期MAを上回り、RSIが許容範囲,取引許可,56.85398138122828,160.06925657493858,160.06835779859574,entry_candidate
c254a4b3-1d91-4046-b27c-e62da6e8ce2b,2026-06-08 04:35:00+09:00,USDJPY,rule_based_ai_stub,v0.1,uptrend,long,0.65,medium,True,短期MAが長期MAを上回り、RSIが許容範囲,取引許可,58.93702315564951,160.06941145725312,160.06851288361008,entry_candidate
8852b5e0-9351-4422-9d8a-8f9657a91994,2026-06-08 04:40:00+09:00,USDJPY,rule_based_ai_stub,v0.1,uptrend,long,0.65,medium,True,短期MAが長期MAを上回り、RSIが許容範囲,取引許可,68.36412514541279,160.06963940640603,160.06865887937158,entry_candidate
46af7141-b349-4a73-af07-f52d1b3b8825,2026-06-08 04:45:00+09:00,USDJPY,rule_based_ai_stub,v0.1,uptrend,long,0.65,medium,True,短期MAが長期MAを上回り、RSIが許容範囲,取引許可,65.34907230944802,160.0699045229099,160.06877372902025,entry_candidate
d164e200-6bd1-4a81-a62e-dde3552b050d,2026-06-08 04:50:00+09:00,USDJPY,rule_based_ai_stub,v0.1,uptrend,long,0.65,medium,True,短期MAが長期MAを上回り、RSIが許容範囲,取引許可,69.3423991368785,160.07018955555748,160.0689057821884,entry_candidate
22e84261-7805-4fcb-b554-e5bef7a528cf,2026-06-08 04:55:00+09:00,USDJPY,rule_based_ai_stub,v0.1,uptrend,none,0.2,low,False,条件未達,取引許可,72.48431636049244,160.07039830263622,160.06902703581486,wait
e9041190-bb5e-4a96-8bda-16fc6ee6a927,2026-06-08 05:00:00+09:00,USDJPY,rule_based_ai_stub,v0.1,uptrend,none,0.2,low,False,条件未達,取引許可,75.20182536089521,160.07070408801164,160.0691527961442,wait
2de139fa-75a6-4ca4-a6b5-80ec4edde308,2026-06-08 05:05:00+09:00,USDJPY,rule_based_ai_stub,v0.1,uptrend,none,0.2,low,False,条件未達,取引許可,74.63063874559694,160.0709096744652,160.06929921844778,wait
d783f6cf-7359-43cb-865f-760fde7c4b73,2026-06-08 05:10:00+09:00,USDJPY,rule_based_ai_stub,v0.1,uptrend,none,0.2,low,False,条件未達,取引許可,94.05195180260583,160.07109213591445,160.06941146097424,wait
dc3b415e-36a1-4844-8b5b-5781af858932,2026-06-08 05:15:00+09:00,USDJPY,rule_based_ai_stub,v0.1,uptrend,long,0.65,medium,True,短期MAが長期MAを上回り、RSIが許容範囲,取引許可,60.32377761354313,160.07111641598627,160.06949974652892,entry_candidate
f9bd9a09-3441-4f04-bb00-47b7d5c58f16,2026-06-08 05:20:00+09:00,USDJPY,rule_based_ai_stub,v0.1,uptrend,long,0.65,medium,True,短期MAが長期MAを上回り、RSIが許容範囲,取引許可,58.41299956163709,160.0711762357969,160.06959473476888,entry_candidate
b0f45052-3544-4d2e-9344-b1ab59241b1a,2026-06-08 05:25:00+09:00,USDJPY,rule_based_ai_stub,v0.1,uptrend,long,0.65,medium,True,短期MAが長期MAを上回り、RSIが許容範囲,取引許可,58.26985106480884,160.07123151471356,160.06968517372584,entry_candidate
56b69ae1-76c9-4774-a95e-eb82503a809d,2026-06-08 05:30:00+09:00,USDJPY,rule_based_ai_stub,v0.1,uptrend,long,0.65,medium,True,短期MAが長期MAを上回り、RSIが許容範囲,取引許可,58.525603812414914,160.07125980207095,160.0697572044315,entry_candidate
c8184d39-79f5-4d89-9532-e5b327d560fa,2026-06-08 05:35:00+09:00,USDJPY,rule_based_ai_stub,v0.1,uptrend,long,0.65,medium,True,短期MAが長期MAを上回り、RSIが許容範囲,取引許可,54.40033870036147,160.07123640272644,160.06982112677704,entry_candidate
8206e37b-bca9-4afe-be96-4fb5cbe4f425,2026-06-08 05:40:00+09:00,USDJPY,rule_based_ai_stub,v0.1,uptrend,long,0.65,medium,True,短期MAが長期MAを上回り、RSIが許容範囲,取引許可,57.48392267802107,160.0712414287946,160.0698986501589,entry_candidate
015d7e9c-f262-41b6-85b0-86e9f4d1b1e3,2026-06-08 05:45:00+09:00,USDJPY,rule_based_ai_stub,v0.1,uptrend,long,0.65,medium,True,短期MAが長期MAを上回り、RSIが許容範囲,取引許可,58.87807756421146,160.0712893521518,160.06999849312461,entry_candidate
a23fcc34-8494-48a8-aee2-a3e47541839b,2026-06-08 05:50:00+09:00,USDJPY,rule_based_ai_stub,v0.1,uptrend,long,0.65,medium,True,短期MAが長期MAを上回り、RSIが許容範囲,取引許可,51.64041807190814,160.0713084985466,160.0700809693468,entry_candidate
0e848a29-9aeb-4859-b050-ecbabee37d3e,2026-06-08 05:55:00+09:00,USDJPY,rule_based_ai_stub,v0.1,uptrend,long,0.65,medium,True,短期MAが長期MAを上回り、RSIが許容範囲,取引許可,53.21981497547401,160.07135556121997,160.07017594964506,entry_candidate
89f279b1-dbf7-4f68-b00b-0d01c67460ac,2026-06-08 06:00:00+09:00,USDJPY,rule_based_ai_stub,v0.1,uptrend,long,0.65,medium,True,短期MAが長期MAを上回り、RSIが許容範囲,取引許可,49.293266315564345,160.07136378647064,160.0702443761329,entry_candidate
d32d1087-3992-4d88-8d95-5d5c51147dfd,2026-06-08 06:05:00+09:00,USDJPY,rule_based_ai_stub,v0.1,uptrend,long,0.65,medium,True,短期MAが長期MAを上回り、RSIが許容範囲,取引許可,44.12842652381018,160.0712463423082,160.07029596915694,entry_candidate
5d2d8d90-7dc4-4b9d-9e0c-2924760d0e97,2026-06-08 06:10:00+09:00,USDJPY,rule_based_ai_stub,v0.1,uptrend,long,0.65,medium,True,短期MAが長期MAを上回り、RSIが許容範囲,取引許可,42.56077301559054,160.07106788444844,160.07033083188736,entry_candidate
09ade1da-baa6-42d8-a2a9-a2d8151592a3,2026-06-08 06:15:00+09:00,USDJPY,rule_based_ai_stub,v0.1,uptrend,long,0.65,medium,True,短期MAが長期MAを上回り、RSIが許容範囲,取引許可,41.24909574095728,160.07107956569402,160.07038055555586,entry_candidate
dc8cb57a-e0fb-484e-bc2e-fd666e6b2f96,2026-06-08 06:20:00+09:00,USDJPY,rule_based_ai_stub,v0.1,uptrend,long,0.65,medium,True,短期MAが長期MAを上回り、RSIが許容範囲,取引許可,42.97452171959166,160.07110610815303,160.07042739713756,entry_candidate
a37ce993-163e-4d30-ae12-e5310673c9eb,2026-06-08 06:25:00+09:00,USDJPY,rule_based_ai_stub,v0.1,uptrend,long,0.65,medium,True,短期MAが長期MAを上回り、RSIが許容範囲,取引許可,58.79837996074826,160.0711485680733,160.07048364670504,entry_candidate
87d7b570-8f90-4e35-af7a-5fd7ebb8aa98,2026-06-08 06:30:00+09:00,USDJPY,rule_based_ai_stub,v0.1,uptrend,long,0.65,medium,True,短期MAが長期MAを上回り、RSIが許容範囲,取引許可,59.08581555407209,160.07122821822077,160.07058153174341,entry_candidate
bd2478d8-b0af-4376-a5db-bc1720fd73e8,2026-06-08 06:35:00+09:00,USDJPY,rule_based_ai_stub,v0.1,uptrend,long,0.65,medium,True,短期MAが長期MAを上回り、RSIが許容範囲,取引許可,60.37014575867905,160.0713531032052,160.07066698772826,entry_candidate
2490f7f7-f264-4fd4-8082-ac68ae09a64c,2026-06-08 06:40:00+09:00,USDJPY,rule_based_ai_stub,v0.1,uptrend,long,0.65,medium,True,短期MAが長期MAを上回り、RSIが許容範囲,取引許可,56.909069268503096,160.07138970847393,160.0707568478915,entry_candidate
32f9dfef-ff69-4726-8cbe-9ac557292b46,2026-06-08 06:45:00+09:00,USDJPY,rule_based_ai_stub,v0.1,uptrend,long,0.65,medium,True,短期MAが長期MAを上回り、RSIが許容範囲,取引許可,60.61050245972281,160.07140053354678,160.0708648028695,entry_candidate
f3c2a362-ab52-4388-bbd9-bde9b6b9c1b4,2026-06-08 06:50:00+09:00,USDJPY,rule_based_ai_stub,v0.1,uptrend,long,0.65,medium,True,短期MAが長期MAを上回り、RSIが許容範囲,取引許可,59.409415596187735,160.07149002297925,160.07099602569443,entry_candidate
f5bbd241-c5ed-4489-87f2-4b3c6b4e3b95,2026-06-08 06:55:00+09:00,USDJPY,rule_based_ai_stub,v0.1,uptrend,long,0.65,medium,True,短期MAが長期MAを上回り、RSIが許容範囲,取引許可,58.656863622131596,160.07159687436388,160.07111691274002,entry_candidate
373c9b10-8ad0-4eef-9f86-370d2596053a,2026-06-08 07:00:00+09:00,USDJPY,rule_based_ai_stub,v0.1,uptrend,long,0.65,medium,True,短期MAが長期MAを上回り、RSIが許容範囲,取引許可,67.32131712875069,160.0718117542538,160.0712932095787,entry_candidate
90556978-3fae-4615-b35c-45cfb43bae6d,2026-06-08 07:05:00+09:00,USDJPY,rule_based_ai_stub,v0.1,uptrend,long,0.65,medium,True,短期MAが長期MAを上回り、RSIが許容範囲,取引許可,68.20239962421,160.07213103024432,160.07142901567258,entry_candidate
e263c347-9050-45ac-aa9a-bed5989819b6,2026-06-08 07:10:00+09:00,USDJPY,rule_based_ai_stub,v0.1,uptrend,none,0.2,low,False,条件未達,取引許可,75.46061631814887,160.07249921450642,160.07155307828978,wait
4b0efa47-1e7e-4cb0-8a58-24834be85cce,2026-06-08 07:15:00+09:00,USDJPY,rule_based_ai_stub,v0.1,uptrend,none,0.2,low,False,条件未達,取引許可,88.02285527957541,160.07287778660688,160.07169125609573,wait
68310989-a687-413a-b6ec-939ea6f7b89f,2026-06-08 07:20:00+09:00,USDJPY,rule_based_ai_stub,v0.1,uptrend,none,0.2,low,False,条件未達,取引許可,93.46374462229753,160.07320737639205,160.07182990678066,wait
ef7494c5-e2a7-4510-9f97-0ccae41d7b25,2026-06-08 07:25:00+09:00,USDJPY,rule_based_ai_stub,v0.1,uptrend,none,0.2,low,False,条件未達,取引許可,84.53118080652773,160.0734672181737,160.0719491003202,wait
9d146fef-245f-46ec-9db5-7928ecedbc63,2026-06-08 07:30:00+09:00,USDJPY,rule_based_ai_stub,v0.1,uptrend,none,0.2,low,False,条件未達,取引許可,81.44567246239802,160.0736826518178,160.07205689070318,wait
549bdd7c-ce0a-47dc-8e9b-648e5d77d605,2026-06-08 07:35:00+09:00,USDJPY,rule_based_ai_stub,v0.1,uptrend,none,0.2,low,False,条件未達,取引許可,73.82367564799715,160.07383503141526,160.07214151244898,wait
a47c2e6b-307b-42c3-9dac-3d83a779b2bd,2026-06-08 07:40:00+09:00,USDJPY,rule_based_ai_stub,v0.1,uptrend,long,0.65,medium,True,短期MAが長期MAを上回り、RSIが許容範囲,取引許可,66.25463436472185,160.07398572617876,160.0722056211491,entry_candidate
8965614d-cd74-4f05-ad53-cd2962859840,2026-06-08 07:45:00+09:00,USDJPY,rule_based_ai_stub,v0.1,uptrend,long,0.65,medium,True,短期MAが長期MAを上回り、RSIが許容範囲,取引許可,63.1727413688437,160.07410759888148,160.07226582819334,entry_candidate
c9a8f937-87b1-4822-948c-8b8009ffbeaa,2026-06-08 07:50:00+09:00,USDJPY,rule_based_ai_stub,v0.1,uptrend,long,0.65,medium,True,短期MAが長期MAを上回り、RSIが許容範囲,取引許可,62.0809994896153,160.0741498301119,160.0723161172126,entry_candidate
e59cb90a-0cbc-449d-a4a2-91e7dd166acb,2026-06-08 07:55:00+09:00,USDJPY,rule_based_ai_stub,v0.1,uptrend,long,0.65,medium,True,短期MAが長期MAを上回り、RSIが許容範囲,取引許可,57.989189229691675,160.07413894869936,160.07236379476106,entry_candidate
fe0731ef-2e37-4238-8caf-e42372b01e70,2026-06-08 08:00:00+09:00,USDJPY,rule_based_ai_stub,v0.1,uptrend,long,0.65,medium,True,短期MAが長期MAを上回り、RSIが許容範囲,取引許可,43.132265840934814,160.07397394088488,160.07238316053645,entry_candidate
31c4f955-0345-45f5-8cba-bb06a8de3e0b,2026-06-08 08:05:00+09:00,USDJPY,rule_based_ai_stub,v0.1,uptrend,none,0.2,low,False,条件未達,取引許可,39.749790482801075,160.07378418256343,160.07238718503865,wait
0e90e367-d14f-4815-beb8-83c988955dcb,2026-06-08 08:10:00+09:00,USDJPY,rule_based_ai_stub,v0.1,uptrend,none,0.2,low,False,条件未達,取引許可,30.70053412987285,160.07357691210538,160.0723813370201,wait
4885067e-9da0-41a2-8c44-c270acdb26d9,2026-06-08 08:15:00+09:00,USDJPY,rule_based_ai_stub,v0.1,uptrend,none,0.2,low,False,条件未達,取引許可,21.329225508096656,160.0732752797038,160.07241087733487,wait
41c1b1d2-eaeb-4027-8cb5-2145bc542c92,2026-06-08 08:20:00+09:00,USDJPY,rule_based_ai_stub,v0.1,uptrend,none,0.2,low,False,条件未達,取引許可,24.2498069926489,160.07300793564866,160.0724404733979,wait
f97d3bdf-7ed0-4fc8-90c8-a9a1f4a60887,2026-06-08 08:25:00+09:00,USDJPY,rule_based_ai_stub,v0.1,uptrend,none,0.2,low,False,条件未達,取引許可,23.01881909660011,160.07283156383292,160.07248245002665,wait
dbfde9ec-dc37-4f59-8bf0-c428eeb26af5,2026-06-08 08:30:00+09:00,USDJPY,rule_based_ai_stub,v0.1,uptrend,none,0.2,low,False,条件未達,取引許可,19.282114068696146,160.0725829673722,160.07249794580358,wait
e6894829-2db6-4acd-9752-88cc99986f63,2026-06-08 08:35:00+09:00,USDJPY,rule_based_ai_stub,v0.1,downtrend,none,0.2,low,False,条件未達,取引許可,19.52092671202155,160.07233347980477,160.0725072048084,wait
8a3d1489-1166-43fd-a652-08725bcff260,2026-06-08 08:40:00+09:00,USDJPY,rule_based_ai_stub,v0.1,downtrend,none,0.2,low,False,条件未達,取引許可,18.364007098226352,160.0720792940336,160.0724849095621,wait
6e9db6a9-9bb3-4e1f-9e8f-0c392ad4214d,2026-06-08 08:45:00+09:00,USDJPY,rule_based_ai_stub,v0.1,downtrend,none,0.2,low,False,条件未達,取引許可,18.020389104245027,160.07178533904093,160.0724311571564,wait
47bd37d0-1e50-4eb7-974b-b860992c1076,2026-06-08 08:50:00+09:00,USDJPY,rule_based_ai_stub,v0.1,downtrend,none,0.2,low,False,条件未達,取引許可,25.677336325930483,160.0715724787864,160.07240411062585,wait
a4582e20-7d18-4dca-ba95-6f938dc78794,2026-06-08 08:55:00+09:00,USDJPY,rule_based_ai_stub,v0.1,downtrend,none,0.2,low,False,条件未達,取引許可,25.558548449803524,160.0713653253014,160.07236704945487,wait
63c14869-82de-4bc0-9633-3b0b10026ac6,2026-06-08 09:00:00+09:00,USDJPY,rule_based_ai_stub,v0.1,downtrend,none,0.2,low,False,条件未達,取引許可,26.890421711330532,160.07123962680768,160.07234177398215,wait
3698a53b-5c1c-4cc1-b9ec-95fdbb6d0fb8,2026-06-08 09:05:00+09:00,USDJPY,rule_based_ai_stub,v0.1,downtrend,none,0.2,low,False,条件未達,取引許可,23.034333361795376,160.0710030705104,160.07230609443937,wait
dbcc0909-3576-4ed0-8e5c-5324685ac3ac,2026-06-08 09:10:00+09:00,USDJPY,rule_based_ai_stub,v0.1,downtrend,short,0.65,medium,True,短期MAが長期MAを下回り、RSIが許容範囲,取引許可,31.846521196478278,160.07079822484081,160.0722914504842,entry_candidate
d8b95e1e-9a8f-4af8-b3cc-7c9358bfa2f0,2026-06-08 09:15:00+09:00,USDJPY,rule_based_ai_stub,v0.1,downtrend,none,0.2,low,False,条件未達,取引許可,27.136559990816025,160.07057227068307,160.0722417789979,wait
668f9cae-0275-4732-b1ba-dd5d0ff7a054,2026-06-08 09:20:00+09:00,USDJPY,rule_based_ai_stub,v0.1,downtrend,none,0.2,low,False,条件未達,取引許可,27.503771501903998,160.0703163508734,160.07217722097138,wait
389c7d84-a55b-4ac7-bad1-209466a88264,2026-06-08 09:25:00+09:00,USDJPY,rule_based_ai_stub,v0.1,downtrend,short,0.65,medium,True,短期MAが長期MAを下回り、RSIが許容範囲,取引許可,31.391248787181212,160.07002742140378,160.07210873447013,entry_candidate
d8dbaf6d-2046-4084-b099-062d15aa6803,2026-06-08 09:30:00+09:00,USDJPY,rule_based_ai_stub,v0.1,downtrend,short,0.65,medium,True,短期MAが長期MAを下回り、RSIが許容範囲,取引許可,35.452990275136,160.06988690285712,160.07205084068238,entry_candidate
62b4aec9-9038-485b-b488-bba214f9c511,2026-06-08 09:35:00+09:00,USDJPY,rule_based_ai_stub,v0.1,downtrend,none,0.2,low,False,条件未達,取引許可,26.63914236968617,160.06971907952948,160.07196253024983,wait
f3a35994-e90d-4308-b53b-52adec292923,2026-06-08 09:40:00+09:00,USDJPY,rule_based_ai_stub,v0.1,downtrend,none,0.2,low,False,条件未達,取引許可,23.873010214696862,160.06943873771152,160.07183458597464,wait
a2112cd7-7f6e-4b13-8194-5a7acf2eab37,2026-06-08 09:45:00+09:00,USDJPY,rule_based_ai_stub,v0.1,downtrend,none,0.2,low,False,条件未達,取引許可,26.407089177470695,160.06921458352585,160.0717025071494,wait
3c524f32-8bdf-4daf-bb72-c70a6f79b63f,2026-06-08 09:50:00+09:00,USDJPY,rule_based_ai_stub,v0.1,downtrend,short,0.65,medium,True,短期MAが長期MAを下回り、RSIが許容範囲,取引許可,37.287798918986816,160.06903898115715,160.07158709668516,entry_candidate
83ead130-16cf-4faf-8116-fe5800a2c241,2026-06-08 09:55:00+09:00,USDJPY,rule_based_ai_stub,v0.1,downtrend,short,0.65,medium,True,短期MAが長期MAを下回り、RSIが許容範囲,取引許可,45.119856114033766,160.06893501741305,160.0714797638046,entry_candidate
2c334ed5-6edf-40ff-8499-cac5664c7530,2026-06-08 10:00:00+09:00,USDJPY,rule_based_ai_stub,v0.1,downtrend,short,0.65,medium,True,短期MAが長期MAを下回り、RSIが許容範囲,取引許可,42.66021489685299,160.0688547623818,160.0713561100248,entry_candidate
a954a4e5-cc49-4fe8-a1c0-c140e19111d9,2026-06-08 10:05:00+09:00,USDJPY,rule_based_ai_stub,v0.1,downtrend,short,0.65,medium,True,短期MAが長期MAを下回り、RSIが許容範囲,取引許可,41.760917135554244,160.06885011865947,160.07121245724443,entry_candidate
42e01623-03db-43ee-a5a3-16d627328e1f,2026-06-08 10:10:00+09:00,USDJPY,rule_based_ai_stub,v0.1,downtrend,short,0.65,medium,True,短期MAが長期MAを下回り、RSIが許容範囲,取引許可,45.727874905421174,160.06885406016545,160.0710763990372,entry_candidate
25687778-eafe-48b1-9e06-4f8adc81d6aa,2026-06-08 10:15:00+09:00,USDJPY,rule_based_ai_stub,v0.1,downtrend,short,0.65,medium,True,短期MAが長期MAを下回り、RSIが許容範囲,取引許可,49.17367762604497,160.06887128728118,160.0709062792227,entry_candidate
79d9fa41-dfa7-4791-9400-24e9cfea66eb,2026-06-08 10:20:00+09:00,USDJPY,rule_based_ai_stub,v0.1,downtrend,short,0.65,medium,True,短期MAが長期MAを下回り、RSIが許容範囲,取引許可,48.57544358544951,160.0689093356539,160.07074454072531,entry_candidate
c572fa0d-0653-4c28-b78d-71ec1da3d6dd,2026-06-08 10:25:00+09:00,USDJPY,rule_based_ai_stub,v0.1,downtrend,short,0.65,medium,True,短期MAが長期MAを下回り、RSIが許容範囲,取引許可,55.305787549206336,160.06895878868764,160.07060592464143,entry_candidate
cc8864cc-5160-4d9e-a550-d71cb41dafb7,2026-06-08 10:30:00+09:00,USDJPY,rule_based_ai_stub,v0.1,downtrend,short,0.65,medium,True,短期MAが長期MAを下回り、RSIが許容範囲,取引許可,58.54218896784089,160.068993219287,160.07048769650544,entry_candidate
f677be19-425d-4ccc-821c-76aa28f9aa23,2026-06-08 10:35:00+09:00,USDJPY,rule_based_ai_stub,v0.1,downtrend,none,0.2,low,False,条件未達,取引許可,64.85725236742509,160.06923107390824,160.07042787774748,wait
a8fcfa0c-20b8-43b5-986a-5381708b90e4,2026-06-08 10:40:00+09:00,USDJPY,rule_based_ai_stub,v0.1,downtrend,none,0.2,low,False,条件未達,取引許可,62.637306343720624,160.06963952493564,160.07038585222693,wait
e5069f57-dae3-4679-bd69-a935a8a545b5,2026-06-08 10:45:00+09:00,USDJPY,rule_based_ai_stub,v0.1,downtrend,none,0.2,low,False,条件未達,取引許可,66.08591267347362,160.0700133353045,160.07033775262374,wait
3583b99e-c454-4989-ae50-570c384c594e,2026-06-08 10:50:00+09:00,USDJPY,rule_based_ai_stub,v0.1,downtrend,none,0.2,low,False,条件未達,取引許可,83.24027641290104,160.0702958413987,160.07030243378074,wait
2a9aeb2b-cf93-454a-8f19-8a6e416b0ec3,2026-06-08 10:55:00+09:00,USDJPY,rule_based_ai_stub,v0.1,uptrend,none,0.2,low,False,条件未達,取引許可,71.83620177006968,160.07042794638,160.0702427630315,wait
15d84281-0eae-4b87-82b2-aefcdda91f86,2026-06-08 11:00:00+09:00,USDJPY,rule_based_ai_stub,v0.1,uptrend,long,0.65,medium,True,短期MAが長期MAを上回り、RSIが許容範囲,取引許可,63.475144813112635,160.07051483273395,160.07020307397448,entry_candidate
6dce380c-ec47-48e7-80ab-8dbc0a1a4b26,2026-06-08 11:05:00+09:00,USDJPY,rule_based_ai_stub,v0.1,uptrend,long,0.65,medium,True,短期MAが長期MAを上回り、RSIが許容範囲,取引許可,57.08896460939131,160.07060583677534,160.0701530086484,entry_candidate
2e90a335-c5de-471c-b3c5-0c343c2e27d2,2026-06-08 11:10:00+09:00,USDJPY,rule_based_ai_stub,v0.1,uptrend,long,0.65,medium,True,短期MAが長期MAを上回り、RSIが許容範囲,取引許可,53.68546216276056,160.07063028026695,160.07009418842438,entry_candidate
1dcee486-617c-4e61-8ede-2c62c3e53516,2026-06-08 11:15:00+09:00,USDJPY,rule_based_ai_stub,v0.1,uptrend,long,0.65,medium,True,短期MAが長期MAを上回り、RSIが許容範囲,取引許可,56.699080832429075,160.07071101881215,160.07005152559213,entry_candidate
95b3982c-b65e-4959-8763-06de5f8a009d,2026-06-08 11:20:00+09:00,USDJPY,rule_based_ai_stub,v0.1,uptrend,long,0.65,medium,True,短期MAが長期MAを上回り、RSIが許容範囲,取引許可,49.330384104403784,160.07072681847228,160.0699841683332,entry_candidate
a545bd07-0aa0-4c31-b641-6c2db40a3a40,2026-06-08 11:25:00+09:00,USDJPY,rule_based_ai_stub,v0.1,uptrend,long,0.65,medium,True,短期MAが長期MAを上回り、RSIが許容範囲,取引許可,58.67395024717674,160.07077339615782,160.06991986874974,entry_candidate
7a4835f0-2d3f-4e9d-9293-ec53cca724dc,2026-06-08 11:30:00+09:00,USDJPY,rule_based_ai_stub,v0.1,uptrend,long,0.65,medium,True,短期MAが長期MAを上回り、RSIが許容範囲,取引許可,56.8427195743457,160.0707669737012,160.06988236528179,entry_candidate
ca188c4b-fa60-4ec8-8246-395c47179990,2026-06-08 11:35:00+09:00,USDJPY,rule_based_ai_stub,v0.1,uptrend,long,0.65,medium,True,短期MAが長期MAを上回り、RSIが許容範囲,取引許可,54.67120611070682,160.0706221032266,160.0698574188881,entry_candidate
b061f1d6-3bc2-4c1e-8685-b97307deadb9,2026-06-08 11:40:00+09:00,USDJPY,rule_based_ai_stub,v0.1,uptrend,long,0.65,medium,True,短期MAが長期MAを上回り、RSIが許容範囲,取引許可,47.71627749267295,160.07044121721782,160.06983982662166,entry_candidate
fd5b9ef5-4217-4e9e-a0b9-0fefdd27361f,2026-06-08 11:45:00+09:00,USDJPY,rule_based_ai_stub,v0.1,uptrend,none,0.2,low,False,条件未達,取引許可,27.867898558283528,160.07029353892452,160.0698404859183,wait
3bbde4a2-67e8-4ab1-8dd0-6fc5961007f4,2026-06-08 11:50:00+09:00,USDJPY,rule_based_ai_stub,v0.1,uptrend,none,0.2,low,False,条件未達,取引許可,32.14723068782543,160.07018839426007,160.06984107227197,wait
b77209f4-4b8b-482a-9690-632822916adb,2026-06-08 11:55:00+09:00,USDJPY,rule_based_ai_stub,v0.1,uptrend,none,0.2,low,False,条件未達,取引許可,30.642404977050205,160.07012834688007,160.06983043689104,wait
9401ff31-aa5c-4e9e-9d7c-7405ba3eb55d,2026-06-08 12:00:00+09:00,USDJPY,rule_based_ai_stub,v0.1,uptrend,none,0.2,low,False,条件未達,取引許可,28.302631221410635,160.07007012933215,160.06981324148262,wait
2c68acfe-7dbf-41d1-a728-46cfc0b59651,2026-06-08 12:05:00+09:00,USDJPY,rule_based_ai_stub,v0.1,uptrend,none,0.2,low,False,条件未達,取引許可,34.38498538223902,160.07001718960473,160.06982438167984,wait
0bfbe9e5-58bd-4e5e-b539-86f3e74d88c7,2026-06-08 12:10:00+09:00,USDJPY,rule_based_ai_stub,v0.1,uptrend,none,0.2,low,False,条件未達,取引許可,31.387566442901374,160.06992316075102,160.06980250039447,wait
acf29bdd-228e-477b-b762-c2a3993e3b22,2026-06-08 12:15:00+09:00,USDJPY,rule_based_ai_stub,v0.1,downtrend,none,0.2,low,False,条件未達,取引許可,29.754503621858944,160.06978055126072,160.06978761911802,wait
25cac00e-f6ec-4cbe-91ac-39d3f2bdf7f7,2026-06-08 12:20:00+09:00,USDJPY,rule_based_ai_stub,v0.1,downtrend,none,0.2,low,False,条件未達,取引許可,29.93635951460027,160.06965525172333,160.06976380194985,wait
86e78d79-e301-4a46-9000-d56b1d859e83,2026-06-08 12:25:00+09:00,USDJPY,rule_based_ai_stub,v0.1,downtrend,short,0.65,medium,True,短期MAが長期MAを下回り、RSIが許容範囲,取引許可,35.850414904468636,160.06951762011167,160.0697499349857,entry_candidate
1097c830-e9ab-4abf-b173-f199443d0c00,2026-06-08 12:30:00+09:00,USDJPY,rule_based_ai_stub,v0.1,downtrend,short,0.65,medium,True,短期MAが長期MAを下回り、RSIが許容範囲,取引許可,41.680320487016274,160.06939310621317,160.06971776640046,entry_candidate
8b0ef053-5201-486f-87a7-d5af22333f33,2026-06-08 12:35:00+09:00,USDJPY,rule_based_ai_stub,v0.1,downtrend,short,0.65,medium,True,短期MAが長期MAを下回り、RSIが許容範囲,取引許可,34.0622354127389,160.0692787368263,160.06971063798704,entry_candidate
f365e564-3053-4238-abd8-66329f77adbf,2026-06-08 12:40:00+09:00,USDJPY,rule_based_ai_stub,v0.1,downtrend,short,0.65,medium,True,短期MAが長期MAを下回り、RSIが許容範囲,取引許可,41.117343815371264,160.06922330707337,160.06976801640897,entry_candidate
e5b4bd20-dab5-4619-992a-2410dc127dd7,2026-06-08 12:45:00+09:00,USDJPY,rule_based_ai_stub,v0.1,downtrend,short,0.65,medium,True,短期MAが長期MAを下回り、RSIが許容範囲,取引許可,40.448093390006825,160.06915324919683,160.06982004114195,entry_candidate
b585ae17-d13d-4ff3-bca9-dcb7c21443b0,2026-06-08 12:50:00+09:00,USDJPY,rule_based_ai_stub,v0.1,downtrend,short,0.65,medium,True,短期MAが長期MAを下回り、RSIが許容範囲,取引許可,44.962131656470646,160.06906145964956,160.06984856510277,entry_candidate
0cda5a3d-ce2e-4522-8eb5-a1449676f808,2026-06-08 12:55:00+09:00,USDJPY,rule_based_ai_stub,v0.1,downtrend,short,0.65,medium,True,短期MAが長期MAを下回り、RSIが許容範囲,取引許可,43.308750719839246,160.06900786552544,160.06985471959513,entry_candidate
b0b7fb99-d3cf-4577-b1ca-d42fbe2253fa,2026-06-08 13:00:00+09:00,USDJPY,rule_based_ai_stub,v0.1,downtrend,short,0.65,medium,True,短期MAが長期MAを下回り、RSIが許容範囲,取引許可,39.08615998475489,160.06900044534322,160.06986180246977,entry_candidate
e98c58b4-7668-4bbd-a091-8efc7752151f,2026-06-08 13:05:00+09:00,USDJPY,rule_based_ai_stub,v0.1,downtrend,short,0.65,medium,True,短期MAが長期MAを下回り、RSIが許容範囲,取引許可,40.623401966810434,160.06897907352956,160.06986736663654,entry_candidate
ed40ad07-d6dd-428d-84fd-ad78b5230944,2026-06-08 13:10:00+09:00,USDJPY,rule_based_ai_stub,v0.1,downtrend,short,0.65,medium,True,短期MAが長期MAを下回り、RSIが許容範囲,取引許可,32.595802828321865,160.06890305440416,160.06981883180737,entry_candidate
4f9406ef-f2d3-4c2c-9465-9b7bcd3c208d,2026-06-08 13:15:00+09:00,USDJPY,rule_based_ai_stub,v0.1,downtrend,short,0.65,medium,True,短期MAが長期MAを下回り、RSIが許容範囲,取引許可,33.220483336253025,160.06886128421365,160.06978428476216,entry_candidate
8f1ad691-4c0b-4f89-afe7-a23ead48eb2f,2026-06-08 13:20:00+09:00,USDJPY,rule_based_ai_stub,v0.1,downtrend,short,0.65,medium,True,短期MAが長期MAを下回り、RSIが許容範囲,取引許可,48.89085394296458,160.0689144624736,160.06976551088974,entry_candidate
27f3096c-943a-4a5e-ad13-8c8a52586f82,2026-06-08 13:25:00+09:00,USDJPY,rule_based_ai_stub,v0.1,downtrend,short,0.65,medium,True,短期MAが長期MAを下回り、RSIが許容範囲,取引許可,58.50667408897499,160.06897023204465,160.06975374943806,entry_candidate
2e566f33-8772-4cd7-b82e-e2815239309b,2026-06-08 13:30:00+09:00,USDJPY,rule_based_ai_stub,v0.1,downtrend,none,0.2,low,False,条件未達,取引許可,65.54129837384528,160.06906114342348,160.06974040777928,wait
37383158-1a61-46c2-b776-8305136cde14,2026-06-08 13:35:00+09:00,USDJPY,rule_based_ai_stub,v0.1,downtrend,none,0.2,low,False,条件未達,取引許可,66.79075105315022,160.06920418184282,160.06970167396526,wait
091439d1-82f7-4bb3-b7af-195d81f18944,2026-06-08 13:40:00+09:00,USDJPY,rule_based_ai_stub,v0.1,downtrend,none,0.2,low,False,条件未達,取引許可,66.20159873121486,160.0693091082436,160.0696578775116,wait
d5eacbfb-52ca-4e2c-b149-e76453396f27,2026-06-08 13:45:00+09:00,USDJPY,rule_based_ai_stub,v0.1,downtrend,none,0.2,low,False,条件未達,取引許可,66.21444005562367,160.06943076901916,160.0696258523802,wait
f594b46f-192a-4549-b68d-d0804e56c4f5,2026-06-08 13:50:00+09:00,USDJPY,rule_based_ai_stub,v0.1,downtrend,short,0.65,medium,True,短期MAが長期MAを下回り、RSIが許容範囲,取引許可,58.97051530937446,160.06950202395748,160.06958395928905,entry_candidate
1ed05223-c0e0-4330-9a44-de9e65a3f96c,2026-06-08 13:55:00+09:00,USDJPY,rule_based_ai_stub,v0.1,downtrend,short,0.65,medium,True,短期MAが長期MAを下回り、RSIが許容範囲,取引許可,57.8861737817457,160.06956263634063,160.0695662829154,entry_candidate
128e4b07-6fd0-4cd7-829a-957c83e30480,2026-06-08 14:00:00+09:00,USDJPY,rule_based_ai_stub,v0.1,uptrend,long,0.65,medium,True,短期MAが長期MAを上回り、RSIが許容範囲,取引許可,58.84039389350925,160.06964076916378,160.06957044794638,entry_candidate
5fd0348b-445e-4184-b974-dcfc7b97cad1,2026-06-08 14:05:00+09:00,USDJPY,rule_based_ai_stub,v0.1,uptrend,long,0.65,medium,True,短期MAが長期MAを上回り、RSIが許容範囲,取引許可,63.83513028392744,160.0698082341417,160.069601499092,entry_candidate
68ff87cd-248e-444e-800c-c15772ea8b5c,2026-06-08 14:10:00+09:00,USDJPY,rule_based_ai_stub,v0.1,uptrend,long,0.65,medium,True,短期MAが長期MAを上回り、RSIが許容範囲,取引許可,62.183142551930494,160.07009066766372,160.06963896093964,entry_candidate
bd166ccc-bc03-45c5-9222-5b54dc0f6d63,2026-06-08 14:15:00+09:00,USDJPY,rule_based_ai_stub,v0.1,uptrend,long,0.65,medium,True,短期MAが長期MAを上回り、RSIが許容範囲,取引許可,62.94743420738682,160.07035730568063,160.069666380385,entry_candidate
ba4fb147-5fff-4e37-a717-4b55fff31d1f,2026-06-08 14:20:00+09:00,USDJPY,rule_based_ai_stub,v0.1,uptrend,none,0.2,low,False,条件未達,取引許可,81.21567082325211,160.0705528326887,160.06970751562855,wait
1bce3d54-bbf8-4256-ab0a-e0fa14e72260,2026-06-08 14:25:00+09:00,USDJPY,rule_based_ai_stub,v0.1,uptrend,none,0.2,low,False,条件未達,取引許可,83.59803785856636,160.07073210926404,160.0697399871401,wait
f3894810-4799-460c-9a21-648669ecb2e2,2026-06-08 14:30:00+09:00,USDJPY,rule_based_ai_stub,v0.1,uptrend,long,0.65,medium,True,短期MAが長期MAを上回り、RSIが許容範囲,取引許可,67.48353411618112,160.0707909232244,160.06974839095366,entry_candidate
f29be7ca-b9c9-4314-9f2e-b7c9f40407b9,2026-06-08 14:35:00+09:00,USDJPY,rule_based_ai_stub,v0.1,uptrend,long,0.65,medium,True,短期MAが長期MAを上回り、RSIが許容範囲,取引許可,49.406352018371884,160.07067312160098,160.06971868009003,entry_candidate
a8ae1365-0738-4dc7-82f1-7efc4a8825e8,2026-06-08 14:40:00+09:00,USDJPY,rule_based_ai_stub,v0.1,uptrend,long,0.65,medium,True,短期MAが長期MAを上回り、RSIが許容範囲,取引許可,41.610978874516725,160.07052336025555,160.06968525852417,entry_candidate
48b24d5c-84a8-4fd3-82f2-3833405b69ca,2026-06-08 14:45:00+09:00,USDJPY,rule_based_ai_stub,v0.1,uptrend,none,0.2,low,False,条件未達,取引許可,28.91603046362428,160.07030269750345,160.06962890523982,wait
689a792b-147a-4ebd-a725-653cbfe29583,2026-06-08 14:50:00+09:00,USDJPY,rule_based_ai_stub,v0.1,uptrend,none,0.2,low,False,条件未達,取引許可,26.76657961199963,160.07008751033624,160.06955033131442,wait
874cfa31-fe35-4f03-8069-521babcb1b15,2026-06-08 14:55:00+09:00,USDJPY,rule_based_ai_stub,v0.1,uptrend,none,0.2,low,False,条件未達,取引許可,24.85085756108441,160.0698807377959,160.06948374655397,wait
68d31a4b-37c1-4247-a32e-72de5e3079e0,2026-06-08 15:00:00+09:00,USDJPY,rule_based_ai_stub,v0.1,uptrend,none,0.2,low,False,条件未達,取引許可,25.26573908164751,160.0696205142776,160.06942057626154,wait
079ff64b-44cc-48bc-a8d4-79e33710431b,2026-06-08 15:05:00+09:00,USDJPY,rule_based_ai_stub,v0.1,downtrend,short,0.65,medium,True,短期MAが長期MAを下回り、RSIが許容範囲,取引許可,35.91803894159375,160.06937271991418,160.0693866758618,entry_candidate
c0e31e1e-3cdf-4d91-8ca6-17b6a9f8efcf,2026-06-08 15:10:00+09:00,USDJPY,rule_based_ai_stub,v0.1,downtrend,short,0.65,medium,True,短期MAが長期MAを下回り、RSIが許容範囲,取引許可,34.191627816334176,160.06914823510277,160.06938065239024,entry_candidate
ba010b50-f11b-48ca-aed4-080070659cce,2026-06-08 15:15:00+09:00,USDJPY,rule_based_ai_stub,v0.1,downtrend,none,0.2,low,False,条件未達,取引許可,28.14044315161378,160.0689612834726,160.0693932911223,wait
e04497b8-1d92-4132-bb76-ec35af1de871,2026-06-08 15:20:00+09:00,USDJPY,rule_based_ai_stub,v0.1,downtrend,short,0.65,medium,True,短期MAが長期MAを下回り、RSIが許容範囲,取引許可,32.91411644525111,160.06880541580168,160.069424236988,entry_candidate
f337ed37-5f4b-404c-bc3a-97690698d2f0,2026-06-08 15:25:00+09:00,USDJPY,rule_based_ai_stub,v0.1,downtrend,short,0.65,medium,True,短期MAが長期MAを下回り、RSIが許容範囲,取引許可,30.85908812052527,160.0685625461374,160.06942162914868,entry_candidate
a788d2d3-fafd-4fcd-b685-c043a479d412,2026-06-08 15:30:00+09:00,USDJPY,rule_based_ai_stub,v0.1,downtrend,short,0.65,medium,True,短期MAが長期MAを下回り、RSIが許容範囲,取引許可,36.80934041347308,160.06844382480332,160.06943196381707,entry_candidate
4859978f-60f1-487c-be15-7d9ce2b2d69b,2026-06-08 15:35:00+09:00,USDJPY,rule_based_ai_stub,v0.1,downtrend,short,0.65,medium,True,短期MAが長期MAを下回り、RSIが許容範囲,取引許可,33.227988837702284,160.06843612430256,160.0694378092488,entry_candidate
a937a9c5-0253-4624-ac14-74ef02526a52,2026-06-08 15:40:00+09:00,USDJPY,rule_based_ai_stub,v0.1,downtrend,short,0.65,medium,True,短期MAが長期MAを下回り、RSIが許容範囲,取引許可,41.89191033047435,160.06848947467515,160.06944064772475,entry_candidate
ce0adc20-b7a8-44d2-b0b9-a2fd4169aea8,2026-06-08 15:45:00+09:00,USDJPY,rule_based_ai_stub,v0.1,downtrend,short,0.65,medium,True,短期MAが長期MAを下回り、RSIが許容範囲,取引許可,47.26531225137702,160.06855026780738,160.0694279114433,entry_candidate
9e4163bc-61af-423a-928d-6b44281979e2,2026-06-08 15:50:00+09:00,USDJPY,rule_based_ai_stub,v0.1,downtrend,short,0.65,medium,True,短期MAが長期MAを下回り、RSIが許容範囲,取引許可,42.77000660346556,160.0685587800112,160.069382771435,entry_candidate
359da8ad-a24e-4c82-bbac-e34630824953,2026-06-08 15:55:00+09:00,USDJPY,rule_based_ai_stub,v0.1,downtrend,short,0.65,medium,True,短期MAが長期MAを下回り、RSIが許容範囲,取引許可,52.521559408770166,160.06861557571384,160.06935298328347,entry_candidate
cfd72eda-c228-43dc-a8b7-23c59527e663,2026-06-08 16:00:00+09:00,USDJPY,rule_based_ai_stub,v0.1,downtrend,short,0.65,medium,True,短期MAが長期MAを下回り、RSIが許容範囲,取引許可,56.9336634548774,160.06871385431324,160.0693250459182,entry_candidate
ef626c24-7b62-42b3-81d1-4c7393d3a315,2026-06-08 16:05:00+09:00,USDJPY,rule_based_ai_stub,v0.1,downtrend,short,0.65,medium,True,短期MAが長期MAを下回り、RSIが許容範囲,取引許可,52.970130192827,160.0686944069582,160.0692917870047,entry_candidate
71a13ec9-5720-468d-a8a6-2b55be74565a,2026-06-08 16:10:00+09:00,USDJPY,rule_based_ai_stub,v0.1,downtrend,short,0.65,medium,True,短期MAが長期MAを下回り、RSIが許容範囲,取引許可,51.00964243877275,160.0686151392109,160.06928468065914,entry_candidate
cd86df4b-58ea-41a1-b865-4e231f09f793,2026-06-08 16:15:00+09:00,USDJPY,rule_based_ai_stub,v0.1,downtrend,short,0.65,medium,True,短期MAが長期MAを下回り、RSIが許容範囲,取引許可,49.54301567140583,160.0685771194848,160.06929856954602,entry_candidate
a39747a4-03df-40ad-8531-52424829d821,2026-06-08 16:20:00+09:00,USDJPY,rule_based_ai_stub,v0.1,downtrend,short,0.65,medium,True,短期MAが長期MAを下回り、RSIが許容範囲,取引許可,43.12536841407562,160.0684485188069,160.0692689224324,entry_candidate
10364c5f-6dd4-42ae-90b7-0fb9ddfd8b04,2026-06-08 16:25:00+09:00,USDJPY,rule_based_ai_stub,v0.1,downtrend,short,0.65,medium,True,短期MAが長期MAを下回り、RSIが許容範囲,取引許可,48.954605941627214,160.06845899343247,160.06925121627796,entry_candidate
66d14085-dd24-4314-8c8f-9a940ab5ff86,2026-06-08 16:30:00+09:00,USDJPY,rule_based_ai_stub,v0.1,downtrend,short,0.65,medium,True,短期MAが長期MAを下回り、RSIが許容範囲,取引許可,43.26632828954347,160.068372481432,160.0692024098199,entry_candidate
f1796d74-17a1-4d59-b5a1-e6c71a34fc4c,2026-06-08 16:35:00+09:00,USDJPY,rule_based_ai_stub,v0.1,downtrend,short,0.65,medium,True,短期MAが長期MAを下回り、RSIが許容範囲,取引許可,49.924640016312075,160.06832167724212,160.06914364104856,entry_candidate
21a4b709-9545-427a-86a5-154cdaf14794,2026-06-08 16:40:00+09:00,USDJPY,rule_based_ai_stub,v0.1,downtrend,short,0.65,medium,True,短期MAが長期MAを下回り、RSIが許容範囲,取引許可,44.28207571681957,160.06822091809758,160.06907791767608,entry_candidate
c6853f54-d408-4b8d-a6da-4d137399798f,2026-06-08 16:45:00+09:00,USDJPY,rule_based_ai_stub,v0.1,downtrend,short,0.65,medium,True,短期MAが長期MAを下回り、RSIが許容範囲,取引許可,47.20978536960867,160.06820391118626,160.06901895883234,entry_candidate
95c84cbe-bfb6-4342-be1c-5526b37de0f1,2026-06-08 16:50:00+09:00,USDJPY,rule_based_ai_stub,v0.1,downtrend,short,0.65,medium,True,短期MAが長期MAを下回り、RSIが許容範囲,取引許可,42.327768369885796,160.06823738651315,160.0689612256202,entry_candidate
f03dff13-648a-4b0a-9ee0-c886ff3824e5,2026-06-08 16:55:00+09:00,USDJPY,rule_based_ai_stub,v0.1,downtrend,short,0.65,medium,True,短期MAが長期MAを下回り、RSIが許容範囲,取引許可,45.638705328531785,160.06822182771182,160.06890604707382,entry_candidate
f3500162-b32c-4598-905e-4d3a800fda69,2026-06-08 17:00:00+09:00,USDJPY,rule_based_ai_stub,v0.1,downtrend,short,0.65,medium,True,短期MAが長期MAを下回り、RSIが許容範囲,取引許可,52.86410933788931,160.06818949439295,160.06884128766126,entry_candidate
224c9aec-16af-482d-b695-ffa162fca64e,2026-06-08 17:05:00+09:00,USDJPY,rule_based_ai_stub,v0.1,downtrend,short,0.65,medium,True,短期MAが長期MAを下回り、RSIが許容範囲,取引許可,43.98089084179298,160.068152154279,160.0687397603838,entry_candidate
1ba009c6-be0c-4714-8110-4d9eca561900,2026-06-08 17:10:00+09:00,USDJPY,rule_based_ai_stub,v0.1,downtrend,short,0.65,medium,True,短期MAが長期MAを下回り、RSIが許容範囲,取引許可,45.896357285575625,160.0681953385364,160.06865290428334,entry_candidate
0703e41e-9615-490b-8675-e8fb11e22eb8,2026-06-08 17:15:00+09:00,USDJPY,rule_based_ai_stub,v0.1,downtrend,short,0.65,medium,True,短期MAが長期MAを下回り、RSIが許容範囲,取引許可,47.63428063573894,160.06815659037625,160.06856499777786,entry_candidate
c1c7b2b3-fb3a-43ee-be6d-49da67643b9b,2026-06-08 17:20:00+09:00,USDJPY,rule_based_ai_stub,v0.1,downtrend,short,0.65,medium,True,短期MAが長期MAを下回り、RSIが許容範囲,取引許可,50.80603729377178,160.068165882815,160.0684732724745,entry_candidate
1680890f-b5b4-4156-8e63-ba287f7c78ea,2026-06-08 17:25:00+09:00,USDJPY,rule_based_ai_stub,v0.1,downtrend,short,0.65,medium,True,短期MAが長期MAを下回り、RSIが許容範囲,取引許可,39.619941578823344,160.06804332413734,160.0683549545691,entry_candidate
7a120662-5fd4-4e3f-8d8d-6a10597deb5b,2026-06-08 17:30:00+09:00,USDJPY,rule_based_ai_stub,v0.1,downtrend,short,0.65,medium,True,短期MAが長期MAを下回り、RSIが許容範囲,取引許可,34.60016668602108,160.06783767981347,160.06821799534958,entry_candidate
abb6fdeb-6917-4fe8-83f8-78406de16421,2026-06-08 17:35:00+09:00,USDJPY,rule_based_ai_stub,v0.1,downtrend,none,0.2,low,False,条件未達,取引許可,22.350006963106466,160.06759056450517,160.06811612201662,wait
605cc21e-bd77-4a99-8d12-00b818991e84,2026-06-08 17:40:00+09:00,USDJPY,rule_based_ai_stub,v0.1,downtrend,short,0.65,medium,True,短期MAが長期MAを下回り、RSIが許容範囲,取引許可,41.474491840973066,160.06748051089176,160.06806363455482,entry_candidate
0a436382-2168-47e9-93fb-32bad4f1372f,2026-06-08 17:45:00+09:00,USDJPY,rule_based_ai_stub,v0.1,downtrend,short,0.65,medium,True,短期MAが長期MAを下回り、RSIが許容範囲,取引許可,42.24940526261266,160.06737952812117,160.06804456903828,entry_candidate
3a9de82b-ee06-4536-ba69-5ea28168a9af,2026-06-08 17:50:00+09:00,USDJPY,rule_based_ai_stub,v0.1,downtrend,short,0.65,medium,True,短期MAが長期MAを下回り、RSIが許容範囲,取引許可,43.46712197910126,160.06730478803175,160.06803365151868,entry_candidate
cff1a3fe-c035-4e80-bc3f-b7a95213ca0b,2026-06-08 17:55:00+09:00,USDJPY,rule_based_ai_stub,v0.1,downtrend,short,0.65,medium,True,短期MAが長期MAを下回り、RSIが許容範囲,取引許可,39.05148776839526,160.0672250430461,160.0680208154906,entry_candidate
0be25372-abd1-4d75-b729-a6f065aa65dd,2026-06-08 18:00:00+09:00,USDJPY,rule_based_ai_stub,v0.1,downtrend,short,0.65,medium,True,短期MAが長期MAを下回り、RSIが許容範囲,取引許可,41.379691653477174,160.0671443753964,160.0680159080342,entry_candidate
e427f23d-fc51-4c9a-961e-cbad366120e8,2026-06-08 18:05:00+09:00,USDJPY,rule_based_ai_stub,v0.1,downtrend,short,0.65,medium,True,短期MAが長期MAを下回り、RSIが許容範囲,取引許可,45.17944472000784,160.06714117307519,160.06799591143746,entry_candidate
8f69bea8-04e5-4951-9e75-75ceba83720f,2026-06-08 18:10:00+09:00,USDJPY,rule_based_ai_stub,v0.1,downtrend,short,0.65,medium,True,短期MAが長期MAを下回り、RSIが許容範囲,取引許可,40.28701450656056,160.06704188889594,160.0679507888811,entry_candidate
1c6bd2db-3706-455b-9be1-f772f0a331bb,2026-06-08 18:15:00+09:00,USDJPY,rule_based_ai_stub,v0.1,downtrend,short,0.65,medium,True,短期MAが長期MAを下回り、RSIが許容範囲,取引許可,49.578878257227345,160.0670239814798,160.06791923044696,entry_candidate
2de0d66a-8008-45c0-b831-f58c30f2b629,2026-06-08 18:20:00+09:00,USDJPY,rule_based_ai_stub,v0.1,downtrend,short,0.65,medium,True,短期MAが長期MAを下回り、RSIが許容範囲,取引許可,49.467476408496395,160.06705327312514,160.06788922491566,entry_candidate
53f91286-a13c-442d-b060-d87828d9d159,2026-06-08 18:25:00+09:00,USDJPY,rule_based_ai_stub,v0.1,downtrend,short,0.65,medium,True,短期MAが長期MAを下回り、RSIが許容範囲,取引許可,54.716500986044544,160.06716819152552,160.06789016969844,entry_candidate
620411a0-2632-4594-874f-cf8cccca5dc7,2026-06-08 18:30:00+09:00,USDJPY,rule_based_ai_stub,v0.1,downtrend,short,0.65,medium,True,短期MAが長期MAを下回り、RSIが許容範囲,取引許可,57.40102298242832,160.0674331503958,160.0678811038804,entry_candidate
1f441ad4-97bd-4fde-a19a-8146c7aa44c3,2026-06-08 18:35:00+09:00,USDJPY,rule_based_ai_stub,v0.1,downtrend,none,0.2,low,False,条件未達,取引許可,62.61690379042719,160.0677086414871,160.0678736277448,wait
b72e44ca-f182-4c19-b766-0c43db68d455,2026-06-08 18:40:00+09:00,USDJPY,rule_based_ai_stub,v0.1,uptrend,none,0.2,low,False,条件未達,取引許可,82.7457888060644,160.06789714486908,160.06786619128613,wait
f6973859-1c7e-482f-a780-fa6945bc0d6d,2026-06-08 18:45:00+09:00,USDJPY,rule_based_ai_stub,v0.1,uptrend,none,0.2,low,False,条件未達,取引許可,85.33320081739315,160.06807600874336,160.0678864826836,wait
29912460-5862-4966-88d1-1a0c23d20b54,2026-06-08 18:50:00+09:00,USDJPY,rule_based_ai_stub,v0.1,uptrend,none,0.2,low,False,条件未達,取引許可,76.79166325521615,160.06823813360108,160.06792676938198,wait
2f77eed5-84e0-40e8-bbc6-acf7cc7f2aea,2026-06-08 18:55:00+09:00,USDJPY,rule_based_ai_stub,v0.1,uptrend,long,0.65,medium,True,短期MAが長期MAを上回り、RSIが許容範囲,取引許可,68.38275393181117,160.06838472291165,160.06794386455653,entry_candidate
e85b5db2-13c1-4211-9d04-f93da2358db1,2026-06-08 19:00:00+09:00,USDJPY,rule_based_ai_stub,v0.1,uptrend,long,0.65,medium,True,短期MAが長期MAを上回り、RSIが許容範囲,取引許可,68.91216171197873,160.0685352817423,160.0679563838439,entry_candidate
a7d16687-781a-4dcd-a1a3-476f58eecf42,2026-06-08 19:05:00+09:00,USDJPY,rule_based_ai_stub,v0.1,uptrend,none,0.2,low,False,条件未達,取引許可,76.42874937363322,160.0687359356248,160.0680097543263,wait
8b9ab230-13be-43c4-bf94-abfa936f028e,2026-06-08 19:10:00+09:00,USDJPY,rule_based_ai_stub,v0.1,uptrend,long,0.65,medium,True,短期MAが長期MAを上回り、RSIが許容範囲,取引許可,66.9138285745658,160.06893367479424,160.06805696740886,entry_candidate
a3c5e603-840b-4535-a17e-ea7b4fd65a27,2026-06-08 19:15:00+09:00,USDJPY,rule_based_ai_stub,v0.1,uptrend,long,0.65,medium,True,短期MAが長期MAを上回り、RSIが許容範囲,取引許可,56.20079152683436,160.0690023216157,160.0680609644906,entry_candidate
455636ef-1d69-4cfe-b671-643a9a0e5fa1,2026-06-08 19:20:00+09:00,USDJPY,rule_based_ai_stub,v0.1,uptrend,long,0.65,medium,True,短期MAが長期MAを上回り、RSIが許容範囲,取引許可,63.67208154277486,160.06904343741343,160.06808753111784,entry_candidate
1bfe34da-4484-4f96-b241-cc0078c5798f,2026-06-08 19:25:00+09:00,USDJPY,rule_based_ai_stub,v0.1,uptrend,long,0.65,medium,True,短期MAが長期MAを上回り、RSIが許容範囲,取引許可,59.26055368106215,160.06905118830997,160.06808756799094,entry_candidate
534275bd-358c-49c5-b869-859eddd3deff,2026-06-08 19:30:00+09:00,USDJPY,rule_based_ai_stub,v0.1,uptrend,long,0.65,medium,True,短期MAが長期MAを上回り、RSIが許容範囲,取引許可,56.572526903244366,160.06904568250278,160.06810550423737,entry_candidate
351e0065-ed19-4f67-8587-ac04a733c081,2026-06-08 19:35:00+09:00,USDJPY,rule_based_ai_stub,v0.1,uptrend,long,0.65,medium,True,短期MAが長期MAを上回り、RSIが許容範囲,取引許可,53.912006774761394,160.0690513935226,160.06811686650497,entry_candidate
551ece51-d5bc-4e74-9b0c-5d7d8f1f3620,2026-06-08 19:40:00+09:00,USDJPY,rule_based_ai_stub,v0.1,uptrend,long,0.65,medium,True,短期MAが長期MAを上回り、RSIが許容範囲,取引許可,49.62606810402444,160.0690123013679,160.06812998570956,entry_candidate
e21f4215-ff2e-46f3-a94a-6011528bd047,2026-06-08 19:45:00+09:00,USDJPY,rule_based_ai_stub,v0.1,uptrend,long,0.65,medium,True,短期MAが長期MAを上回り、RSIが許容範囲,取引許可,57.88962083188386,160.06901811167845,160.0681578828477,entry_candidate
b242bfa8-6c69-4907-aaa0-59470968bd02,2026-06-08 19:50:00+09:00,USDJPY,rule_based_ai_stub,v0.1,uptrend,long,0.65,medium,True,短期MAが長期MAを上回り、RSIが許容範囲,取引許可,45.639992745573906,160.06896157882562,160.06816816681948,entry_candidate
646a3a2a-3f97-4edb-b60c-db36b6bfe85e,2026-06-08 19:55:00+09:00,USDJPY,rule_based_ai_stub,v0.1,uptrend,none,0.2,low,False,条件未達,取引許可,38.669312902517966,160.06889230121018,160.06816735572266,wait
7f2ba160-7d9e-4349-aee6-25a31143b213,2026-06-08 20:00:00+09:00,USDJPY,rule_based_ai_stub,v0.1,uptrend,none,0.2,low,False,条件未達,取引許可,39.65789011083118,160.068812768042,160.0681641417269,wait
c844f07a-5134-45b0-bb67-567d1fd901c5,2026-06-08 20:05:00+09:00,USDJPY,rule_based_ai_stub,v0.1,uptrend,none,0.2,low,False,条件未達,取引許可,35.758988371218436,160.06857362442565,160.06815024437523,wait
d9ade93a-fb46-4411-8395-7f9fd23dba54,2026-06-08 20:10:00+09:00,USDJPY,rule_based_ai_stub,v0.1,uptrend,none,0.2,low,False,条件未達,取引許可,34.540454099392974,160.0683876434429,160.06812106904437,wait
39bded20-8bb5-4e99-bd0a-ca98fbbe8ebe,2026-06-08 20:15:00+09:00,USDJPY,rule_based_ai_stub,v0.1,uptrend,none,0.2,low,False,条件未達,取引許可,35.20765936068702,160.06835811223172,160.06812813844238,wait
70ab5ffc-0727-4934-b37d-b0a766439c6e,2026-06-08 20:20:00+09:00,USDJPY,rule_based_ai_stub,v0.1,uptrend,none,0.2,low,False,条件未達,取引許可,39.825278730303815,160.06832138730286,160.06813936594713,wait
2825393b-b598-4f60-9187-e96374d92443,2026-06-08 20:25:00+09:00,USDJPY,rule_based_ai_stub,v0.1,uptrend,long,0.65,medium,True,短期MAが長期MAを上回り、RSIが許容範囲,取引許可,48.23172144609171,160.0682936530342,160.06817101095655,entry_candidate
e2a76b63-c665-4c0b-97eb-fa33107f18d5,2026-06-08 20:30:00+09:00,USDJPY,rule_based_ai_stub,v0.1,downtrend,short,0.65,medium,True,短期MAが長期MAを下回り、RSIが許容範囲,取引許可,41.08490176256475,160.06819424344408,160.06822435878087,entry_candidate
b0a0a3e6-23c2-40e8-bbd4-3637cfb80a0d,2026-06-08 20:35:00+09:00,USDJPY,rule_based_ai_stub,v0.1,downtrend,short,0.65,medium,True,短期MAが長期MAを下回り、RSIが許容範囲,取引許可,38.28967755285708,160.06805181812365,160.06827061771114,entry_candidate
d06a05a0-9326-4a03-8cd6-01078c6123ac,2026-06-08 20:40:00+09:00,USDJPY,rule_based_ai_stub,v0.1,downtrend,short,0.65,medium,True,短期MAが長期MAを下回り、RSIが許容範囲,取引許可,35.843835804162296,160.06790179309692,160.06827041311132,entry_candidate
84efbbf6-cd3a-440e-aced-a3c55b8ac45d,2026-06-08 20:45:00+09:00,USDJPY,rule_based_ai_stub,v0.1,downtrend,short,0.65,medium,True,短期MAが長期MAを下回り、RSIが許容範囲,取引許可,33.21050403764973,160.06766138914347,160.06825183652177,entry_candidate
b8f1625d-9f0f-4396-87ef-ffffbf56cce2,2026-06-08 20:50:00+09:00,USDJPY,rule_based_ai_stub,v0.1,downtrend,short,0.65,medium,True,短期MAが長期MAを下回り、RSIが許容範囲,取引許可,41.31973104786541,160.06756511257865,160.06825494166847,entry_candidate
22ccb57d-b0ff-4bc3-8f5b-d26874240ae3,2026-06-08 20:55:00+09:00,USDJPY,rule_based_ai_stub,v0.1,downtrend,short,0.65,medium,True,短期MAが長期MAを下回り、RSIが許容範囲,取引許可,36.162680461648854,160.06753814541813,160.06827172317998,entry_candidate
5eb83f3b-ebac-4d61-9bcc-8c58fd5d9333,2026-06-08 21:00:00+09:00,USDJPY,rule_based_ai_stub,v0.1,downtrend,short,0.65,medium,True,短期MAが長期MAを下回り、RSIが許容範囲,取引許可,37.91210733676876,160.0674607680978,160.06826960596067,entry_candidate
787c1479-25b1-41b3-aae9-c0ccf81b141c,2026-06-08 21:05:00+09:00,USDJPY,rule_based_ai_stub,v0.1,downtrend,short,0.65,medium,True,短期MAが長期MAを下回り、RSIが許容範囲,取引許可,42.83625348516565,160.0674778754569,160.06826247850245,entry_candidate
e4bceb8f-e376-41b2-9691-c50c9fecf552,2026-06-08 21:10:00+09:00,USDJPY,rule_based_ai_stub,v0.1,downtrend,short,0.65,medium,True,短期MAが長期MAを下回り、RSIが許容範囲,取引許可,46.15143492635343,160.06752868662363,160.06828333495358,entry_candidate
ee5390c0-4f7f-4eac-b9a2-4afba53048e1,2026-06-08 21:15:00+09:00,USDJPY,rule_based_ai_stub,v0.1,downtrend,none,0.2,low,False,条件未達,取引許可,60.56878891989388,160.067553431734,160.06830462186045,wait
ee10c342-2a2e-4a27-b8ca-d3064bb9159d,2026-06-08 21:20:00+09:00,USDJPY,rule_based_ai_stub,v0.1,downtrend,none,0.2,low,False,条件未達,取引許可,67.19160443236544,160.06765615955433,160.0683403280902,wait
670d1b73-91fb-4655-85e5-95df69ef193b,2026-06-08 21:25:00+09:00,USDJPY,rule_based_ai_stub,v0.1,downtrend,short,0.65,medium,True,短期MAが長期MAを下回り、RSIが許容範囲,取引許可,55.31653711204095,160.0676965976198,160.06834714632132,entry_candidate
2f4926bc-3a07-41cf-8552-9500744737c9,2026-06-08 21:30:00+09:00,USDJPY,rule_based_ai_stub,v0.1,downtrend,short,0.65,medium,True,短期MAが長期MAを下回り、RSIが許容範囲,取引許可,51.18606654671258,160.0677595010479,160.0683331423316,entry_candidate
c99d0e8b-cd81-432a-854f-626af84dc6d8,2026-06-08 21:35:00+09:00,USDJPY,rule_based_ai_stub,v0.1,downtrend,short,0.65,medium,True,短期MAが長期MAを下回り、RSIが許容範囲,取引許可,44.90546389713486,160.0677903436535,160.06829785176657,entry_candidate
76d76d7b-03b2-4b04-b544-10df0576b600,2026-06-08 21:40:00+09:00,USDJPY,rule_based_ai_stub,v0.1,downtrend,short,0.65,medium,True,短期MAが長期MAを下回り、RSIが許容範囲,取引許可,49.09082055948318,160.06782824508514,160.0682474465167,entry_candidate
e473bca5-daec-4f1f-ac38-4183f1749452,2026-06-08 21:45:00+09:00,USDJPY,rule_based_ai_stub,v0.1,downtrend,short,0.65,medium,True,短期MAが長期MAを下回り、RSIが許容範囲,取引許可,54.05086599023108,160.06790535019036,160.06819495033744,entry_candidate
e8d4c1fa-d43e-4192-893d-e9ce539c1ba4,2026-06-08 21:50:00+09:00,USDJPY,rule_based_ai_stub,v0.1,downtrend,short,0.65,medium,True,短期MAが長期MAを下回り、RSIが許容範囲,取引許可,59.72853878291529,160.06796773983166,160.068164810412,entry_candidate
0d2f1a39-e19d-4535-bd52-3b34c5af88e9,2026-06-08 21:55:00+09:00,USDJPY,rule_based_ai_stub,v0.1,downtrend,none,0.2,low,False,条件未達,取引許可,61.006803155775565,160.06799844736872,160.0681429646657,wait
d17829bb-5635-4b07-90c6-959d3d65aaeb,2026-06-08 22:00:00+09:00,USDJPY,rule_based_ai_stub,v0.1,downtrend,short,0.65,medium,True,短期MAが長期MAを下回り、RSIが許容範囲,取引許可,54.29703679763913,160.06806873542746,160.0681140905224,entry_candidate
199a577d-c37d-4107-b830-db9fac00bcd0,2026-06-08 22:05:00+09:00,USDJPY,rule_based_ai_stub,v0.1,uptrend,long,0.65,medium,True,短期MAが長期MAを上回り、RSIが許容範囲,取引許可,52.42224324101434,160.06813428614694,160.06806192867649,entry_candidate
4a801289-bb8a-4ad1-a2b8-ffcc7ff9b93b,2026-06-08 22:10:00+09:00,USDJPY,rule_based_ai_stub,v0.1,uptrend,long,0.65,medium,True,短期MAが長期MAを上回り、RSIが許容範囲,取引許可,53.92806671004788,160.06813316863386,160.0680164995668,entry_candidate
8dcda99b-4e76-410c-8ae7-d439078c4d80,2026-06-08 22:15:00+09:00,USDJPY,rule_based_ai_stub,v0.1,uptrend,long,0.65,medium,True,短期MAが長期MAを上回り、RSIが許容範囲,取引許可,61.33595655290288,160.06817952060496,160.0680303548569,entry_candidate
68258f57-57f1-4658-911d-d9ae07aec33d,2026-06-08 22:20:00+09:00,USDJPY,rule_based_ai_stub,v0.1,uptrend,long,0.65,medium,True,短期MAが長期MAを上回り、RSIが許容範囲,取引許可,51.965389996958,160.06806646249038,160.0680146697825,entry_candidate
921a8a47-0a13-4633-bf68-e9b727babc2f,2026-06-08 22:25:00+09:00,USDJPY,rule_based_ai_stub,v0.1,uptrend,long,0.65,medium,True,短期MAが長期MAを上回り、RSIが許容範囲,取引許可,48.00334921196819,160.0680133961143,160.06800121558945,entry_candidate
2014b1c4-f4ad-4975-8d91-659447a8e19b,2026-06-08 22:30:00+09:00,USDJPY,rule_based_ai_stub,v0.1,uptrend,long,0.65,medium,True,短期MAが長期MAを上回り、RSIが許容範囲,取引許可,49.9190008762482,160.0681020529248,160.06801859913892,entry_candidate
48789865-3c91-4151-9468-9bc9ac43bf5d,2026-06-08 22:35:00+09:00,USDJPY,rule_based_ai_stub,v0.1,uptrend,long,0.65,medium,True,短期MAが長期MAを上回り、RSIが許容範囲,取引許可,54.53531030421351,160.06825392862044,160.0680320301325,entry_candidate
170cab80-0ec4-402d-a266-a466b3f4a525,2026-06-08 22:40:00+09:00,USDJPY,rule_based_ai_stub,v0.1,uptrend,long,0.65,medium,True,短期MAが長期MAを上回り、RSIが許容範囲,取引許可,57.78126519016042,160.0684080033573,160.06804601384647,entry_candidate
9d7b495d-7ade-4dec-87e2-4a5bb1fe368c,2026-06-08 22:45:00+09:00,USDJPY,rule_based_ai_stub,v0.1,uptrend,long,0.65,medium,True,短期MAが長期MAを上回り、RSIが許容範囲,取引許可,63.238711634840925,160.0685208879043,160.06802920907936,entry_candidate
377208ba-7f24-4fea-be6a-d29a53ba8b1f,2026-06-08 22:50:00+09:00,USDJPY,rule_based_ai_stub,v0.1,uptrend,long,0.65,medium,True,短期MAが長期MAを上回り、RSIが許容範囲,取引許可,63.596579596403664,160.06857538614136,160.0680360795172,entry_candidate
4f6e776f-d22e-4b0a-b813-2b70daa5ed16,2026-06-08 22:55:00+09:00,USDJPY,rule_based_ai_stub,v0.1,uptrend,long,0.65,medium,True,短期MAが長期MAを上回り、RSIが許容範囲,取引許可,66.77475609812282,160.06870232435332,160.06807963904672,entry_candidate
a4caa092-dc57-46d6-a616-c8a059698b8d,2026-06-08 23:00:00+09:00,USDJPY,rule_based_ai_stub,v0.1,uptrend,long,0.65,medium,True,短期MAが長期MAを上回り、RSIが許容範囲,取引許可,51.22808576772716,160.06873466184592,160.06808805512372,entry_candidate
7969ca67-7ce0-44c3-9e0a-a06278efc788,2026-06-08 23:05:00+09:00,USDJPY,rule_based_ai_stub,v0.1,uptrend,long,0.65,medium,True,短期MAが長期MAを上回り、RSIが許容範囲,取引許可,57.24704435384824,160.06883608312395,160.06814941490924,entry_candidate
e01aa88e-155e-49da-a612-6d98a5b83e76,2026-06-08 23:10:00+09:00,USDJPY,rule_based_ai_stub,v0.1,uptrend,long,0.65,medium,True,短期MAが長期MAを上回り、RSIが許容範囲,取引許可,52.78617832844654,160.06890806368946,160.0681899729823,entry_candidate
08179ec5-ab1d-4d2f-8695-61eb5f377b8b,2026-06-08 23:15:00+09:00,USDJPY,rule_based_ai_stub,v0.1,uptrend,long,0.65,medium,True,短期MAが長期MAを上回り、RSIが許容範囲,取引許可,51.30220684317216,160.06886223470238,160.0681983956805,entry_candidate
0c30faf5-b4c5-47b1-ba8d-737a7da192ed,2026-06-08 23:20:00+09:00,USDJPY,rule_based_ai_stub,v0.1,uptrend,long,0.65,medium,True,短期MAが長期MAを上回り、RSIが許容範囲,取引許可,52.80626300242836,160.06887532654568,160.0681993161968,entry_candidate
3831fab9-1fcd-43fb-8e7a-7a5f64eb2359,2026-06-08 23:25:00+09:00,USDJPY,rule_based_ai_stub,v0.1,uptrend,long,0.65,medium,True,短期MAが長期MAを上回り、RSIが許容範囲,取引許可,47.067630746619045,160.0689086090235,160.06820620091924,entry_candidate
aebe1545-80ee-43e4-b311-1010b4537a89,2026-06-08 23:30:00+09:00,USDJPY,rule_based_ai_stub,v0.1,uptrend,long,0.65,medium,True,短期MAが長期MAを上回り、RSIが許容範囲,取引許可,47.10402246265972,160.0687608049728,160.06820745298185,entry_candidate
5442622f-fb93-4002-9e2d-f6af145f5000,2026-06-08 23:35:00+09:00,USDJPY,rule_based_ai_stub,v0.1,uptrend,long,0.65,medium,True,短期MAが長期MAを上回り、RSIが許容範囲,取引許可,48.26761883842234,160.06863576956314,160.06822668061236,entry_candidate
e0283bce-77e4-464b-a6d9-523382c4fe97,2026-06-08 23:40:00+09:00,USDJPY,rule_based_ai_stub,v0.1,uptrend,long,0.65,medium,True,短期MAが長期MAを上回り、RSIが許容範囲,取引許可,48.27050397341495,160.0686214515864,160.0682859000096,entry_candidate
dc2618db-8142-46c8-9630-862ebe52972d,2026-06-08 23:45:00+09:00,USDJPY,rule_based_ai_stub,v0.1,uptrend,long,0.65,medium,True,短期MAが長期MAを上回り、RSIが許容範囲,取引許可,43.51930724470529,160.0685568471806,160.06832769509174,entry_candidate
f47f4efd-bc96-4762-ba8e-5fedc90180d9,2026-06-08 23:50:00+09:00,USDJPY,rule_based_ai_stub,v0.1,uptrend,long,0.65,medium,True,短期MAが長期MAを上回り、RSIが許容範囲,取引許可,44.89390498221595,160.06851074766723,160.06835129121342,entry_candidate
990374d2-d6d5-4e54-8a5d-b7d38de66e3b,2026-06-08 23:55:00+09:00,USDJPY,rule_based_ai_stub,v0.1,uptrend,long,0.65,medium,True,短期MAが長期MAを上回り、RSIが許容範囲,取引許可,43.93602865238719,160.06836290662127,160.06835455944778,entry_candidate
2950a882-966e-45b9-ae58-152b17dbf280,2026-06-09 00:00:00+09:00,USDJPY,rule_based_ai_stub,v0.1,downtrend,short,0.65,medium,True,短期MAが長期MAを下回り、RSIが許容範囲,取引許可,46.13537981633431,160.06834695303115,160.06838345010155,entry_candidate
8894458b-bea5-4fa1-a85b-79de3ede7947,2026-06-09 00:05:00+09:00,USDJPY,rule_based_ai_stub,v0.1,downtrend,short,0.65,medium,True,短期MAが長期MAを下回り、RSIが許容範囲,取引許可,40.61064640146213,160.0682552851449,160.06840855147192,entry_candidate
74ae6a5b-e7da-4098-99d5-320537956a30,2026-06-09 00:10:00+09:00,USDJPY,rule_based_ai_stub,v0.1,downtrend,short,0.65,medium,True,短期MAが長期MAを下回り、RSIが許容範囲,取引許可,46.09524105913199,160.06820274077074,160.068414657698,entry_candidate
34af28eb-8cb7-4c70-983d-07db76d7b518,2026-06-09 00:15:00+09:00,USDJPY,rule_based_ai_stub,v0.1,downtrend,short,0.65,medium,True,短期MAが長期MAを下回り、RSIが許容範囲,取引許可,40.76928223405153,160.06818792262732,160.0684098926449,entry_candidate
6a3ea96a-dca8-45ed-9257-461d05ee6988,2026-06-09 00:20:00+09:00,USDJPY,rule_based_ai_stub,v0.1,downtrend,short,0.65,medium,True,短期MAが長期MAを下回り、RSIが許容範囲,取引許可,55.79604796240081,160.0682847841104,160.0684088577155,entry_candidate
f0c3bcf1-9500-4a95-a703-06effd075c56,2026-06-09 00:25:00+09:00,USDJPY,rule_based_ai_stub,v0.1,downtrend,short,0.65,medium,True,短期MAが長期MAを下回り、RSIが許容範囲,取引許可,56.18307852881791,160.0683426727404,160.06842155929274,entry_candidate
adb8ed81-c5f4-4c81-9e61-bd39e9130d2e,2026-06-09 00:30:00+09:00,USDJPY,rule_based_ai_stub,v0.1,uptrend,long,0.65,medium,True,短期MAが長期MAを上回り、RSIが許容範囲,取引許可,61.114356475005074,160.06851645548514,160.06845977112758,entry_candidate
9890fd2a-7c7a-4408-9e73-9531c31d322f,2026-06-09 00:35:00+09:00,USDJPY,rule_based_ai_stub,v0.1,uptrend,long,0.65,medium,True,短期MAが長期MAを上回り、RSIが許容範囲,取引許可,52.59154878328887,160.06860246594866,160.06849738804408,entry_candidate
4496b799-fe8d-456a-a7aa-2ec114df7457,2026-06-09 00:40:00+09:00,USDJPY,rule_based_ai_stub,v0.1,uptrend,long,0.65,medium,True,短期MAが長期MAを上回り、RSIが許容範囲,取引許可,55.58498404022909,160.06853943911216,160.06852296468526,entry_candidate
51ec3c6d-93a9-4999-91d1-5dc05d06b827,2026-06-09 00:45:00+09:00,USDJPY,rule_based_ai_stub,v0.1,uptrend,long,0.65,medium,True,短期MAが長期MAを上回り、RSIが許容範囲,取引許可,55.625264528391995,160.0685681912898,160.06854864212488,entry_candidate
66a62464-0e09-4316-a10b-a1a092c07c50,2026-06-09 00:50:00+09:00,USDJPY,rule_based_ai_stub,v0.1,uptrend,long,0.65,medium,True,短期MAが長期MAを上回り、RSIが許容範囲,取引許可,53.39412862350753,160.06866166396046,160.06858259925636,entry_candidate
31ddd835-bb91-437a-9043-6d642ee78552,2026-06-09 00:55:00+09:00,USDJPY,rule_based_ai_stub,v0.1,uptrend,long,0.65,medium,True,短期MAが長期MAを上回り、RSIが許容範囲,取引許可,62.52919902134776,160.06880601640748,160.06862374912737,entry_candidate
c7c6c914-fbeb-471d-88cd-4a8e6b43da0a,2026-06-09 01:00:00+09:00,USDJPY,rule_based_ai_stub,v0.1,uptrend,long,0.65,medium,True,短期MAが長期MAを上回り、RSIが許容範囲,取引許可,59.86519542072568,160.06891342159267,160.06866501215657,entry_candidate
5e227e65-2a2b-4251-8830-1d5daa9fa839,2026-06-09 01:05:00+09:00,USDJPY,rule_based_ai_stub,v0.1,uptrend,long,0.65,medium,True,短期MAが長期MAを上回り、RSIが許容範囲,取引許可,64.11993922333511,160.06901983395923,160.06870373407602,entry_candidate
fc53d8df-b17b-4f38-9f87-bd6385e478d0,2026-06-09 01:10:00+09:00,USDJPY,rule_based_ai_stub,v0.1,uptrend,long,0.65,medium,True,短期MAが長期MAを上回り、RSIが許容範囲,取引許可,54.641646138738544,160.06909580028454,160.06873553491494,entry_candidate
65c9f473-9d1c-4d78-9a5c-36e2d43033ea,2026-06-09 01:15:00+09:00,USDJPY,rule_based_ai_stub,v0.1,uptrend,long,0.65,medium,True,短期MAが長期MAを上回り、RSIが許容範囲,取引許可,57.14487602106705,160.06917759876194,160.06874258536388,entry_candidate
5f6ff8bd-463b-4dd7-b538-4e9564e6d62e,2026-06-09 01:20:00+09:00,USDJPY,rule_based_ai_stub,v0.1,uptrend,long,0.65,medium,True,短期MAが長期MAを上回り、RSIが許容範囲,取引許可,63.967045362777895,160.069213296487,160.06879113571438,entry_candidate
872a1e3f-09ef-4d60-a95e-9fcc402ed322,2026-06-09 01:25:00+09:00,USDJPY,rule_based_ai_stub,v0.1,uptrend,long,0.65,medium,True,短期MAが長期MAを上回り、RSIが許容範囲,取引許可,59.70943454200465,160.06923593488492,160.06882907221632,entry_candidate
3c6ce8fe-e9ed-4b9f-9807-3a70257cd6b9,2026-06-09 01:30:00+09:00,USDJPY,rule_based_ai_stub,v0.1,uptrend,long,0.65,medium,True,短期MAが長期MAを上回り、RSIが許容範囲,取引許可,49.07433229909994,160.06919908327842,160.0688254479121,entry_candidate
5cf74e7c-5eb6-46ab-9a62-934def3f2e78,2026-06-09 01:35:00+09:00,USDJPY,rule_based_ai_stub,v0.1,uptrend,long,0.65,medium,True,短期MAが長期MAを上回り、RSIが許容範囲,取引許可,51.47571747797896,160.06924018923127,160.06882614158104,entry_candidate
3ca0d646-25ad-4d3c-965d-35191b60d1ba,2026-06-09 01:40:00+09:00,USDJPY,rule_based_ai_stub,v0.1,uptrend,long,0.65,medium,True,短期MAが長期MAを上回り、RSIが許容範囲,取引許可,45.26568229888255,160.06930728101617,160.0688227239049,entry_candidate
3e438ff6-1f89-403e-a15e-0d5e5849e4bf,2026-06-09 01:45:00+09:00,USDJPY,rule_based_ai_stub,v0.1,uptrend,long,0.65,medium,True,短期MAが長期MAを上回り、RSIが許容範囲,取引許可,52.20126264195067,160.06934744585644,160.06882416144228,entry_candidate
6b4ee98f-ce12-40cd-9c40-a25269313a76,2026-06-09 01:50:00+09:00,USDJPY,rule_based_ai_stub,v0.1,uptrend,long,0.65,medium,True,短期MAが長期MAを上回り、RSIが許容範囲,取引許可,68.55478228733685,160.06941839098474,160.0688636008708,entry_candidate
b757e04e-4a57-4299-bd90-7067f9be0910,2026-06-09 01:55:00+09:00,USDJPY,rule_based_ai_stub,v0.1,uptrend,long,0.65,medium,True,短期MAが長期MAを上回り、RSIが許容範囲,取引許可,65.06296992077054,160.06945920416055,160.06887604239645,entry_candidate
2b0782a2-5c10-47a0-a6f8-6fc8e22094c6,2026-06-09 02:00:00+09:00,USDJPY,rule_based_ai_stub,v0.1,uptrend,long,0.65,medium,True,短期MAが長期MAを上回り、RSIが許容範囲,取引許可,55.45113218359801,160.0694977532303,160.06891937595137,entry_candidate
1d7772ed-9676-4372-b1c1-27a5eb08b3d4,2026-06-09 02:05:00+09:00,USDJPY,rule_based_ai_stub,v0.1,uptrend,long,0.65,medium,True,短期MAが長期MAを上回り、RSIが許容範囲,取引許可,49.02643466255184,160.06950396063948,160.06892635991454,entry_candidate
d044c2b8-2c96-44ba-9b2e-c53577871117,2026-06-09 02:10:00+09:00,USDJPY,rule_based_ai_stub,v0.1,uptrend,long,0.65,medium,True,短期MAが長期MAを上回り、RSIが許容範囲,取引許可,55.305474300216716,160.06960989803395,160.06896947969642,entry_candidate
4d5e0f39-67cc-4325-bc04-15efc3f59cc1,2026-06-09 02:15:00+09:00,USDJPY,rule_based_ai_stub,v0.1,uptrend,long,0.65,medium,True,短期MAが長期MAを上回り、RSIが許容範囲,取引許可,54.16950907511588,160.06967654845343,160.0690140232809,entry_candidate
72735279-e760-4b2d-ad9e-2e90c354d653,2026-06-09 02:20:00+09:00,USDJPY,rule_based_ai_stub,v0.1,uptrend,long,0.65,medium,True,短期MAが長期MAを上回り、RSIが許容範囲,取引許可,58.21975508953078,160.06966661356788,160.0690548980551,entry_candidate
a9868f85-738d-4216-8baa-f9ed083a25f4,2026-06-09 02:25:00+09:00,USDJPY,rule_based_ai_stub,v0.1,uptrend,long,0.65,medium,True,短期MAが長期MAを上回り、RSIが許容範囲,取引許可,61.640285677771,160.06974534840063,160.069107985342,entry_candidate
b02aad6f-04e4-4f1f-a2c2-ca8e8d5c9b34,2026-06-09 02:30:00+09:00,USDJPY,rule_based_ai_stub,v0.1,uptrend,long,0.65,medium,True,短期MAが長期MAを上回り、RSIが許容範囲,取引許可,63.858146594282935,160.06991856549092,160.06921136808484,entry_candidate
aaa47315-9f71-4aef-9d18-4b37aae4a6a2,2026-06-09 02:35:00+09:00,USDJPY,rule_based_ai_stub,v0.1,uptrend,long,0.65,medium,True,短期MAが長期MAを上回り、RSIが許容範囲,取引許可,62.854817442777666,160.0700484674915,160.0692970408905,entry_candidate
9c9bfda1-5df5-4190-820b-9dec201d25a9,2026-06-09 02:40:00+09:00,USDJPY,rule_based_ai_stub,v0.1,uptrend,long,0.65,medium,True,短期MAが長期MAを上回り、RSIが許容範囲,取引許可,54.755366063218304,160.07010687848128,160.0693178662032,entry_candidate
d77e28c4-dc97-4f69-8b51-a124f4e5d6c4,2026-06-09 02:45:00+09:00,USDJPY,rule_based_ai_stub,v0.1,uptrend,long,0.65,medium,True,短期MAが長期MAを上回り、RSIが許容範囲,取引許可,57.653289723727084,160.0702189717863,160.0693782029775,entry_candidate
0403c715-d9c1-46b5-8182-ed6c8edd2a93,2026-06-09 02:50:00+09:00,USDJPY,rule_based_ai_stub,v0.1,uptrend,long,0.65,medium,True,短期MAが長期MAを上回り、RSIが許容範囲,取引許可,56.444787591932624,160.07019184751056,160.06942396748525,entry_candidate
97ba7f66-21a5-4c87-a9b1-905693d404f1,2026-06-09 02:55:00+09:00,USDJPY,rule_based_ai_stub,v0.1,uptrend,long,0.65,medium,True,短期MAが長期MAを上回り、RSIが許容範囲,取引許可,59.46065652395886,160.0702166057998,160.06949394212262,entry_candidate
d5840cc8-c5ff-47fa-924d-5c5491a288ef,2026-06-09 03:00:00+09:00,USDJPY,rule_based_ai_stub,v0.1,uptrend,long,0.65,medium,True,短期MAが長期MAを上回り、RSIが許容範囲,取引許可,43.20294168148348,160.0701607759058,160.06952398357623,entry_candidate
ea6c0ee5-c420-4e2d-a3c8-7fce1d4f4c92,2026-06-09 03:05:00+09:00,USDJPY,rule_based_ai_stub,v0.1,uptrend,long,0.65,medium,True,短期MAが長期MAを上回り、RSIが許容範囲,取引許可,47.90466060476713,160.07018195296897,160.06956858252255,entry_candidate
a1a9f741-0b63-4c21-bb92-bd6de91455d4,2026-06-09 03:10:00+09:00,USDJPY,rule_based_ai_stub,v0.1,uptrend,long,0.65,medium,True,短期MAが長期MAを上回り、RSIが許容範囲,取引許可,44.97675102173773,160.0701053618371,160.06960368671855,entry_candidate
bd513f3b-c410-4e34-b1e5-bb04fe5b5d1f,2026-06-09 03:15:00+09:00,USDJPY,rule_based_ai_stub,v0.1,uptrend,long,0.65,medium,True,短期MAが長期MAを上回り、RSIが許容範囲,取引許可,49.916371347139226,160.07007437011987,160.06964283911174,entry_candidate
e286e422-7da8-4608-a0fb-41a94ed37439,2026-06-09 03:20:00+09:00,USDJPY,rule_based_ai_stub,v0.1,uptrend,long,0.65,medium,True,短期MAが長期MAを上回り、RSIが許容範囲,取引許可,47.17599772920121,160.07007656070792,160.06965215692094,entry_candidate
eb1ce238-6a67-4057-b7d5-db2246b02cf3,2026-06-09 03:25:00+09:00,USDJPY,rule_based_ai_stub,v0.1,uptrend,long,0.65,medium,True,短期MAが長期MAを上回り、RSIが許容範囲,取引許可,44.59299141403759,160.06996498912338,160.06964875746965,entry_candidate
15d555b4-cf11-4baa-8c20-7a454706e087,2026-06-09 03:30:00+09:00,USDJPY,rule_based_ai_stub,v0.1,uptrend,long,0.65,medium,True,短期MAが長期MAを上回り、RSIが許容範囲,取引許可,45.37209090664637,160.069762085573,160.0696265781141,entry_candidate
ac12f819-77c2-4558-b570-79322124b706,2026-06-09 03:35:00+09:00,USDJPY,rule_based_ai_stub,v0.1,downtrend,short,0.65,medium,True,短期MAが長期MAを下回り、RSIが許容範囲,取引許可,42.75127346928008,160.06962351912372,160.06963739194882,entry_candidate
790f7c4c-b1b2-4518-8bff-745215614a04,2026-06-09 03:40:00+09:00,USDJPY,rule_based_ai_stub,v0.1,downtrend,short,0.65,medium,True,短期MAが長期MAを下回り、RSIが許容範囲,取引許可,36.4428349287657,160.06958357439467,160.0696659112974,entry_candidate
fd8caf87-f7b6-40dc-b806-3504294effdf,2026-06-09 03:45:00+09:00,USDJPY,rule_based_ai_stub,v0.1,downtrend,short,0.65,medium,True,短期MAが長期MAを下回り、RSIが許容範囲,取引許可,41.42448381259468,160.06952247463016,160.06969629742431,entry_candidate
12be067a-42c2-470b-b81f-0acc1b2d3c42,2026-06-09 03:50:00+09:00,USDJPY,rule_based_ai_stub,v0.1,downtrend,short,0.65,medium,True,短期MAが長期MAを下回り、RSIが許容範囲,取引許可,57.42937686936306,160.06959442838618,160.06973488896048,entry_candidate
9b787a6c-0de0-4bd1-aa59-2fcd37770333,2026-06-09 03:55:00+09:00,USDJPY,rule_based_ai_stub,v0.1,downtrend,short,0.65,medium,True,短期MAが長期MAを下回り、RSIが許容範囲,取引許可,46.920211170995216,160.06954863878164,160.069741482914,entry_candidate
cba03f76-bf2c-4809-83b3-ce44cdadb018,2026-06-09 04:00:00+09:00,USDJPY,rule_based_ai_stub,v0.1,downtrend,short,0.65,medium,True,短期MAが長期MAを下回り、RSIが許容範囲,取引許可,55.619706951733185,160.06968221499673,160.06978024804428,entry_candidate
f9f30af8-38ca-4e74-b947-e4fc7191f010,2026-06-09 04:05:00+09:00,USDJPY,rule_based_ai_stub,v0.1,downtrend,short,0.65,medium,True,短期MAが長期MAを下回り、RSIが許容範囲,取引許可,53.256041135401574,160.06977637914179,160.06982076425007,entry_candidate
73b3bc57-6f7d-4e1a-81d4-aea8d1fb408d,2026-06-09 04:10:00+09:00,USDJPY,rule_based_ai_stub,v0.1,uptrend,long,0.65,medium,True,短期MAが長期MAを上回り、RSIが許容範囲,取引許可,58.08537251272838,160.0698861626809,160.06986714085065,entry_candidate
81a42d45-a74b-4696-9b2f-0bafddc50a7a,2026-06-09 04:15:00+09:00,USDJPY,rule_based_ai_stub,v0.1,uptrend,long,0.65,medium,True,短期MAが長期MAを上回り、RSIが許容範囲,取引許可,48.72127661926695,160.06989289233277,160.06988127030203,entry_candidate
11a37c0c-21aa-415c-8833-9a189b29bfbc,2026-06-09 04:20:00+09:00,USDJPY,rule_based_ai_stub,v0.1,uptrend,long,0.65,medium,True,短期MAが長期MAを上回り、RSIが許容範囲,取引許可,53.168730600147384,160.06988945231168,160.06987754219583,entry_candidate
545e9bf2-6393-48ee-b32b-12d58b8f4df4,2026-06-09 04:25:00+09:00,USDJPY,rule_based_ai_stub,v0.1,uptrend,long,0.65,medium,True,短期MAが長期MAを上回り、RSIが許容範囲,取引許可,53.953764122580864,160.0699797917672,160.06989670976373,entry_candidate
ff365232-48fd-4d74-94d6-0301f607a787,2026-06-09 04:30:00+09:00,USDJPY,rule_based_ai_stub,v0.1,uptrend,long,0.65,medium,True,短期MAが長期MAを上回り、RSIが許容範囲,取引許可,53.307822734216685,160.0700841055823,160.06992158554874,entry_candidate
f04917f4-2bec-44ea-b652-e5f90fbd9f7e,2026-06-09 04:35:00+09:00,USDJPY,rule_based_ai_stub,v0.1,uptrend,long,0.65,medium,True,短期MAが長期MAを上回り、RSIが許容範囲,取引許可,63.36779227698159,160.0702296612211,160.06996721594544,entry_candidate
4893e75d-cd18-4931-bb9c-c1810e1f2f99,2026-06-09 04:40:00+09:00,USDJPY,rule_based_ai_stub,v0.1,uptrend,long,0.65,medium,True,短期MAが長期MAを上回り、RSIが許容範囲,取引許可,58.317798381862964,160.07029736335275,160.0699959387429,entry_candidate
f9819cec-f199-469d-bdb3-5cd9e8b06ae1,2026-06-09 04:45:00+09:00,USDJPY,rule_based_ai_stub,v0.1,uptrend,long,0.65,medium,True,短期MAが長期MAを上回り、RSIが許容範囲,取引許可,55.97079633700607,160.07033524038798,160.07002556226814,entry_candidate
1fa9a07d-72b7-4026-b07b-aa126801cb54,2026-06-09 04:50:00+09:00,USDJPY,rule_based_ai_stub,v0.1,uptrend,long,0.65,medium,True,短期MAが長期MAを上回り、RSIが許容範囲,取引許可,50.454598487067784,160.07021167572174,160.06999931720617,entry_candidate
7602d440-32e9-4b00-ad3b-e88510a74e12,2026-06-09 04:55:00+09:00,USDJPY,rule_based_ai_stub,v0.1,uptrend,long,0.65,medium,True,短期MAが長期MAを上回り、RSIが許容範囲,取引許可,49.631889280298864,160.07018450473024,160.06998324977056,entry_candidate
f2f96eeb-729f-4ad5-b323-1c744daa30ea,2026-06-09 05:00:00+09:00,USDJPY,rule_based_ai_stub,v0.1,uptrend,long,0.65,medium,True,短期MAが長期MAを上回り、RSIが許容範囲,取引許可,45.135984041340734,160.07012081747948,160.06998793612735,entry_candidate
19c7f022-8efa-46db-b986-2350d0b60762,2026-06-09 05:05:00+09:00,USDJPY,rule_based_ai_stub,v0.1,uptrend,long,0.65,medium,True,短期MAが長期MAを上回り、RSIが許容範囲,取引許可,49.801313884399626,160.07003087434217,160.06999640215096,entry_candidate
370e9064-0b09-4880-a5d5-76bbe80ed96c,2026-06-09 05:10:00+09:00,USDJPY,rule_based_ai_stub,v0.1,downtrend,short,0.65,medium,True,短期MAが長期MAを下回り、RSIが許容範囲,取引許可,32.252059643483065,160.06985565971442,160.0699490614108,entry_candidate
08c44c0c-ee11-445f-aa24-1f2f7f2b67a1,2026-06-09 05:15:00+09:00,USDJPY,rule_based_ai_stub,v0.1,downtrend,short,0.65,medium,True,短期MAが長期MAを下回り、RSIが許容範囲,取引許可,32.781193616784975,160.06975690817532,160.069908056876,entry_candidate
cca0336f-4d4c-4958-8ee9-2566c5a86e2b,2026-06-09 05:20:00+09:00,USDJPY,rule_based_ai_stub,v0.1,downtrend,short,0.65,medium,True,短期MAが長期MAを下回り、RSIが許容範囲,取引許可,37.865248616855176,160.06968944958336,160.06988515420096,entry_candidate
daa37f33-565e-4ff5-af9e-e3b7f74c0446,2026-06-09 05:25:00+09:00,USDJPY,rule_based_ai_stub,v0.1,downtrend,short,0.65,medium,True,短期MAが長期MAを下回り、RSIが許容範囲,取引許可,44.89949874612896,160.0695961232235,160.069846968038,entry_candidate
015b44b2-1ba3-497d-a3ef-182ef7100dd4,2026-06-09 05:30:00+09:00,USDJPY,rule_based_ai_stub,v0.1,downtrend,short,0.65,medium,True,短期MAが長期MAを下回り、RSIが許容範囲,取引許可,51.36581721925482,160.0695709634293,160.06980571819486,entry_candidate
decdc602-e561-4345-8306-c4faa7f4b615,2026-06-09 05:35:00+09:00,USDJPY,rule_based_ai_stub,v0.1,downtrend,short,0.65,medium,True,短期MAが長期MAを下回り、RSIが許容範囲,取引許可,43.039842145787595,160.0694166932046,160.0697566245165,entry_candidate
9aa83614-7b14-4bfd-9d7c-0eb57ec3362e,2026-06-09 05:40:00+09:00,USDJPY,rule_based_ai_stub,v0.1,downtrend,short,0.65,medium,True,短期MAが長期MAを下回り、RSIが許容範囲,取引許可,46.57687020972778,160.06936899256965,160.06974997677236,entry_candidate
0e64cbb2-0f1c-4c5d-8b0d-b71451d65ec8,2026-06-09 05:45:00+09:00,USDJPY,rule_based_ai_stub,v0.1,downtrend,short,0.65,medium,True,短期MAが長期MAを下回り、RSIが許容範囲,取引許可,45.187586890715245,160.06938152175772,160.0697464122586,entry_candidate
67c216be-0da9-43f5-9143-3777da4e3653,2026-06-09 05:50:00+09:00,USDJPY,rule_based_ai_stub,v0.1,downtrend,short,0.65,medium,True,短期MAが長期MAを下回り、RSIが許容範囲,取引許可,44.01157304857349,160.06936774123884,160.0697246151156,entry_candidate
c630219a-6c3c-4542-9b5f-48113e99f28a,2026-06-09 05:55:00+09:00,USDJPY,rule_based_ai_stub,v0.1,downtrend,short,0.65,medium,True,短期MAが長期MAを下回り、RSIが許容範囲,取引許可,45.450014935385084,160.0693517617171,160.06969496840964,entry_candidate
12592e10-f885-4ae1-992a-9000acd8d219,2026-06-09 06:00:00+09:00,USDJPY,rule_based_ai_stub,v0.1,downtrend,short,0.65,medium,True,短期MAが長期MAを下回り、RSIが許容範囲,取引許可,48.24563968630556,160.0692662288343,160.06968975377015,entry_candidate
1d94c605-ebbd-4db1-9238-f24284a1de68,2026-06-09 06:05:00+09:00,USDJPY,rule_based_ai_stub,v0.1,downtrend,short,0.65,medium,True,短期MAが長期MAを下回り、RSIが許容範囲,取引許可,46.32043543191442,160.06919765790752,160.06966830379716,entry_candidate
730f8194-03f8-4f89-b893-799ad6c18158,2026-06-09 06:10:00+09:00,USDJPY,rule_based_ai_stub,v0.1,downtrend,short,0.65,medium,True,短期MAが長期MAを下回り、RSIが許容範囲,取引許可,43.76111028558513,160.0692766814978,160.069672834631,entry_candidate
b66ba02e-3272-46b2-a990-29e31470c154,2026-06-09 06:15:00+09:00,USDJPY,rule_based_ai_stub,v0.1,downtrend,short,0.65,medium,True,短期MAが長期MAを下回り、RSIが許容範囲,取引許可,43.50542495984172,160.0693213962525,160.06965706558688,entry_candidate
79e688a2-fc7d-4ba4-bba5-4dfcd416e9fc,2026-06-09 06:20:00+09:00,USDJPY,rule_based_ai_stub,v0.1,downtrend,short,0.65,medium,True,短期MAが長期MAを下回り、RSIが許容範囲,取引許可,52.386196709367326,160.06931048867565,160.0696297968569,entry_candidate
2726e3ed-7237-463d-9363-374357299f29,2026-06-09 06:25:00+09:00,USDJPY,rule_based_ai_stub,v0.1,downtrend,short,0.65,medium,True,短期MAが長期MAを下回り、RSIが許容範囲,取引許可,51.54090303688076,160.06928107398193,160.06961899632424,entry_candidate
020fbcdd-bf4f-45fc-a973-da24d6e071d9,2026-06-09 06:30:00+09:00,USDJPY,rule_based_ai_stub,v0.1,downtrend,short,0.65,medium,True,短期MAが長期MAを下回り、RSIが許容範囲,取引許可,43.74779910018628,160.06913550788167,160.06959685896442,entry_candidate
a852305a-e17f-4ce5-93ff-ecd45ea375c8,2026-06-09 06:35:00+09:00,USDJPY,rule_based_ai_stub,v0.1,downtrend,short,0.65,medium,True,短期MAが長期MAを下回り、RSIが許容範囲,取引許可,37.0684945118302,160.06898920320896,160.06954518587824,entry_candidate
575b28d9-1a13-4809-80f3-b636dd40afa5,2026-06-09 06:40:00+09:00,USDJPY,rule_based_ai_stub,v0.1,downtrend,short,0.65,medium,True,短期MAが長期MAを下回り、RSIが許容範囲,取引許可,33.56398421167857,160.06884285639512,160.06950307077253,entry_candidate
44fd0dfb-082c-4a56-bd6a-fe267a329849,2026-06-09 06:45:00+09:00,USDJPY,rule_based_ai_stub,v0.1,downtrend,short,0.65,medium,True,短期MAが長期MAを下回り、RSIが許容範囲,取引許可,33.30485331844292,160.0685794445039,160.0694320688832,entry_candidate
e409bdfb-18f1-4d82-ac7f-73c9dec96a3a,2026-06-09 06:50:00+09:00,USDJPY,rule_based_ai_stub,v0.1,downtrend,short,0.65,medium,True,短期MAが長期MAを下回り、RSIが許容範囲,取引許可,33.21263421755859,160.06843827761693,160.06933923152582,entry_candidate
2f51cc47-8dcf-40ea-8f08-243c953c64f0,2026-06-09 06:55:00+09:00,USDJPY,rule_based_ai_stub,v0.1,downtrend,none,0.2,low,False,条件未達,取引許可,27.985129385120715,160.06830425770332,160.06928017471688,wait
d54c4090-0269-4def-8b06-5de51b7ecd68,2026-06-09 07:00:00+09:00,USDJPY,rule_based_ai_stub,v0.1,downtrend,none,0.2,low,False,条件未達,取引許可,28.14442208464061,160.06810915644476,160.06916540091953,wait
0ce59633-550a-45b0-bed9-bf7d69afe493,2026-06-09 07:05:00+09:00,USDJPY,rule_based_ai_stub,v0.1,downtrend,none,0.2,low,False,条件未達,取引許可,23.688284949695003,160.06788425308733,160.06903759511232,wait
7089ff81-6204-4bb5-a254-2bf7bd088e64,2026-06-09 07:10:00+09:00,USDJPY,rule_based_ai_stub,v0.1,downtrend,short,0.65,medium,True,短期MAが長期MAを下回り、RSIが許容範囲,取引許可,33.75988662811426,160.0677016713758,160.06894467086266,entry_candidate
ac011176-a4f8-4c14-8075-173debe7b266,2026-06-09 07:15:00+09:00,USDJPY,rule_based_ai_stub,v0.1,downtrend,short,0.65,medium,True,短期MAが長期MAを下回り、RSIが許容範囲,取引許可,31.053002183528847,160.06749439281597,160.0688575657479,entry_candidate
bb201ce4-3f79-423f-9588-95d31100d1a3,2026-06-09 07:20:00+09:00,USDJPY,rule_based_ai_stub,v0.1,downtrend,none,0.2,low,False,条件未達,取引許可,27.600658628444208,160.06729767944694,160.06876587256863,wait
b29a7a3e-00c1-4882-ad0e-5f00488b261d,2026-06-09 07:25:00+09:00,USDJPY,rule_based_ai_stub,v0.1,downtrend,short,0.65,medium,True,短期MAが長期MAを下回り、RSIが許容範囲,取引許可,31.81284936257927,160.0671223615017,160.06866651956906,entry_candidate
af89d2c0-b8da-4391-855e-bb5b952e8cdf,2026-06-09 07:30:00+09:00,USDJPY,rule_based_ai_stub,v0.1,downtrend,short,0.65,medium,True,短期MAが長期MAを下回り、RSIが許容範囲,取引許可,38.406837463505,160.0670405753789,160.06858234889663,entry_candidate
e0a35d94-c56a-4cc9-8dc4-903fe529351b,2026-06-09 07:35:00+09:00,USDJPY,rule_based_ai_stub,v0.1,downtrend,short,0.65,medium,True,短期MAが長期MAを下回り、RSIが許容範囲,取引許可,37.36267108136014,160.06700050356824,160.06846879999392,entry_candidate
21954ae1-7e17-4e9e-a185-3a910ef7120d,2026-06-09 07:40:00+09:00,USDJPY,rule_based_ai_stub,v0.1,downtrend,short,0.65,medium,True,短期MAが長期MAを下回り、RSIが許容範囲,取引許可,39.00415744066518,160.06689658758367,160.0683694788495,entry_candidate
6e44f57e-6a1d-4619-9003-f1d525746c5e,2026-06-09 07:45:00+09:00,USDJPY,rule_based_ai_stub,v0.1,downtrend,short,0.65,medium,True,短期MAが長期MAを下回り、RSIが許容範囲,取引許可,50.24640455867521,160.06692122979396,160.06829406535186,entry_candidate
814e6e49-7f54-45b5-b6cf-0a726151c78a,2026-06-09 07:50:00+09:00,USDJPY,rule_based_ai_stub,v0.1,downtrend,short,0.65,medium,True,短期MAが長期MAを下回り、RSIが許容範囲,取引許可,54.437965782012945,160.06699950136237,160.0682685067394,entry_candidate
acb6a3e3-40e9-46e0-afa5-58eb70b22cab,2026-06-09 07:55:00+09:00,USDJPY,rule_based_ai_stub,v0.1,downtrend,none,0.2,low,False,条件未達,取引許可,63.03841326207252,160.0671035862687,160.06825320189637,wait
5411e4d6-4858-4ef3-b489-873a00104b3a,2026-06-09 08:00:00+09:00,USDJPY,rule_based_ai_stub,v0.1,downtrend,none,0.2,low,False,条件未達,取引許可,61.22758471935093,160.0672982274186,160.0682245375659,wait
5718eb50-5b1a-4c03-8afb-08546d77d526,2026-06-09 08:05:00+09:00,USDJPY,rule_based_ai_stub,v0.1,downtrend,short,0.65,medium,True,短期MAが長期MAを下回り、RSIが許容範囲,取引許可,55.71873246757632,160.06748633351503,160.06818941483664,entry_candidate
87069d07-cc63-407b-8b02-346be5e0b7f8,2026-06-09 08:10:00+09:00,USDJPY,rule_based_ai_stub,v0.1,downtrend,none,0.2,low,False,条件未達,取引許可,60.14307579309305,160.06757321192097,160.06818385493153,wait
da748e08-84a0-4d0f-9bdb-3f2568902cce,2026-06-09 08:15:00+09:00,USDJPY,rule_based_ai_stub,v0.1,downtrend,none,0.2,low,False,条件未達,取引許可,65.63326050601984,160.06773527430875,160.06818368779238,wait
690807c4-b8c0-4c31-afe5-4be0bb5fbba6,2026-06-09 08:20:00+09:00,USDJPY,rule_based_ai_stub,v0.1,downtrend,none,0.2,low,False,条件未達,取引許可,63.06461025802614,160.0679414768207,160.0681832149811,wait
ea159342-c40e-4ce5-a171-e03076b0d5a3,2026-06-09 08:25:00+09:00,USDJPY,rule_based_ai_stub,v0.1,downtrend,none,0.2,low,False,条件未達,取引許可,73.51581371588476,160.0681946562176,160.06819936390042,wait
444e17f6-c06d-4736-9785-4c0ae232b6f4,2026-06-09 08:30:00+09:00,USDJPY,rule_based_ai_stub,v0.1,uptrend,none,0.2,low,False,条件未達,取引許可,78.09286670590716,160.06844118859368,160.06820575728477,wait
9585ccd9-067a-4455-a56f-d2ac4ba4189b,2026-06-09 08:35:00+09:00,USDJPY,rule_based_ai_stub,v0.1,uptrend,long,0.65,medium,True,短期MAが長期MAを上回り、RSIが許容範囲,取引許可,67.59757970925122,160.06862514389897,160.0682049502254,entry_candidate
851989a4-cb10-4b3f-a120-558d022ba49f,2026-06-09 08:40:00+09:00,USDJPY,rule_based_ai_stub,v0.1,uptrend,long,0.65,medium,True,短期MAが長期MAを上回り、RSIが許容範囲,取引許可,68.30345241776311,160.06889157209488,160.06821033869124,entry_candidate
5e773f0a-1533-4537-8af5-a3630ad3e3a3,2026-06-09 08:45:00+09:00,USDJPY,rule_based_ai_stub,v0.1,uptrend,long,0.65,medium,True,短期MAが長期MAを上回り、RSIが許容範囲,取引許可,64.40345842989633,160.06903697876635,160.06817921768808,entry_candidate
c15f6437-7306-4427-a998-98cdb62b74ce,2026-06-09 08:50:00+09:00,USDJPY,rule_based_ai_stub,v0.1,uptrend,long,0.65,medium,True,短期MAが長期MAを上回り、RSIが許容範囲,取引許可,65.47280083376197,160.06907624189103,160.06817134029012,entry_candidate
f9a1489e-df11-4b97-a34f-cca36ac15915,2026-06-09 08:55:00+09:00,USDJPY,rule_based_ai_stub,v0.1,uptrend,long,0.65,medium,True,短期MAが長期MAを上回り、RSIが許容範囲,取引許可,62.01032628562503,160.06907907212346,160.06816230536518,entry_candidate
f29672d3-0735-4574-aa44-f69d5aa5b4fa,2026-06-09 09:00:00+09:00,USDJPY,rule_based_ai_stub,v0.1,uptrend,long,0.65,medium,True,短期MAが長期MAを上回り、RSIが許容範囲,取引許可,62.82691610477488,160.0691774198233,160.06819493456223,entry_candidate
77bf9fed-52c7-4016-b681-5684a2ab2e10,2026-06-09 09:05:00+09:00,USDJPY,rule_based_ai_stub,v0.1,uptrend,long,0.65,medium,True,短期MAが長期MAを上回り、RSIが許容範囲,取引許可,68.4545990927467,160.06947167673698,160.06828075444642,entry_candidate
f4ef41ef-fd54-4627-8ecf-ac65495e2ed7,2026-06-09 09:10:00+09:00,USDJPY,rule_based_ai_stub,v0.1,uptrend,long,0.65,medium,True,短期MAが長期MAを上回り、RSIが許容範囲,取引許可,69.58133097285393,160.06983779202395,160.06837089177358,entry_candidate
4ecb1741-a4ab-4daf-a65b-bc11ad6b6275,2026-06-09 09:15:00+09:00,USDJPY,rule_based_ai_stub,v0.1,uptrend,none,0.2,low,False,条件未達,取引許可,72.69402294373572,160.07016862177474,160.0684660962998,wait
86335387-37c9-4cd2-b4af-6dfd1e952105,2026-06-09 09:20:00+09:00,USDJPY,rule_based_ai_stub,v0.1,uptrend,none,0.2,low,False,条件未達,取引許可,78.10655528241972,160.07050525689687,160.06858147105484,wait
4282bbfc-ee41-4267-a61e-9d2a772e0bbb,2026-06-09 09:25:00+09:00,USDJPY,rule_based_ai_stub,v0.1,uptrend,none,0.2,low,False,条件未達,取引許可,78.67451187611714,160.07081619486067,160.06871107086,wait
74830942-b2ed-4fa8-a661-2278dc1efe06,2026-06-09 09:30:00+09:00,USDJPY,rule_based_ai_stub,v0.1,uptrend,none,0.2,low,False,条件未達,取引許可,76.29396392367583,160.07107857693856,160.0688534469704,wait
62ef61ae-77ba-4175-962c-80f31b947484,2026-06-09 09:35:00+09:00,USDJPY,rule_based_ai_stub,v0.1,uptrend,none,0.2,low,False,条件未達,取引許可,76.94475543945089,160.07150587359936,160.0690438403555,wait
1559fb5f-1f30-489e-9a28-65dda484a18c,2026-06-09 09:40:00+09:00,USDJPY,rule_based_ai_stub,v0.1,uptrend,none,0.2,low,False,条件未達,取引許可,76.24837187674561,160.0718920764172,160.06922674536523,wait
deab47c0-3076-4160-b623-533fd9a5a476,2026-06-09 09:45:00+09:00,USDJPY,rule_based_ai_stub,v0.1,uptrend,none,0.2,low,False,条件未達,取引許可,85.9470553714915,160.07235306942087,160.0694370926604,wait
d284ef3d-9ee0-4e05-b861-1ce1ec712b4f,2026-06-09 09:50:00+09:00,USDJPY,rule_based_ai_stub,v0.1,uptrend,none,0.2,low,False,条件未達,取引許可,85.51513068673373,160.07286655720077,160.06964743348473,wait
8cbfd7b2-70d1-4a79-a2a5-70b3b89c5831,2026-06-09 09:55:00+09:00,USDJPY,rule_based_ai_stub,v0.1,uptrend,none,0.2,low,False,条件未達,取引許可,93.02755202661561,160.07338861430085,160.0698570908977,wait
cd37053b-702e-406c-a914-3e15e55b5680,2026-06-09 10:00:00+09:00,USDJPY,rule_based_ai_stub,v0.1,uptrend,none,0.2,low,False,条件未達,取引許可,96.23716087635692,160.07385283505147,160.07010949409778,wait
45022720-e59d-42b8-b168-98a773cecdc6,2026-06-09 10:05:00+09:00,USDJPY,rule_based_ai_stub,v0.1,uptrend,none,0.2,low,False,条件未達,取引許可,91.65692268088142,160.074130697215,160.070362902489,wait
ec19b876-aa49-47ec-b0c7-7cd1b026e05d,2026-06-09 10:10:00+09:00,USDJPY,rule_based_ai_stub,v0.1,uptrend,none,0.2,low,False,条件未達,取引許可,85.81284922005695,160.07435030813784,160.0705871040276,wait
61789b53-6dab-458d-adb2-d59dba96aed6,2026-06-09 10:15:00+09:00,USDJPY,rule_based_ai_stub,v0.1,uptrend,none,0.2,low,False,条件未達,取引許可,71.08465931660773,160.07452407117995,160.07080932242116,wait
d32b5b19-e6d1-4cb1-b2b9-4d93303c35d6,2026-06-09 10:20:00+09:00,USDJPY,rule_based_ai_stub,v0.1,uptrend,none,0.2,low,False,条件未達,取引許可,70.55663965457202,160.0746930840012,160.07104660590625,wait
fc58f1b8-e758-4bb7-b90c-962458514274,2026-06-09 10:25:00+09:00,USDJPY,rule_based_ai_stub,v0.1,uptrend,none,0.2,low,False,条件未達,取引許可,74.15089669698801,160.07485666087632,160.07128917065154,wait
c3608e01-7b5e-49b6-b44a-959235f3d923,2026-06-09 10:30:00+09:00,USDJPY,rule_based_ai_stub,v0.1,uptrend,none,0.2,low,False,条件未達,取引許可,73.9466195664333,160.07505915977603,160.0715263084361,wait
76fdc3de-624b-4f37-b473-64816c0243e2,2026-06-09 10:35:00+09:00,USDJPY,rule_based_ai_stub,v0.1,uptrend,none,0.2,low,False,条件未達,取引許可,75.89961854169509,160.0752556227296,160.07179554674266,wait
0c9013c1-6568-4b19-92e4-0e770482a3ad,2026-06-09 10:40:00+09:00,USDJPY,rule_based_ai_stub,v0.1,uptrend,none,0.2,low,False,条件未達,取引許可,78.18707629932047,160.07544030234428,160.07207465028546,wait
ceb04bbb-515d-4d0f-b80a-7784f036bf6a,2026-06-09 10:45:00+09:00,USDJPY,rule_based_ai_stub,v0.1,uptrend,none,0.2,low,False,条件未達,取引許可,75.48010546271837,160.0756335318873,160.0723411933582,wait
07afd8c4-faee-4682-82bf-c602958fddcb,2026-06-09 10:50:00+09:00,USDJPY,rule_based_ai_stub,v0.1,uptrend,long,0.65,medium,True,短期MAが長期MAを上回り、RSIが許容範囲,取引許可,66.67751262296018,160.07573888017387,160.07256055975523,entry_candidate
94aae953-28db-403d-94bb-87340348aa14,2026-06-09 10:55:00+09:00,USDJPY,rule_based_ai_stub,v0.1,uptrend,long,0.65,medium,True,短期MAが長期MAを上回り、RSIが許容範囲,取引許可,62.39117681943524,160.07580379414483,160.07275716018972,entry_candidate
1016cb97-2ebc-46f8-98c8-f0c57a71f49c,2026-06-09 11:00:00+09:00,USDJPY,rule_based_ai_stub,v0.1,uptrend,long,0.65,medium,True,短期MAが長期MAを上回り、RSIが許容範囲,取引許可,62.50492606463911,160.07586153797862,160.07296393095115,entry_candidate
af279fbd-9a03-4f03-aa37-c869b95494cc,2026-06-09 11:05:00+09:00,USDJPY,rule_based_ai_stub,v0.1,uptrend,long,0.65,medium,True,短期MAが長期MAを上回り、RSIが許容範囲,取引許可,64.07360638537425,160.0759925995773,160.07319832450975,entry_candidate
8f4e9f90-0d09-4178-bd2e-2a6537db1861,2026-06-09 11:10:00+09:00,USDJPY,rule_based_ai_stub,v0.1,uptrend,long,0.65,medium,True,短期MAが長期MAを上回り、RSIが許容範囲,取引許可,59.0419666946091,160.07613687791624,160.07344165935933,entry_candidate
91f686eb-03f7-4bc9-b770-a323239be9c0,2026-06-09 11:15:00+09:00,USDJPY,rule_based_ai_stub,v0.1,uptrend,long,0.65,medium,True,短期MAが長期MAを上回り、RSIが許容範囲,取引許可,62.58432406284036,160.0763325840043,160.07367509231966,entry_candidate
ed3ef3f8-3c56-4c27-9a97-974953f6b52b,2026-06-09 11:20:00+09:00,USDJPY,rule_based_ai_stub,v0.1,uptrend,long,0.65,medium,True,短期MAが長期MAを上回り、RSIが許容範囲,取引許可,56.61129137758175,160.07643042134345,160.07387625408052,entry_candidate
38252cb2-b411-4ebc-92b8-5442809ed865,2026-06-09 11:25:00+09:00,USDJPY,rule_based_ai_stub,v0.1,uptrend,long,0.65,medium,True,短期MAが長期MAを上回り、RSIが許容範囲,取引許可,61.129479957737985,160.07647146039739,160.07404810537813,entry_candidate
c197de24-6088-4b52-8b3e-4eac2316a4c7,2026-06-09 11:30:00+09:00,USDJPY,rule_based_ai_stub,v0.1,uptrend,long,0.65,medium,True,短期MAが長期MAを上回り、RSIが許容範囲,取引許可,62.92481520980005,160.0765341299662,160.07422395556029,entry_candidate
70e382ba-0e87-4d9d-96fd-305044d3e044,2026-06-09 11:35:00+09:00,USDJPY,rule_based_ai_stub,v0.1,uptrend,long,0.65,medium,True,短期MAが長期MAを上回り、RSIが許容範囲,取引許可,62.134567117107196,160.07654183516416,160.07443444383102,entry_candidate
ad5e0845-16e2-4465-8993-2fb76be1e1ea,2026-06-09 11:40:00+09:00,USDJPY,rule_based_ai_stub,v0.1,uptrend,long,0.65,medium,True,短期MAが長期MAを上回り、RSIが許容範囲,取引許可,62.30373009086209,160.07657485344913,160.0746357440702,entry_candidate
803b14e3-1018-487d-af07-83e829b6846c,2026-06-09 11:45:00+09:00,USDJPY,rule_based_ai_stub,v0.1,uptrend,long,0.65,medium,True,短期MAが長期MAを上回り、RSIが許容範囲,取引許可,54.62536486878925,160.07657692333567,160.0748545082146,entry_candidate
f525e1ca-370b-426a-9f70-699361bdc783,2026-06-09 11:50:00+09:00,USDJPY,rule_based_ai_stub,v0.1,uptrend,long,0.65,medium,True,短期MAが長期MAを上回り、RSIが許容範囲,取引許可,54.69726374750606,160.07663393142397,160.07507978959953,entry_candidate
956f52d3-6372-4a1d-b62a-bf207bab95d6,2026-06-09 11:55:00+09:00,USDJPY,rule_based_ai_stub,v0.1,uptrend,long,0.65,medium,True,短期MAが長期MAを上回り、RSIが許容範囲,取引許可,46.36023962241941,160.07667727844037,160.07528989562869,entry_candidate
a2644f26-224d-4c9f-a206-4d3c008cb687,2026-06-09 12:00:00+09:00,USDJPY,rule_based_ai_stub,v0.1,uptrend,long,0.65,medium,True,短期MAが長期MAを上回り、RSIが許容範囲,取引許可,57.986538902788624,160.07672078998993,160.07547838767334,entry_candidate
9bf4f911-730b-481d-ab4b-f125a9b4acb4,2026-06-09 12:05:00+09:00,USDJPY,rule_based_ai_stub,v0.1,uptrend,long,0.65,medium,True,短期MAが長期MAを上回り、RSIが許容範囲,取引許可,63.194499980713935,160.0767428950812,160.07562206395784,entry_candidate
f315ae2c-4b84-4868-ad21-cf148b1913bf,2026-06-09 12:10:00+09:00,USDJPY,rule_based_ai_stub,v0.1,uptrend,long,0.65,medium,True,短期MAが長期MAを上回り、RSIが許容範囲,取引許可,62.18924662733496,160.07680429946222,160.07576382850544,entry_candidate
033f380b-8fd2-4dcd-939f-3b46f66779fe,2026-06-09 12:15:00+09:00,USDJPY,rule_based_ai_stub,v0.1,uptrend,long,0.65,medium,True,短期MAが長期MAを上回り、RSIが許容範囲,取引許可,53.11074590903859,160.0768429820637,160.07589987908264,entry_candidate
b7b7a4f1-56cc-4718-9317-886914de01c8,2026-06-09 12:20:00+09:00,USDJPY,rule_based_ai_stub,v0.1,uptrend,long,0.65,medium,True,短期MAが長期MAを上回り、RSIが許容範囲,取引許可,42.08238619950275,160.07684989120654,160.07599113218373,entry_candidate
2b1932a8-95cd-42e6-ba41-226b7b54713f,2026-06-09 12:25:00+09:00,USDJPY,rule_based_ai_stub,v0.1,uptrend,long,0.65,medium,True,短期MAが長期MAを上回り、RSIが許容範囲,取引許可,48.75563478593603,160.076929509445,160.07608587690623,entry_candidate
0fc513ae-500b-49a2-af9e-757b20d01aec,2026-06-09 12:30:00+09:00,USDJPY,rule_based_ai_stub,v0.1,uptrend,long,0.65,medium,True,短期MAが長期MAを上回り、RSIが許容範囲,取引許可,54.40052041275566,160.0769406666525,160.0761779854649,entry_candidate
46e06664-d092-4b11-9fe1-064ee07a4064,2026-06-09 12:35:00+09:00,USDJPY,rule_based_ai_stub,v0.1,uptrend,long,0.65,medium,True,短期MAが長期MAを上回り、RSIが許容範囲,取引許可,51.49833127666023,160.07687992482096,160.07622579423824,entry_candidate
4aa555fb-281f-42f6-815f-085fc934df34,2026-06-09 12:40:00+09:00,USDJPY,rule_based_ai_stub,v0.1,uptrend,long,0.65,medium,True,短期MAが長期MAを上回り、RSIが許容範囲,取引許可,50.46956443421318,160.07682882364895,160.0762813264808,entry_candidate
bcf75707-0d76-49c1-bf5f-e4b4857b9f39,2026-06-09 12:45:00+09:00,USDJPY,rule_based_ai_stub,v0.1,uptrend,long,0.65,medium,True,短期MAが長期MAを上回り、RSIが許容範囲,取引許可,45.146825645591726,160.07675563316062,160.0763220294612,entry_candidate
1956555f-b1e0-4f50-bfcf-6333fd5deef5,2026-06-09 12:50:00+09:00,USDJPY,rule_based_ai_stub,v0.1,uptrend,long,0.65,medium,True,短期MAが長期MAを上回り、RSIが許容範囲,取引許可,48.33383411596284,160.0767350863335,160.07636929931044,entry_candidate
cbd4d696-8213-4bb5-a369-f550842a4a03,2026-06-09 12:55:00+09:00,USDJPY,rule_based_ai_stub,v0.1,uptrend,long,0.65,medium,True,短期MAが長期MAを上回り、RSIが許容範囲,取引許可,51.208982188593644,160.0767784058609,160.0764198261487,entry_candidate
2507420b-72ad-4b80-b88a-d288addf5505,2026-06-09 13:00:00+09:00,USDJPY,rule_based_ai_stub,v0.1,uptrend,long,0.65,medium,True,短期MAが長期MAを上回り、RSIが許容範囲,取引許可,54.24564947779705,160.0768209624334,160.07646776346735,entry_candidate
1f6e525e-eb13-4cd9-8f07-c6a8c10ec34a,2026-06-09 13:05:00+09:00,USDJPY,rule_based_ai_stub,v0.1,uptrend,long,0.65,medium,True,短期MAが長期MAを上回り、RSIが許容範囲,取引許可,50.93880208647367,160.07677417257315,160.07650322241054,entry_candidate
af446ffd-2693-497c-bcea-2ea1ae271cad,2026-06-09 13:10:00+09:00,USDJPY,rule_based_ai_stub,v0.1,uptrend,long,0.65,medium,True,短期MAが長期MAを上回り、RSIが許容範囲,取引許可,53.02130458312474,160.07676337896973,160.07656818544945,entry_candidate
0ec3853f-5e14-4e94-9234-8867b42e6063,2026-06-09 13:15:00+09:00,USDJPY,rule_based_ai_stub,v0.1,uptrend,long,0.65,medium,True,短期MAが長期MAを上回り、RSIが許容範囲,取引許可,52.39226852009044,160.07679194963507,160.0766558385677,entry_candidate
c5594a45-eab8-4f35-9f78-031da7a8b6a3,2026-06-09 13:20:00+09:00,USDJPY,rule_based_ai_stub,v0.1,uptrend,long,0.65,medium,True,短期MAが長期MAを上回り、RSIが許容範囲,取引許可,48.76592266107365,160.0769097235894,160.07673001204645,entry_candidate
79ff21b8-01b5-4575-93e3-a4d543c38491,2026-06-09 13:25:00+09:00,USDJPY,rule_based_ai_stub,v0.1,uptrend,long,0.65,medium,True,短期MAが長期MAを上回り、RSIが許容範囲,取引許可,51.6582741124434,160.0769798093315,160.07679359305797,entry_candidate
e73cd0b5-d07c-42c2-99da-7775899de472,2026-06-09 13:30:00+09:00,USDJPY,rule_based_ai_stub,v0.1,uptrend,long,0.65,medium,True,短期MAが長期MAを上回り、RSIが許容範囲,取引許可,53.42185020159426,160.07698502518477,160.07681994060115,entry_candidate
4148e3fb-0829-4a5e-9c7b-fad5b226b4b5,2026-06-09 13:35:00+09:00,USDJPY,rule_based_ai_stub,v0.1,uptrend,long,0.65,medium,True,短期MAが長期MAを上回り、RSIが許容範囲,取引許可,50.32568068293785,160.0770538124668,160.0768251908173,entry_candidate
a0fd83ae-dca0-45b3-a526-55b5eabbce38,2026-06-09 13:40:00+09:00,USDJPY,rule_based_ai_stub,v0.1,uptrend,long,0.65,medium,True,短期MAが長期MAを上回り、RSIが許容範囲,取引許可,47.78575363934709,160.07703645722788,160.07681337810865,entry_candidate
dab4da85-843e-4f76-b16e-6471ba41a1c5,2026-06-09 13:45:00+09:00,USDJPY,rule_based_ai_stub,v0.1,uptrend,long,0.65,medium,True,短期MAが長期MAを上回り、RSIが許容範囲,取引許可,45.73190120299752,160.0769710691066,160.07676787520094,entry_candidate
fad03792-f9dc-4538-953d-d47f2cdd4d2a,2026-06-09 13:50:00+09:00,USDJPY,rule_based_ai_stub,v0.1,uptrend,none,0.2,low,False,条件未達,取引許可,36.92431565221956,160.07677656620683,160.07671519465475,wait
fdc04e4e-358c-42c7-a10b-a63979ddbe77,2026-06-09 13:55:00+09:00,USDJPY,rule_based_ai_stub,v0.1,downtrend,short,0.65,medium,True,短期MAが長期MAを下回り、RSIが許容範囲,取引許可,43.496497686220984,160.07660684742834,160.07668751057653,entry_candidate
41365a64-e1e1-441a-8576-80ad51221c16,2026-06-09 14:00:00+09:00,USDJPY,rule_based_ai_stub,v0.1,downtrend,short,0.65,medium,True,短期MAが長期MAを下回り、RSIが許容範囲,取引許可,36.48910946919176,160.076371487014,160.07663774647912,entry_candidate
4475f109-f8b2-4617-81bc-f7e3a94fd289,2026-06-09 14:05:00+09:00,USDJPY,rule_based_ai_stub,v0.1,downtrend,short,0.65,medium,True,短期MAが長期MAを下回り、RSIが許容範囲,取引許可,40.83390639318414,160.0762811107707,160.07659939280836,entry_candidate
43631b46-d1f2-4750-89d9-964dfc18e3bc,2026-06-09 14:10:00+09:00,USDJPY,rule_based_ai_stub,v0.1,downtrend,short,0.65,medium,True,短期MAが長期MAを下回り、RSIが許容範囲,取引許可,36.0962307979085,160.07610334725499,160.07655700856233,entry_candidate
95da0668-d81d-4a8a-990e-84616533278e,2026-06-09 14:15:00+09:00,USDJPY,rule_based_ai_stub,v0.1,downtrend,short,0.65,medium,True,短期MAが長期MAを下回り、RSIが許容範囲,取引許可,35.187474211907016,160.07582715331486,160.07648736167118,entry_candidate
724c39cc-c8aa-45ee-8b02-f1a1e000e3bd,2026-06-09 14:20:00+09:00,USDJPY,rule_based_ai_stub,v0.1,downtrend,none,0.2,low,False,条件未達,取引許可,26.377807639097583,160.07551359700966,160.07642440393522,wait
7087e1e9-438a-4e85-b120-f68d59db8c50,2026-06-09 14:25:00+09:00,USDJPY,rule_based_ai_stub,v0.1,downtrend,short,0.65,medium,True,短期MAが長期MAを下回り、RSIが許容範囲,取引許可,31.3581643252881,160.07525466186212,160.07638799354623,entry_candidate
ebdbf35b-abf4-4c79-9876-c16b9f1a6be8,2026-06-09 14:30:00+09:00,USDJPY,rule_based_ai_stub,v0.1,downtrend,short,0.65,medium,True,短期MAが長期MAを下回り、RSIが許容範囲,取引許可,31.829603270544112,160.0750767435673,160.07633414513487,entry_candidate
6f4aaffb-10f9-42ad-bbb4-ff35753ef100,2026-06-09 14:35:00+09:00,USDJPY,rule_based_ai_stub,v0.1,downtrend,none,0.2,low,False,条件未達,取引許可,29.918654723371986,160.0748509782671,160.07626157185166,wait
3a9896a4-4414-4505-8474-b73897bafebd,2026-06-09 14:40:00+09:00,USDJPY,rule_based_ai_stub,v0.1,downtrend,short,0.65,medium,True,短期MAが長期MAを下回り、RSIが許容範囲,取引許可,34.927698980537755,160.0746846824536,160.07618332111014,entry_candidate
10c0e85b-7888-4510-9b0c-22750f6bf6b9,2026-06-09 14:45:00+09:00,USDJPY,rule_based_ai_stub,v0.1,downtrend,short,0.65,medium,True,短期MAが長期MAを下回り、RSIが許容範囲,取引許可,35.391196252396426,160.0746111092912,160.0761126038528,entry_candidate
370a54b5-a570-4dfe-b254-62da3ee63f93,2026-06-09 14:50:00+09:00,USDJPY,rule_based_ai_stub,v0.1,downtrend,short,0.65,medium,True,短期MAが長期MAを下回り、RSIが許容範囲,取引許可,43.65956018078181,160.0746695240289,160.07606039218976,entry_candidate
2dbe0768-5bd2-48df-9c44-8e920a9f0c4f,2026-06-09 14:55:00+09:00,USDJPY,rule_based_ai_stub,v0.1,downtrend,short,0.65,medium,True,短期MAが長期MAを下回り、RSIが許容範囲,取引許可,54.231642406985905,160.07474472930934,160.07604332753286,entry_candidate
49f148f8-e115-49d6-948e-d15e4721efeb,2026-06-09 15:00:00+09:00,USDJPY,rule_based_ai_stub,v0.1,downtrend,short,0.65,medium,True,短期MAが長期MAを下回り、RSIが許容範囲,取引許可,59.415403453788436,160.07483340932723,160.07600861959153,entry_candidate
e9f7e957-b4fd-4bf4-a621-44075f3bc665,2026-06-09 15:05:00+09:00,USDJPY,rule_based_ai_stub,v0.1,downtrend,short,0.65,medium,True,短期MAが長期MAを下回り、RSIが許容範囲,取引許可,49.398934036363265,160.07477910057526,160.07594479463967,entry_candidate
531c6da3-e1a3-43f3-b108-c782a6e7a507,2026-06-09 15:10:00+09:00,USDJPY,rule_based_ai_stub,v0.1,downtrend,short,0.65,medium,True,短期MAが長期MAを下回り、RSIが許容範囲,取引許可,50.27797696316247,160.0747309086384,160.07586587828771,entry_candidate
a7f793f4-5766-482d-a16b-27f9735f5ebd,2026-06-09 15:15:00+09:00,USDJPY,rule_based_ai_stub,v0.1,downtrend,short,0.65,medium,True,短期MAが長期MAを下回り、RSIが許容範囲,取引許可,44.44412268062212,160.07478109862475,160.07580006719158,entry_candidate
93d02c34-d02f-45ee-947f-fb8b6b1911e0,2026-06-09 15:20:00+09:00,USDJPY,rule_based_ai_stub,v0.1,downtrend,short,0.65,medium,True,短期MAが長期MAを下回り、RSIが許容範囲,取引許可,42.7581693440962,160.07483892688677,160.0757540824953,entry_candidate
f202433c-2f81-4831-8d34-b3e1ca0ce368,2026-06-09 15:25:00+09:00,USDJPY,rule_based_ai_stub,v0.1,downtrend,short,0.65,medium,True,短期MAが長期MAを下回り、RSIが許容範囲,取引許可,45.804070601996145,160.0747871070221,160.07567385940524,entry_candidate
3b93f8ed-082f-4151-86df-e9a99ab74fc2,2026-06-09 15:30:00+09:00,USDJPY,rule_based_ai_stub,v0.1,downtrend,short,0.65,medium,True,短期MAが長期MAを下回り、RSIが許容範囲,取引許可,52.94392433491172,160.07476027146035,160.07560734673746,entry_candidate
e490d7c4-64fd-4e3a-997e-b9d45ff9ded3,2026-06-09 15:35:00+09:00,USDJPY,rule_based_ai_stub,v0.1,downtrend,short,0.65,medium,True,短期MAが長期MAを下回り、RSIが許容範囲,取引許可,45.870434181292886,160.07475841764588,160.07555440279327,entry_candidate
79b31a58-ffd6-49aa-b137-0dfaae895061,2026-06-09 15:40:00+09:00,USDJPY,rule_based_ai_stub,v0.1,downtrend,short,0.65,medium,True,短期MAが長期MAを下回り、RSIが許容範囲,取引許可,46.939095106521115,160.07475020276985,160.0754904474838,entry_candidate
d1634223-a46c-416b-aa76-92b61eb48eca,2026-06-09 15:45:00+09:00,USDJPY,rule_based_ai_stub,v0.1,downtrend,short,0.65,medium,True,短期MAが長期MAを下回り、RSIが許容範囲,取引許可,45.80390358038452,160.0746789739903,160.07542038412936,entry_candidate
ef464c36-40d3-418d-a911-49d9dddb8c9a,2026-06-09 15:50:00+09:00,USDJPY,rule_based_ai_stub,v0.1,downtrend,short,0.65,medium,True,短期MAが長期MAを下回り、RSIが許容範囲,取引許可,43.58536876456074,160.07454035523426,160.07532881515667,entry_candidate
703ee8ee-b5f5-47ea-ba5e-57351926560f,2026-06-09 15:55:00+09:00,USDJPY,rule_based_ai_stub,v0.1,downtrend,short,0.65,medium,True,短期MAが長期MAを下回り、RSIが許容範囲,取引許可,36.03939092220339,160.07428309985949,160.07521155886573,entry_candidate
d3a097c9-3a3a-4a05-b85b-43a1f42dbac5,2026-06-09 16:00:00+09:00,USDJPY,rule_based_ai_stub,v0.1,downtrend,short,0.65,medium,True,短期MAが長期MAを下回り、RSIが許容範囲,取引許可,34.4049189838843,160.07408834283754,160.0750977463929,entry_candidate
4a99a9fc-3ead-43d5-babf-8f3559623fb0,2026-06-09 16:05:00+09:00,USDJPY,rule_based_ai_stub,v0.1,downtrend,short,0.65,medium,True,短期MAが長期MAを下回り、RSIが許容範囲,取引許可,31.207422227167953,160.07401165066668,160.07502395400422,entry_candidate
ea898797-3a9a-4a47-b782-9e944a51000e,2026-06-09 16:10:00+09:00,USDJPY,rule_based_ai_stub,v0.1,downtrend,none,0.2,low,False,条件未達,取引許可,26.551949265504575,160.07386332236075,160.07489919275136,wait
e03ff611-72a6-4fe5-bccb-92816d74162b,2026-06-09 16:15:00+09:00,USDJPY,rule_based_ai_stub,v0.1,downtrend,none,0.2,low,False,条件未達,取引許可,27.65242731907186,160.07365550448648,160.07475458547538,wait
8b80eb7c-dfbd-433f-92ef-18d34ffb54af,2026-06-09 16:20:00+09:00,USDJPY,rule_based_ai_stub,v0.1,downtrend,none,0.2,low,False,条件未達,取引許可,24.84043107122237,160.07342104809575,160.07459119066408,wait
7ca75b76-7532-44e0-8e63-47bba2a9c7d6,2026-06-09 16:25:00+09:00,USDJPY,rule_based_ai_stub,v0.1,downtrend,none,0.2,low,False,条件未達,取引許可,21.519982478261582,160.07320194805405,160.07441457231275,wait
062b0b3d-87e2-4c25-b04d-692868c701dc,2026-06-09 16:30:00+09:00,USDJPY,rule_based_ai_stub,v0.1,downtrend,none,0.2,low,False,条件未達,取引許可,23.390737591705985,160.0729614867198,160.07426616724916,wait
abf61403-3fe2-4441-b9ad-6b2b3abb2389,2026-06-09 16:35:00+09:00,USDJPY,rule_based_ai_stub,v0.1,downtrend,none,0.2,low,False,条件未達,取引許可,22.30592328529505,160.07265097574214,160.0740867905517,wait
8b6a695b-e070-44a4-ae1f-2ea6fdd9b758,2026-06-09 16:40:00+09:00,USDJPY,rule_based_ai_stub,v0.1,downtrend,none,0.2,low,False,条件未達,取引許可,17.988757726487705,160.07229273192405,160.07390920571584,wait
3d8da924-2287-42e6-8219-0bb70040cf7f,2026-06-09 16:45:00+09:00,USDJPY,rule_based_ai_stub,v0.1,downtrend,none,0.2,low,False,条件未達,取引許可,16.570779588109573,160.0719222150041,160.07373743276187,wait
b8fe9998-4df5-42d2-ad9d-b7169425901f,2026-06-09 16:50:00+09:00,USDJPY,rule_based_ai_stub,v0.1,downtrend,none,0.2,low,False,条件未達,取引許可,17.75479802819237,160.0715735814863,160.07359448691648,wait
aa52fdab-2fd5-42d4-afaf-134909f3c3c8,2026-06-09 16:55:00+09:00,USDJPY,rule_based_ai_stub,v0.1,downtrend,none,0.2,low,False,条件未達,取引許可,19.49438208136594,160.07127462684258,160.07343415200384,wait
64e1979f-8bce-4d9c-b4dd-64fcc7ebff5f,2026-06-09 17:00:00+09:00,USDJPY,rule_based_ai_stub,v0.1,downtrend,none,0.2,low,False,条件未達,取引許可,18.70469092494355,160.07089507540067,160.07327227585515,wait
3eb618e2-d886-46ac-b1fc-9294135721e5,2026-06-09 17:05:00+09:00,USDJPY,rule_based_ai_stub,v0.1,downtrend,none,0.2,low,False,条件未達,取引許可,21.56978801738883,160.07047260253557,160.0730877845925,wait
acea8128-51d7-44f6-a3bb-2c7778c4a482,2026-06-09 17:10:00+09:00,USDJPY,rule_based_ai_stub,v0.1,downtrend,none,0.2,low,False,条件未達,取引許可,14.090533251916582,160.0701151050594,160.0729031120195,wait
2418661d-87e0-405f-b386-57552e8f5b2f,2026-06-09 17:15:00+09:00,USDJPY,rule_based_ai_stub,v0.1,downtrend,none,0.2,low,False,条件未達,取引許可,4.915697685178543,160.06979050037071,160.07274236782732,wait
821a0f5b-f274-4d51-877f-6a7bff37ccb7,2026-06-09 17:20:00+09:00,USDJPY,rule_based_ai_stub,v0.1,downtrend,none,0.2,low,False,条件未達,取引許可,21.714197938473745,160.06962439474927,160.07262812324393,wait
7b007ef4-22b2-4250-a13b-e27b6781860e,2026-06-09 17:25:00+09:00,USDJPY,rule_based_ai_stub,v0.1,downtrend,short,0.65,medium,True,短期MAが長期MAを下回り、RSIが許容範囲,取引許可,33.66783505618602,160.06955781337714,160.07251562281778,entry_candidate
948b82ee-1b24-4b98-b0fa-9790f8058c00,2026-06-09 17:30:00+09:00,USDJPY,rule_based_ai_stub,v0.1,downtrend,short,0.65,medium,True,短期MAが長期MAを下回り、RSIが許容範囲,取引許可,34.30853933034615,160.06943042484167,160.07238406100726,entry_candidate
ff290254-458c-4b16-a816-d21b9d8c5480,2026-06-09 17:35:00+09:00,USDJPY,rule_based_ai_stub,v0.1,downtrend,short,0.65,medium,True,短期MAが長期MAを下回り、RSIが許容範囲,取引許可,41.629933468841976,160.06941700518811,160.07227546619202,entry_candidate
3a5d901c-5579-4b8d-8f76-fd34862b201a,2026-06-09 17:40:00+09:00,USDJPY,rule_based_ai_stub,v0.1,downtrend,short,0.65,medium,True,短期MAが長期MAを下回り、RSIが許容範囲,取引許可,46.143854010866136,160.06949024835288,160.07217772768226,entry_candidate
195b56d3-340d-4f07-92d3-7d61ff0dd67e,2026-06-09 17:45:00+09:00,USDJPY,rule_based_ai_stub,v0.1,downtrend,short,0.65,medium,True,短期MAが長期MAを下回り、RSIが許容範囲,取引許可,47.40557239056449,160.06955627622185,160.0720524884054,entry_candidate
2cd155d7-4c08-4100-bcaa-2a1440cdb797,2026-06-09 17:50:00+09:00,USDJPY,rule_based_ai_stub,v0.1,downtrend,short,0.65,medium,True,短期MAが長期MAを下回り、RSIが許容範囲,取引許可,55.335381067836245,160.0696528796065,160.07192227210902,entry_candidate
c4a16496-0277-4d61-92fb-ea40b94f8035,2026-06-09 17:55:00+09:00,USDJPY,rule_based_ai_stub,v0.1,downtrend,none,0.2,low,False,条件未達,取引許可,66.105360040204,160.06982291237026,160.07179354635744,wait
5daf0583-1824-4145-81ba-097c89db4cd9,2026-06-09 18:00:00+09:00,USDJPY,rule_based_ai_stub,v0.1,downtrend,short,0.65,medium,True,短期MAが長期MAを下回り、RSIが許容範囲,取引許可,59.59862671159544,160.06997290477133,160.07165210766985,entry_candidate
1093809d-ec66-4c5a-9f8b-f76f52616878,2026-06-09 18:05:00+09:00,USDJPY,rule_based_ai_stub,v0.1,downtrend,short,0.65,medium,True,短期MAが長期MAを下回り、RSIが許容範囲,取引許可,55.27347267074834,160.07006818098776,160.07151747806336,entry_candidate
928c1a86-c102-47e1-b908-04b1fcfa8721,2026-06-09 18:10:00+09:00,USDJPY,rule_based_ai_stub,v0.1,downtrend,none,0.2,low,False,条件未達,取引許可,61.56572970148187,160.0702416742818,160.0714067005673,wait
4a62dbfc-d48a-42ec-bbd1-26d62b32f9d6,2026-06-09 18:15:00+09:00,USDJPY,rule_based_ai_stub,v0.1,downtrend,none,0.2,low,False,条件未達,取引許可,61.832490538736714,160.07044232509688,160.07129610998467,wait
05b7066d-a65c-42d8-8e00-fde1ad79fb61,2026-06-09 18:20:00+09:00,USDJPY,rule_based_ai_stub,v0.1,downtrend,none,0.2,low,False,条件未達,取引許可,65.81364768167484,160.07058687712117,160.07121077332206,wait
5b60d651-be71-44b0-ad0f-72848a280250,2026-06-09 18:25:00+09:00,USDJPY,rule_based_ai_stub,v0.1,downtrend,none,0.2,low,False,条件未達,取引許可,67.91765151371314,160.07068143555372,160.07114706566165,wait
c2ad61e1-9ccf-4a48-871d-650f653cc5cc,2026-06-09 18:30:00+09:00,USDJPY,rule_based_ai_stub,v0.1,downtrend,none,0.2,low,False,条件未達,取引許可,64.62484718717602,160.07086050784417,160.07108413980188,wait
efd95134-3ed8-44b2-b36d-5ac14ea755cd,2026-06-09 18:35:00+09:00,USDJPY,rule_based_ai_stub,v0.1,downtrend,short,0.65,medium,True,短期MAが長期MAを下回り、RSIが許容範囲,取引許可,53.97053504903681,160.0709317699073,160.07099991694585,entry_candidate
6c941498-93d2-4ad2-89bb-920eb941e243,2026-06-09 18:40:00+09:00,USDJPY,rule_based_ai_stub,v0.1,uptrend,long,0.65,medium,True,短期MAが長期MAを上回り、RSIが許容範囲,取引許可,63.63498850039534,160.071014828028,160.0709326027683,entry_candidate
bb712c9a-7774-406e-aa5b-c847e29fe075,2026-06-09 18:45:00+09:00,USDJPY,rule_based_ai_stub,v0.1,uptrend,long,0.65,medium,True,短期MAが長期MAを上回り、RSIが許容範囲,取引許可,64.61806237353798,160.07121377881282,160.07089742334625,entry_candidate
756c1f6d-acc8-4372-aec5-26cd1276c0a6,2026-06-09 18:50:00+09:00,USDJPY,rule_based_ai_stub,v0.1,uptrend,long,0.65,medium,True,短期MAが長期MAを上回り、RSIが許容範囲,取引許可,61.017949824327374,160.07136032117822,160.07086226075702,entry_candidate
8c181a0f-4eaa-4782-b4ec-e56af825efc1,2026-06-09 18:55:00+09:00,USDJPY,rule_based_ai_stub,v0.1,uptrend,long,0.65,medium,True,短期MAが長期MAを上回り、RSIが許容範囲,取引許可,67.23010860317011,160.0714277931002,160.0708417774377,entry_candidate
304e5ad7-77fc-4903-bbf9-932ef3756442,2026-06-09 19:00:00+09:00,USDJPY,rule_based_ai_stub,v0.1,uptrend,long,0.65,medium,True,短期MAが長期MAを上回り、RSIが許容範囲,取引許可,56.025696256109725,160.0714748368874,160.07078093901978,entry_candidate
de51ba13-7a63-45e9-b1ae-4a9f2a61b1a7,2026-06-09 19:05:00+09:00,USDJPY,rule_based_ai_stub,v0.1,uptrend,long,0.65,medium,True,短期MAが長期MAを上回り、RSIが許容範囲,取引許可,51.741325774647244,160.07159346855343,160.07071141735892,entry_candidate
6d3b40cf-9fda-470b-8d65-da92a254fdc1,2026-06-09 19:10:00+09:00,USDJPY,rule_based_ai_stub,v0.1,uptrend,long,0.65,medium,True,短期MAが長期MAを上回り、RSIが許容範囲,取引許可,60.313172321819295,160.0716898200182,160.07068219978646,entry_candidate
f65f4989-896f-4b17-a3c8-ae5c25f8a49e,2026-06-09 19:15:00+09:00,USDJPY,rule_based_ai_stub,v0.1,uptrend,long,0.65,medium,True,短期MAが長期MAを上回り、RSIが許容範囲,取引許可,65.9606505187021,160.0717694871666,160.0706674375447,entry_candidate
ecf191d5-2ab8-47ad-8388-92d071420eb2,2026-06-09 19:20:00+09:00,USDJPY,rule_based_ai_stub,v0.1,uptrend,long,0.65,medium,True,短期MAが長期MAを上回り、RSIが許容範囲,取引許可,66.3536458204992,160.0718777981692,160.07069635667986,entry_candidate
fdd400e5-dc68-42d4-b1b6-651f1c1694a2,2026-06-09 19:25:00+09:00,USDJPY,rule_based_ai_stub,v0.1,uptrend,long,0.65,medium,True,短期MAが長期MAを上回り、RSIが許容範囲,取引許可,63.035881472264265,160.0719523758494,160.07073054159343,entry_candidate
f2c6b27d-7b0a-4bf4-8759-d97bd66fc52f,2026-06-09 19:30:00+09:00,USDJPY,rule_based_ai_stub,v0.1,uptrend,long,0.65,medium,True,短期MAが長期MAを上回り、RSIが許容範囲,取引許可,63.08815973720865,160.0720356490299,160.0707755272386,entry_candidate
2039c51d-d1b9-47a0-82da-0f2ccd01ce0c,2026-06-09 19:35:00+09:00,USDJPY,rule_based_ai_stub,v0.1,uptrend,long,0.65,medium,True,短期MAが長期MAを上回り、RSIが許容範囲,取引許可,55.387254752598224,160.0721342625999,160.07082767923174,entry_candidate
c8df3f2d-c22b-4217-951c-3e5e448f3c3d,2026-06-09 19:40:00+09:00,USDJPY,rule_based_ai_stub,v0.1,uptrend,long,0.65,medium,True,短期MAが長期MAを上回り、RSIが許容範囲,取引許可,53.44000279822889,160.072179332677,160.0708948030193,entry_candidate
bde09040-50e3-4615-be36-1f12219550f7,2026-06-09 19:45:00+09:00,USDJPY,rule_based_ai_stub,v0.1,uptrend,long,0.65,medium,True,短期MAが長期MAを上回り、RSIが許容範囲,取引許可,60.790090054261576,160.07215720554157,160.07097575352543,entry_candidate
e34e99d9-97a8-4e8a-925c-175684e5e709,2026-06-09 19:50:00+09:00,USDJPY,rule_based_ai_stub,v0.1,uptrend,long,0.65,medium,True,短期MAが長期MAを上回り、RSIが許容範囲,取引許可,56.5237205290773,160.07215781333946,160.07105700470805,entry_candidate
279fe945-2f0a-42ed-bd0b-5f0cb7c5028b,2026-06-09 19:55:00+09:00,USDJPY,rule_based_ai_stub,v0.1,uptrend,long,0.65,medium,True,短期MAが長期MAを上回り、RSIが許容範囲,取引許可,45.882997477779256,160.07214211863837,160.0711309413696,entry_candidate
9f361d2d-c491-4722-b186-310ede6a8a36,2026-06-09 20:00:00+09:00,USDJPY,rule_based_ai_stub,v0.1,uptrend,long,0.65,medium,True,短期MAが長期MAを上回り、RSIが許容範囲,取引許可,46.561323075446694,160.07219640568266,160.07121471578046,entry_candidate
a79dd460-211c-44d0-b7b8-d4e58f7a7d8b,2026-06-09 20:05:00+09:00,USDJPY,rule_based_ai_stub,v0.1,uptrend,long,0.65,medium,True,短期MAが長期MAを上回り、RSIが許容範囲,取引許可,52.782635918696215,160.07226628234773,160.07130931062966,entry_candidate
d01ef994-2276-4ffe-8cb8-351554385306,2026-06-09 20:10:00+09:00,USDJPY,rule_based_ai_stub,v0.1,uptrend,long,0.65,medium,True,短期MAが長期MAを上回り、RSIが許容範囲,取引許可,61.886382006119234,160.07228571792882,160.0714057374096,entry_candidate
8861dd83-e8f5-4dca-85d4-7dcaaf1ba77c,2026-06-09 20:15:00+09:00,USDJPY,rule_based_ai_stub,v0.1,uptrend,long,0.65,medium,True,短期MAが長期MAを上回り、RSIが許容範囲,取引許可,45.86382890443746,160.07222793420573,160.0714799154897,entry_candidate
7ef69f69-a314-4194-8b70-3b88711c06c5,2026-06-09 20:20:00+09:00,USDJPY,rule_based_ai_stub,v0.1,uptrend,long,0.65,medium,True,短期MAが長期MAを上回り、RSIが許容範囲,取引許可,53.29230080901946,160.07220141200986,160.07155536243343,entry_candidate
36973085-a383-422e-9fa5-1c01ed30c05e,2026-06-09 20:25:00+09:00,USDJPY,rule_based_ai_stub,v0.1,uptrend,long,0.65,medium,True,短期MAが長期MAを上回り、RSIが許容範囲,取引許可,60.110203660294765,160.0722606663795,160.07163149259424,entry_candidate
079e4622-deba-4132-85be-97292d28424d,2026-06-09 20:30:00+09:00,USDJPY,rule_based_ai_stub,v0.1,uptrend,long,0.65,medium,True,短期MAが長期MAを上回り、RSIが許容範囲,取引許可,47.974297052951265,160.07222707731805,160.07170774473073,entry_candidate
812a60ca-a6f2-466c-aa2c-01a24d1a2775,2026-06-09 20:35:00+09:00,USDJPY,rule_based_ai_stub,v0.1,uptrend,long,0.65,medium,True,短期MAが長期MAを上回り、RSIが許容範囲,取引許可,52.944599674781976,160.0722789568638,160.0717816631237,entry_candidate
35a79e2e-ea6d-48f6-beee-365e2f76bb0e,2026-06-09 20:40:00+09:00,USDJPY,rule_based_ai_stub,v0.1,uptrend,long,0.65,medium,True,短期MAが長期MAを上回り、RSIが許容範囲,取引許可,47.820452449058834,160.0723068652786,160.07183367532787,entry_candidate
0391adfa-9564-4727-be01-b4434d576eec,2026-06-09 20:45:00+09:00,USDJPY,rule_based_ai_stub,v0.1,uptrend,long,0.65,medium,True,短期MAが長期MAを上回り、RSIが許容範囲,取引許可,54.31254751903654,160.07235666576705,160.07190921670713,entry_candidate
28cf39f4-1b79-4f6b-b8e2-915eb5c6572c,2026-06-09 20:50:00+09:00,USDJPY,rule_based_ai_stub,v0.1,uptrend,long,0.65,medium,True,短期MAが長期MAを上回り、RSIが許容範囲,取引許可,55.77857233355914,160.0724099120658,160.07197601552784,entry_candidate
98006531-9e02-4eb2-b0f2-c6fab172add5,2026-06-09 20:55:00+09:00,USDJPY,rule_based_ai_stub,v0.1,uptrend,long,0.65,medium,True,短期MAが長期MAを上回り、RSIが許容範囲,取引許可,55.44372943305948,160.07246991432103,160.0720132753532,entry_candidate
cba64fbb-59e9-4845-945d-e6e469a8e603,2026-06-09 21:00:00+09:00,USDJPY,rule_based_ai_stub,v0.1,uptrend,long,0.65,medium,True,短期MAが長期MAを上回り、RSIが許容範囲,取引許可,50.38031356603047,160.07249730192277,160.0720561814976,entry_candidate
2d390c98-6431-4772-b519-2e12e08c945c,2026-06-09 21:05:00+09:00,USDJPY,rule_based_ai_stub,v0.1,uptrend,long,0.65,medium,True,短期MAが長期MAを上回り、RSIが許容範囲,取引許可,48.88972496908085,160.07244886011327,160.07210287033814,entry_candidate
e00eb420-4c14-4dbd-88cd-980e8dbe8468,2026-06-09 21:10:00+09:00,USDJPY,rule_based_ai_stub,v0.1,uptrend,long,0.65,medium,True,短期MAが長期MAを上回り、RSIが許容範囲,取引許可,45.59227371367141,160.0723764469199,160.07211732828898,entry_candidate
0f877659-0ce5-4171-84fc-3a65182cb8be,2026-06-09 21:15:00+09:00,USDJPY,rule_based_ai_stub,v0.1,uptrend,none,0.2,low,False,条件未達,取引許可,38.440189786249825,160.07234277147117,160.0721133976145,wait
85eb25cd-d845-493a-8f73-921c7f5845c0,2026-06-09 21:20:00+09:00,USDJPY,rule_based_ai_stub,v0.1,uptrend,none,0.2,low,False,条件未達,取引許可,39.704433508349716,160.07221825791268,160.07209915603056,wait
e7773afc-3b0b-42bc-a613-7fcc859e6551,2026-06-09 21:25:00+09:00,USDJPY,rule_based_ai_stub,v0.1,downtrend,short,0.65,medium,True,短期MAが長期MAを下回り、RSIが許容範囲,取引許可,43.12285738967497,160.07198888365085,160.07206730862657,entry_candidate
850656e8-e96b-49fc-bf06-f1527c4cd7bd,2026-06-09 21:30:00+09:00,USDJPY,rule_based_ai_stub,v0.1,downtrend,short,0.65,medium,True,短期MAが長期MAを下回り、RSIが許容範囲,取引許可,36.57936197670581,160.07185822512702,160.07204031715835,entry_candidate
0f063cf8-08cf-4ca9-bbad-7f837ff2a84f,2026-06-09 21:35:00+09:00,USDJPY,rule_based_ai_stub,v0.1,downtrend,short,0.65,medium,True,短期MAが長期MAを下回り、RSIが許容範囲,取引許可,37.29427227016443,160.0717674435207,160.07206022099479,entry_candidate
42117e6a-f4a6-48fb-9cae-25fbf05d5e14,2026-06-09 21:40:00+09:00,USDJPY,rule_based_ai_stub,v0.1,downtrend,short,0.65,medium,True,短期MAが長期MAを下回り、RSIが許容範囲,取引許可,40.356893312072785,160.07167280799084,160.07205300198214,entry_candidate
872a2f05-b52f-4a9a-b7f3-64816d3fca86,2026-06-09 21:45:00+09:00,USDJPY,rule_based_ai_stub,v0.1,downtrend,short,0.65,medium,True,短期MAが長期MAを下回り、RSIが許容範囲,取引許可,37.09052950455121,160.07157696832527,160.07203027987794,entry_candidate
2c57dff9-83a3-4991-a64c-8cf6139da41b,2026-06-09 21:50:00+09:00,USDJPY,rule_based_ai_stub,v0.1,downtrend,short,0.65,medium,True,短期MAが長期MAを下回り、RSIが許容範囲,取引許可,43.212423188669284,160.07149140170873,160.07201970903802,entry_candidate
827906db-0814-4daf-956e-7c14165076f3,2026-06-09 21:55:00+09:00,USDJPY,rule_based_ai_stub,v0.1,downtrend,short,0.65,medium,True,短期MAが長期MAを下回り、RSIが許容範囲,取引許可,44.61191063140231,160.07144115559575,160.0720177295184,entry_candidate
c2aace68-3061-4dd6-9f94-adeee423082f,2026-06-09 22:00:00+09:00,USDJPY,rule_based_ai_stub,v0.1,downtrend,short,0.65,medium,True,短期MAが長期MAを下回り、RSIが許容範囲,取引許可,43.14522520563701,160.07143389552948,160.07204253437828,entry_candidate
0b9fd346-f045-4645-9d08-991b3df6a978,2026-06-09 22:05:00+09:00,USDJPY,rule_based_ai_stub,v0.1,downtrend,short,0.65,medium,True,短期MAが長期MAを下回り、RSIが許容範囲,取引許可,49.12940962500727,160.07149829663672,160.07207114636591,entry_candidate
bf5949bc-93f5-431d-9cc4-538f66a26b5e,2026-06-09 22:10:00+09:00,USDJPY,rule_based_ai_stub,v0.1,downtrend,short,0.65,medium,True,短期MAが長期MAを下回り、RSIが許容範囲,取引許可,56.53500991304554,160.07163261978735,160.07209826154536,entry_candidate
b0505468-d968-4521-a0f5-e9745250eedb,2026-06-09 22:15:00+09:00,USDJPY,rule_based_ai_stub,v0.1,downtrend,short,0.65,medium,True,短期MAが長期MAを下回り、RSIが許容範囲,取引許可,53.12217058593314,160.07174665092728,160.07210578553475,entry_candidate
0e289c82-404b-425a-a095-1589ff44225c,2026-06-09 22:20:00+09:00,USDJPY,rule_based_ai_stub,v0.1,downtrend,none,0.2,low,False,条件未達,取引許可,62.99116160808112,160.07190749878495,160.07210905623586,wait
03b823db-f163-484e-b819-2a6d0262223c,2026-06-09 22:25:00+09:00,USDJPY,rule_based_ai_stub,v0.1,uptrend,none,0.2,low,False,条件未達,取引許可,72.27092826632686,160.07214849918395,160.0721326830714,wait
f68a9c2f-83e3-4696-8755-ca15b64eb429,2026-06-09 22:30:00+09:00,USDJPY,rule_based_ai_stub,v0.1,uptrend,long,0.65,medium,True,短期MAが長期MAを上回り、RSIが許容範囲,取引許可,67.15542340223288,160.07231723267444,160.07213417837318,entry_candidate
edaf24f5-5b9a-4e1e-9dfb-ec2ba38abca3,2026-06-09 22:35:00+09:00,USDJPY,rule_based_ai_stub,v0.1,uptrend,none,0.2,low,False,条件未達,取引許可,72.45916529107977,160.07241350074892,160.07215330037783,wait
c67fa1c1-14fd-4a14-9182-e4af7c82a973,2026-06-09 22:40:00+09:00,USDJPY,rule_based_ai_stub,v0.1,uptrend,none,0.2,low,False,条件未達,取引許可,72.46299148973007,160.07257293793515,160.07218420373485,wait
0ae1ad70-1dcf-401a-90ca-67732ab013cc,2026-06-09 22:45:00+09:00,USDJPY,rule_based_ai_stub,v0.1,uptrend,long,0.65,medium,True,短期MAが長期MAを上回り、RSIが許容範囲,取引許可,65.43596178138995,160.07270993920534,160.07221452443252,entry_candidate
a721f04f-4a26-435b-978b-e15d7295d49b,2026-06-09 22:50:00+09:00,USDJPY,rule_based_ai_stub,v0.1,uptrend,none,0.2,low,False,条件未達,取引許可,74.3017607131243,160.07287560512242,160.07225897296564,wait
45703d6d-c04c-4bbf-980a-3edd23a309b3,2026-06-09 22:55:00+09:00,USDJPY,rule_based_ai_stub,v0.1,uptrend,none,0.2,low,False,条件未達,取引許可,79.48611794931759,160.07313586455066,160.07234897815584,wait
6f670825-32b7-46a4-9ada-bfe3ff568c1a,2026-06-09 23:00:00+09:00,USDJPY,rule_based_ai_stub,v0.1,uptrend,none,0.2,low,False,条件未達,取引許可,72.83324565767018,160.0733530269139,160.07242807478872,wait
bc32fc75-ba81-4c0b-9741-aeb067ba88a1,2026-06-09 23:05:00+09:00,USDJPY,rule_based_ai_stub,v0.1,uptrend,long,0.65,medium,True,短期MAが長期MAを上回り、RSIが許容範囲,取引許可,63.17172616475192,160.07346400292604,160.07247038655868,entry_candidate
7d7a2248-53d0-4a53-a327-3d04bfb56b51,2026-06-09 23:10:00+09:00,USDJPY,rule_based_ai_stub,v0.1,uptrend,long,0.65,medium,True,短期MAが長期MAを上回り、RSIが許容範囲,取引許可,63.87767549413038,160.07356605742035,160.07252504137588,entry_candidate
dfcb66a9-9cf5-4bf8-8f19-4d667a16d1bf,2026-06-09 23:15:00+09:00,USDJPY,rule_based_ai_stub,v0.1,uptrend,long,0.65,medium,True,短期MAが長期MAを上回り、RSIが許容範囲,取引許可,63.81338336021602,160.07376607316104,160.0726184985198,entry_candidate
82ae994d-335a-4708-9625-bf324d52db66,2026-06-09 23:20:00+09:00,USDJPY,rule_based_ai_stub,v0.1,uptrend,long,0.65,medium,True,短期MAが長期MAを上回り、RSIが許容範囲,取引許可,61.0742696068153,160.0739110877798,160.07267894815914,entry_candidate
59b8e458-66ed-45ad-8f64-47047e4ea8be,2026-06-09 23:25:00+09:00,USDJPY,rule_based_ai_stub,v0.1,uptrend,none,0.2,low,False,条件未達,取引許可,72.21419362982536,160.07408440088986,160.07274059457487,wait
26483ff8-e50d-46b8-ae09-7e454ce60056,2026-06-09 23:30:00+09:00,USDJPY,rule_based_ai_stub,v0.1,uptrend,long,0.65,medium,True,短期MAが長期MAを上回り、RSIが許容範囲,取引許可,62.42523964349877,160.07422894801516,160.07280146860552,entry_candidate
d4b70ee9-3541-4787-a052-53b22a3a7749,2026-06-09 23:35:00+09:00,USDJPY,rule_based_ai_stub,v0.1,uptrend,long,0.65,medium,True,短期MAが長期MAを上回り、RSIが許容範囲,取引許可,61.8202511983402,160.0744062441798,160.07286239614982,entry_candidate
70eb862d-0963-4e2c-8563-046e4051fe08,2026-06-09 23:40:00+09:00,USDJPY,rule_based_ai_stub,v0.1,uptrend,long,0.65,medium,True,短期MAが長期MAを上回り、RSIが許容範囲,取引許可,62.637064036812156,160.0745190808538,160.07292160892658,entry_candidate
368bb2b6-4adb-4685-b7a6-4bdafe528bd6,2026-06-09 23:45:00+09:00,USDJPY,rule_based_ai_stub,v0.1,uptrend,long,0.65,medium,True,短期MAが長期MAを上回り、RSIが許容範囲,取引許可,67.25775713875257,160.0747283521141,160.07300508654825,entry_candidate
6df5f4cb-4379-48a1-a1fa-e94d0be3f22b,2026-06-09 23:50:00+09:00,USDJPY,rule_based_ai_stub,v0.1,uptrend,none,0.2,low,False,条件未達,取引許可,70.13362375697248,160.07498360023962,160.07311686902358,wait
e2201d74-5850-4613-86fa-a4445350672d,2026-06-09 23:55:00+09:00,USDJPY,rule_based_ai_stub,v0.1,uptrend,long,0.65,medium,True,短期MAが長期MAを上回り、RSIが許容範囲,取引許可,67.60569688538722,160.07508232191108,160.07321978068583,entry_candidate
74e8dd0f-b39c-48ad-9b1a-f5746caefd80,2026-06-10 00:00:00+09:00,USDJPY,rule_based_ai_stub,v0.1,uptrend,long,0.65,medium,True,短期MAが長期MAを上回り、RSIが許容範囲,取引許可,62.82069926824184,160.07519286502733,160.07332659582357,entry_candidate
f2a980d9-548a-41d7-afc7-34e8a066365f,2026-06-10 00:05:00+09:00,USDJPY,rule_based_ai_stub,v0.1,uptrend,long,0.65,medium,True,短期MAが長期MAを上回り、RSIが許容範囲,取引許可,58.64745346228341,160.0754154397681,160.0734592464436,entry_candidate
1386bd46-c306-4c1f-b379-ec08e4a69856,2026-06-10 00:10:00+09:00,USDJPY,rule_based_ai_stub,v0.1,uptrend,long,0.65,medium,True,短期MAが長期MAを上回り、RSIが許容範囲,取引許可,60.44644430728797,160.0756034670466,160.07360071475145,entry_candidate
4d0d68e1-bf8d-4cdf-bf1e-6e201c619ae4,2026-06-10 00:15:00+09:00,USDJPY,rule_based_ai_stub,v0.1,uptrend,long,0.65,medium,True,短期MAが長期MAを上回り、RSIが許容範囲,取引許可,67.3662513386908,160.07575314563894,160.07375528990912,entry_candidate
5d82d722-cd49-4c3b-a11f-9339233b0add,2026-06-10 00:20:00+09:00,USDJPY,rule_based_ai_stub,v0.1,uptrend,long,0.65,medium,True,短期MAが長期MAを上回り、RSIが許容範囲,取引許可,66.56842363252966,160.07591563697102,160.07391140784526,entry_candidate
b054003e-54e9-4eb5-8460-fcca298c7918,2026-06-10 00:25:00+09:00,USDJPY,rule_based_ai_stub,v0.1,uptrend,long,0.65,medium,True,短期MAが長期MAを上回り、RSIが許容範囲,取引許可,54.511182125177065,160.07590948161211,160.07404746056199,entry_candidate
69b484a2-9e95-4db3-b304-dba8c0e8e9c7,2026-06-10 00:30:00+09:00,USDJPY,rule_based_ai_stub,v0.1,uptrend,long,0.65,medium,True,短期MAが長期MAを上回り、RSIが許容範囲,取引許可,55.46766095042513,160.07596956465588,160.07417191511516,entry_candidate
b46cd534-52e0-4f80-95c7-4c38da8d997d,2026-06-10 00:35:00+09:00,USDJPY,rule_based_ai_stub,v0.1,uptrend,long,0.65,medium,True,短期MAが長期MAを上回り、RSIが許容範囲,取引許可,46.56421456955493,160.0759605153798,160.07426008676953,entry_candidate
9bf9a1df-2eeb-4dfd-bb1e-4d71b692b658,2026-06-10 00:40:00+09:00,USDJPY,rule_based_ai_stub,v0.1,uptrend,long,0.65,medium,True,短期MAが長期MAを上回り、RSIが許容範囲,取引許可,50.24366726734985,160.07595710300365,160.0743497072642,entry_candidate
d8e85628-22ed-47df-9cec-a8a0e5f266f8,2026-06-10 00:45:00+09:00,USDJPY,rule_based_ai_stub,v0.1,uptrend,long,0.65,medium,True,短期MAが長期MAを上回り、RSIが許容範囲,取引許可,53.50578162646097,160.07593990333234,160.07445939821727,entry_candidate
29208b8c-f0b2-456e-bb55-bd137afdb342,2026-06-10 00:50:00+09:00,USDJPY,rule_based_ai_stub,v0.1,uptrend,long,0.65,medium,True,短期MAが長期MAを上回り、RSIが許容範囲,取引許可,50.62891269742774,160.07576025254866,160.07453981930357,entry_candidate
6e8b2fe4-2d80-40c4-aa52-ec4f427d3d74,2026-06-10 00:55:00+09:00,USDJPY,rule_based_ai_stub,v0.1,uptrend,long,0.65,medium,True,短期MAが長期MAを上回り、RSIが許容範囲,取引許可,46.6325789592163,160.0756595948537,160.07462592710513,entry_candidate
ca8078f8-c7eb-4471-aead-42dd0bcd7787,2026-06-10 01:00:00+09:00,USDJPY,rule_based_ai_stub,v0.1,uptrend,none,0.2,low,False,条件未達,取引許可,33.98909065515278,160.07557246686903,160.07470611960343,wait
811dce72-9a06-4bee-8883-08732c852eda,2026-06-10 01:05:00+09:00,USDJPY,rule_based_ai_stub,v0.1,uptrend,none,0.2,low,False,条件未達,取引許可,35.835856380300996,160.07542837148162,160.07476927139192,wait
bd733381-ec42-4f8c-b52b-ab17a80b284d,2026-06-10 01:10:00+09:00,USDJPY,rule_based_ai_stub,v0.1,uptrend,long,0.65,medium,True,短期MAが長期MAを上回り、RSIが許容範囲,取引許可,43.510696220354376,160.07534315122146,160.0748375585628,entry_candidate
d8bc790e-e1d9-4f4d-9b9f-c1fa3634d0b8,2026-06-10 01:15:00+09:00,USDJPY,rule_based_ai_stub,v0.1,uptrend,long,0.65,medium,True,短期MAが長期MAを上回り、RSIが許容範囲,取引許可,40.14343788714636,160.07527720408692,160.07493214096232,entry_candidate
1e808574-7814-40c9-914c-22341b9ced1f,2026-06-10 01:20:00+09:00,USDJPY,rule_based_ai_stub,v0.1,uptrend,long,0.65,medium,True,短期MAが長期MAを上回り、RSIが許容範囲,取引許可,45.74363280105925,160.07523851818127,160.075021747644,entry_candidate
bae14cb4-c29c-418e-b7ee-48d71ce7cf03,2026-06-10 01:25:00+09:00,USDJPY,rule_based_ai_stub,v0.1,uptrend,long,0.65,medium,True,短期MAが長期MAを上回り、RSIが許容範囲,取引許可,51.280190562857825,160.07534422516642,160.0751127025561,entry_candidate
7dd5d0e2-eb39-4b4d-8c9f-ad6ed7625153,2026-06-10 01:30:00+09:00,USDJPY,rule_based_ai_stub,v0.1,uptrend,long,0.65,medium,True,短期MAが長期MAを上回り、RSIが許容範囲,取引許可,49.49067204890131,160.0754340586197,160.07521085709692,entry_candidate
f899a884-e1dd-4e31-90d8-be2289b89513,2026-06-10 01:35:00+09:00,USDJPY,rule_based_ai_stub,v0.1,uptrend,long,0.65,medium,True,短期MAが長期MAを上回り、RSIが許容範囲,取引許可,56.79889800766349,160.07552776662496,160.07529817539486,entry_candidate
84d6d6af-5ab9-41e4-8250-e6815c5bd041,2026-06-10 01:40:00+09:00,USDJPY,rule_based_ai_stub,v0.1,uptrend,long,0.65,medium,True,短期MAが長期MAを上回り、RSIが許容範囲,取引許可,50.6684567041672,160.07559187324503,160.07535601903416,entry_candidate
ffaba8c1-45ec-43a9-b391-c7ebd9605a1e,2026-06-10 01:45:00+09:00,USDJPY,rule_based_ai_stub,v0.1,uptrend,long,0.65,medium,True,短期MAが長期MAを上回り、RSIが許容範囲,取引許可,49.984746087644396,160.0755425277384,160.07540359439497,entry_candidate
b4207a75-4d1c-4573-a947-e212cb38ee42,2026-06-10 01:50:00+09:00,USDJPY,rule_based_ai_stub,v0.1,uptrend,long,0.65,medium,True,短期MAが長期MAを上回り、RSIが許容範囲,取引許可,63.70781117893445,160.07570346229775,160.07548243836203,entry_candidate
00abd7da-2703-4d34-864d-412a4ad9a532,2026-06-10 01:55:00+09:00,USDJPY,rule_based_ai_stub,v0.1,uptrend,long,0.65,medium,True,短期MAが長期MAを上回り、RSIが許容範囲,取引許可,63.122950483607866,160.07588597057685,160.07554262911387,entry_candidate
078c7a3c-7de6-45d4-8483-60b4b1de3447,2026-06-10 02:00:00+09:00,USDJPY,rule_based_ai_stub,v0.1,uptrend,long,0.65,medium,True,短期MAが長期MAを上回り、RSIが許容範囲,取引許可,62.643100958350836,160.07601487328412,160.07559340172685,entry_candidate
081f8229-b4b8-4e9d-b7f7-80a30a5eb5e9,2026-06-10 02:05:00+09:00,USDJPY,rule_based_ai_stub,v0.1,uptrend,long,0.65,medium,True,短期MAが長期MAを上回り、RSIが許容範囲,取引許可,53.90974289278355,160.07609164110198,160.07564515078388,entry_candidate
473e8d3d-394a-458c-8972-cdab6ea64ad7,2026-06-10 02:10:00+09:00,USDJPY,rule_based_ai_stub,v0.1,uptrend,long,0.65,medium,True,短期MAが長期MAを上回り、RSIが許容範囲,取引許可,56.73190630384635,160.07615298362813,160.07569986729874,entry_candidate
dc4bddc4-c7d4-4b1d-ad05-7771b452d22a,2026-06-10 02:15:00+09:00,USDJPY,rule_based_ai_stub,v0.1,uptrend,long,0.65,medium,True,短期MAが長期MAを上回り、RSIが許容範囲,取引許可,59.65510188698105,160.07622468682942,160.0757516788518,entry_candidate
8022f4f2-c500-4772-bcc4-877af700402d,2026-06-10 02:20:00+09:00,USDJPY,rule_based_ai_stub,v0.1,uptrend,long,0.65,medium,True,短期MAが長期MAを上回り、RSIが許容範囲,取引許可,58.91765871479361,160.0762953035726,160.07581648624165,entry_candidate
2daff583-a690-4276-8390-219706bb7aad,2026-06-10 02:25:00+09:00,USDJPY,rule_based_ai_stub,v0.1,uptrend,long,0.65,medium,True,短期MAが長期MAを上回り、RSIが許容範囲,取引許可,56.726117388987795,160.07630476329308,160.0758528233572,entry_candidate
7e2f1dea-f642-4cda-a0c8-b3712dc63eed,2026-06-10 02:30:00+09:00,USDJPY,rule_based_ai_stub,v0.1,uptrend,long,0.65,medium,True,短期MAが長期MAを上回り、RSIが許容範囲,取引許可,54.222292674618856,160.07632451571973,160.07590937966512,entry_candidate
e0eb5258-44e6-4b0a-a145-be5e21dd2b05,2026-06-10 02:35:00+09:00,USDJPY,rule_based_ai_stub,v0.1,uptrend,long,0.65,medium,True,短期MAが長期MAを上回り、RSIが許容範囲,取引許可,51.774425419218694,160.0763912739593,160.07595985198802,entry_candidate
5b32e1a8-08b7-4d9a-9c94-e5efb6a67ef3,2026-06-10 02:40:00+09:00,USDJPY,rule_based_ai_stub,v0.1,uptrend,long,0.65,medium,True,短期MAが長期MAを上回り、RSIが許容範囲,取引許可,53.57988784751379,160.07651658437553,160.07602185354142,entry_candidate
50d3ebff-108a-48da-b40b-4438268773a1,2026-06-10 02:45:00+09:00,USDJPY,rule_based_ai_stub,v0.1,uptrend,long,0.65,medium,True,短期MAが長期MAを上回り、RSIが許容範囲,取引許可,47.13932097960187,160.07657220029964,160.07601821045677,entry_candidate
a2a7f4ed-f772-4bfe-bb65-85b39a06e8b1,2026-06-10 02:50:00+09:00,USDJPY,rule_based_ai_stub,v0.1,uptrend,long,0.65,medium,True,短期MAが長期MAを上回り、RSIが許容範囲,取引許可,50.36136148404791,160.07646887152092,160.07597752878914,entry_candidate
7324c50f-a759-43da-9d30-e05806d199e6,2026-06-10 02:55:00+09:00,USDJPY,rule_based_ai_stub,v0.1,uptrend,long,0.65,medium,True,短期MAが長期MAを上回り、RSIが許容範囲,取引許可,50.25696052049774,160.07626073844145,160.07593543462403,entry_candidate
a07afb3e-0196-46d7-b66a-43cf1f27df2f,2026-06-10 03:00:00+09:00,USDJPY,rule_based_ai_stub,v0.1,uptrend,none,0.2,low,False,条件未達,取引許可,36.12839437006262,160.07612891965124,160.07590541993483,wait
a227f731-e50b-4a27-a65f-b6522acbbfa0,2026-06-10 03:05:00+09:00,USDJPY,rule_based_ai_stub,v0.1,uptrend,long,0.65,medium,True,短期MAが長期MAを上回り、RSIが許容範囲,取引許可,45.79002976340651,160.07621248670898,160.07591083309754,entry_candidate
92f9e7e0-bb7d-4b7f-b4d6-9fecc678004b,2026-06-10 03:10:00+09:00,USDJPY,rule_based_ai_stub,v0.1,uptrend,long,0.65,medium,True,短期MAが長期MAを上回り、RSIが許容範囲,取引許可,53.55090207263533,160.07629033454694,160.0759288231322,entry_candidate
83b4b524-ae1f-4484-ab39-ead424a5be84,2026-06-10 03:15:00+09:00,USDJPY,rule_based_ai_stub,v0.1,uptrend,long,0.65,medium,True,短期MAが長期MAを上回り、RSIが許容範囲,取引許可,59.20986122426662,160.07632514266072,160.07594234452569,entry_candidate
472cb57b-c2c6-4847-b5c7-b08a4d3a5231,2026-06-10 03:20:00+09:00,USDJPY,rule_based_ai_stub,v0.1,uptrend,long,0.65,medium,True,短期MAが長期MAを上回り、RSIが許容範囲,取引許可,61.0066181543167,160.07637859665783,160.0759708061372,entry_candidate
2a47cdca-4ee2-4aa8-9e4b-624d4123c337,2026-06-10 03:25:00+09:00,USDJPY,rule_based_ai_stub,v0.1,uptrend,long,0.65,medium,True,短期MAが長期MAを上回り、RSIが許容範囲,取引許可,60.75285384520417,160.07646893283896,160.07603930709948,entry_candidate
effad581-6a94-475d-a6cb-2640198f2b47,2026-06-10 03:30:00+09:00,USDJPY,rule_based_ai_stub,v0.1,uptrend,long,0.65,medium,True,短期MAが長期MAを上回り、RSIが許容範囲,取引許可,60.23676554416682,160.07658654645763,160.07611504026568,entry_candidate
d09e8909-e70c-4368-8299-01a6b0668fe1,2026-06-10 03:35:00+09:00,USDJPY,rule_based_ai_stub,v0.1,uptrend,long,0.65,medium,True,短期MAが長期MAを上回り、RSIが許容範囲,取引許可,64.08248845103812,160.07671810862973,160.07621238307132,entry_candidate
23d73a1c-555e-4ace-b885-8cc7a07790e1,2026-06-10 03:40:00+09:00,USDJPY,rule_based_ai_stub,v0.1,uptrend,none,0.2,low,False,条件未達,取引許可,70.78849008777755,160.0769482033298,160.0763522203168,wait
ea495d4d-f951-4dd0-a59c-b2aaa693fb62,2026-06-10 03:45:00+09:00,USDJPY,rule_based_ai_stub,v0.1,uptrend,long,0.65,medium,True,短期MAが長期MAを上回り、RSIが許容範囲,取引許可,63.9011720913096,160.07723271862673,160.07644914888823,entry_candidate
99efcc03-f925-4912-ac52-afdfe944b2a5,2026-06-10 03:50:00+09:00,USDJPY,rule_based_ai_stub,v0.1,uptrend,long,0.65,medium,True,短期MAが長期MAを上回り、RSIが許容範囲,取引許可,64.95348128058895,160.077552405509,160.07657491310925,entry_candidate
ce83b5cc-079a-4bee-8cc6-89fc03f872a5,2026-06-10 03:55:00+09:00,USDJPY,rule_based_ai_stub,v0.1,uptrend,none,0.2,low,False,条件未達,取引許可,71.94698295132197,160.0778683436565,160.07667168422495,wait
a73aded1-37a8-4c9f-baf5-4c584b406669,2026-06-10 04:00:00+09:00,USDJPY,rule_based_ai_stub,v0.1,uptrend,none,0.2,low,False,条件未達,取引許可,74.48477852087376,160.07820329686538,160.07678236326691,wait
82dedd65-6a7f-4d89-89f0-78016fd1febc,2026-06-10 04:05:00+09:00,USDJPY,rule_based_ai_stub,v0.1,uptrend,none,0.2,low,False,条件未達,取引許可,74.08176133255972,160.07834305279854,160.0768823935365,wait
06ae02be-09a7-4324-b0da-89d8b3ed6372,2026-06-10 04:10:00+09:00,USDJPY,rule_based_ai_stub,v0.1,uptrend,none,0.2,low,False,条件未達,取引許可,71.34058710983004,160.07844356630775,160.0769622948276,wait
64e59691-e7d1-47b7-9ffd-bbd46d3ebd32,2026-06-10 04:15:00+09:00,USDJPY,rule_based_ai_stub,v0.1,uptrend,long,0.65,medium,True,短期MAが長期MAを上回り、RSIが許容範囲,取引許可,60.6654274819502,160.07854500180557,160.07703161043187,entry_candidate
10ffe337-a188-42da-b354-4361630207b4,2026-06-10 04:20:00+09:00,USDJPY,rule_based_ai_stub,v0.1,uptrend,long,0.65,medium,True,短期MAが長期MAを上回り、RSIが許容範囲,取引許可,62.93823427755849,160.07864913806426,160.07710767943158,entry_candidate
5ebd983f-661f-4c09-b86b-33f0e8661bd6,2026-06-10 04:25:00+09:00,USDJPY,rule_based_ai_stub,v0.1,uptrend,long,0.65,medium,True,短期MAが長期MAを上回り、RSIが許容範囲,取引許可,67.71514744512882,160.07877506265078,160.0771829195943,entry_candidate
f0f36ef8-b51b-4b88-a699-5f1a93740e11,2026-06-10 04:30:00+09:00,USDJPY,rule_based_ai_stub,v0.1,uptrend,long,0.65,medium,True,短期MAが長期MAを上回り、RSIが許容範囲,取引許可,57.80652370166003,160.07881769664394,160.0772429196071,entry_candidate
a21beedd-8010-46d9-9512-ad99027cb251,2026-06-10 04:35:00+09:00,USDJPY,rule_based_ai_stub,v0.1,uptrend,long,0.65,medium,True,短期MAが長期MAを上回り、RSIが許容範囲,取引許可,56.17011746708245,160.078832734813,160.077314039134,entry_candidate
16fd18de-8775-4d28-8d59-1f857f4ea6e5,2026-06-10 04:40:00+09:00,USDJPY,rule_based_ai_stub,v0.1,uptrend,long,0.65,medium,True,短期MAが長期MAを上回り、RSIが許容範囲,取引許可,51.02506930185142,160.0787094668111,160.07739141817214,entry_candidate
84b2b511-f16b-439f-833f-7aeb67ce803c,2026-06-10 04:45:00+09:00,USDJPY,rule_based_ai_stub,v0.1,uptrend,long,0.65,medium,True,短期MAが長期MAを上回り、RSIが許容範囲,取引許可,43.136681318352046,160.0785798179854,160.07746157897057,entry_candidate
6ffbab35-baa9-4e7b-8ecb-23f68377c34f,2026-06-10 04:50:00+09:00,USDJPY,rule_based_ai_stub,v0.1,uptrend,none,0.2,low,False,条件未達,取引許可,30.52247208546791,160.07841563670334,160.07747897124443,wait
49054267-9ecc-421d-8d77-b8404dcc9696,2026-06-10 04:55:00+09:00,USDJPY,rule_based_ai_stub,v0.1,uptrend,none,0.2,low,False,条件未達,取引許可,33.24841301075034,160.07828235033838,160.07747047747878,wait
5600b1f0-a4a7-4be0-9c20-339666e5281e,2026-06-10 05:00:00+09:00,USDJPY,rule_based_ai_stub,v0.1,uptrend,long,0.65,medium,True,短期MAが長期MAを上回り、RSIが許容範囲,取引許可,44.928777195416544,160.0782426241654,160.077524946894,entry_candidate
75702f1e-af34-4288-803a-727d227fb10c,2026-06-10 05:05:00+09:00,USDJPY,rule_based_ai_stub,v0.1,uptrend,long,0.65,medium,True,短期MAが長期MAを上回り、RSIが許容範囲,取引許可,51.06191756124575,160.07827048030927,160.07760867327227,entry_candidate
58662e37-b855-4a4c-9740-5ffbfc404bfe,2026-06-10 05:10:00+09:00,USDJPY,rule_based_ai_stub,v0.1,uptrend,long,0.65,medium,True,短期MAが長期MAを上回り、RSIが許容範囲,取引許可,42.57699485161624,160.07825032391878,160.07766140825782,entry_candidate
8d73252b-940a-4254-b8db-34e88b1f7cdd,2026-06-10 05:15:00+09:00,USDJPY,rule_based_ai_stub,v0.1,uptrend,long,0.65,medium,True,短期MAが長期MAを上回り、RSIが許容範囲,取引許可,43.9300872498099,160.0782166833238,160.07769560926334,entry_candidate
25fd851f-b876-4b41-84c8-b96650525fbe,2026-06-10 05:20:00+09:00,USDJPY,rule_based_ai_stub,v0.1,uptrend,long,0.65,medium,True,短期MAが長期MAを上回り、RSIが許容範囲,取引許可,50.36868063830543,160.07818532105762,160.07773768525988,entry_candidate
eb6cd05b-cea5-4ee6-97ae-65ec61a3be52,2026-06-10 05:25:00+09:00,USDJPY,rule_based_ai_stub,v0.1,uptrend,long,0.65,medium,True,短期MAが長期MAを上回り、RSIが許容範囲,取引許可,59.081892057831226,160.07821245820787,160.07781881789919,entry_candidate
d5b405c8-7858-4532-98ad-d54528abde7b,2026-06-10 05:30:00+09:00,USDJPY,rule_based_ai_stub,v0.1,uptrend,long,0.65,medium,True,短期MAが長期MAを上回り、RSIが許容範囲,取引許可,49.67746696191792,160.07822258206136,160.07787560838764,entry_candidate
8de98f6c-9ad2-46ea-ac35-b6c679deed8a,2026-06-10 05:35:00+09:00,USDJPY,rule_based_ai_stub,v0.1,uptrend,long,0.65,medium,True,短期MAが長期MAを上回り、RSIが許容範囲,取引許可,40.434424426475786,160.07813596299002,160.07789560214425,entry_candidate
aa475b87-afa6-4f52-ab1d-e356c69b8e15,2026-06-10 05:40:00+09:00,USDJPY,rule_based_ai_stub,v0.1,uptrend,long,0.65,medium,True,短期MAが長期MAを上回り、RSIが許容範囲,取引許可,50.7195251263346,160.0781783711702,160.0779453471037,entry_candidate
3e627434-565a-4f9c-9909-f19b6e8fba31,2026-06-10 05:45:00+09:00,USDJPY,rule_based_ai_stub,v0.1,uptrend,long,0.65,medium,True,短期MAが長期MAを上回り、RSIが許容範囲,取引許可,51.74403406530837,160.07830318530478,160.0780385739723,entry_candidate
71f717be-a40c-4541-b225-71962f9d6f41,2026-06-10 05:50:00+09:00,USDJPY,rule_based_ai_stub,v0.1,uptrend,long,0.65,medium,True,短期MAが長期MAを上回り、RSIが許容範囲,取引許可,51.23888119578703,160.07839543565527,160.07812115928922,entry_candidate
705c1ae5-c408-44c6-9cea-a113574343a1,2026-06-10 05:55:00+09:00,USDJPY,rule_based_ai_stub,v0.1,uptrend,long,0.65,medium,True,短期MAが長期MAを上回り、RSIが許容範囲,取引許可,57.053318644531984,160.0785298415995,160.07822684519815,entry_candidate
74880a58-2f5a-437b-abe9-e34c707d3c72,2026-06-10 06:00:00+09:00,USDJPY,rule_based_ai_stub,v0.1,uptrend,long,0.65,medium,True,短期MAが長期MAを上回り、RSIが許容範囲,取引許可,49.38067360587498,160.0784111243325,160.07828568178778,entry_candidate
c1406d5d-0977-456d-b321-dfe10729ad9a,2026-06-10 06:05:00+09:00,USDJPY,rule_based_ai_stub,v0.1,downtrend,short,0.65,medium,True,短期MAが長期MAを下回り、RSIが許容範囲,取引許可,50.25144291483117,160.0782709278495,160.0782948203191,entry_candidate
5cc7cb2d-da24-404a-920c-228b7d54947d,2026-06-10 06:10:00+09:00,USDJPY,rule_based_ai_stub,v0.1,downtrend,short,0.65,medium,True,短期MAが長期MAを下回り、RSIが許容範囲,取引許可,43.56441616932687,160.0782160033002,160.07830329784224,entry_candidate
894d60d0-102b-4814-ace2-365810270d78,2026-06-10 06:15:00+09:00,USDJPY,rule_based_ai_stub,v0.1,downtrend,short,0.65,medium,True,短期MAが長期MAを下回り、RSIが許容範囲,取引許可,45.28595375174279,160.0782355309581,160.0783324053625,entry_candidate
578674b8-869e-42e6-b730-8d001265420a,2026-06-10 06:20:00+09:00,USDJPY,rule_based_ai_stub,v0.1,downtrend,short,0.65,medium,True,短期MAが長期MAを下回り、RSIが許容範囲,取引許可,46.33226320864443,160.07815329465362,160.0783292512585,entry_candidate
d9401694-410f-48b7-955b-1dde0472695d,2026-06-10 06:25:00+09:00,USDJPY,rule_based_ai_stub,v0.1,downtrend,short,0.65,medium,True,短期MAが長期MAを下回り、RSIが許容範囲,取引許可,48.3515322795004,160.07797092056856,160.0783194804757,entry_candidate
346bde36-41fa-4b5f-b02a-a7dfb2ba4d51,2026-06-10 06:30:00+09:00,USDJPY,rule_based_ai_stub,v0.1,downtrend,short,0.65,medium,True,短期MAが長期MAを下回り、RSIが許容範囲,取引許可,41.91974548707467,160.07782157441778,160.07828728437437,entry_candidate
8a36708c-b3be-482c-a51c-1baac74f0de0,2026-06-10 06:35:00+09:00,USDJPY,rule_based_ai_stub,v0.1,downtrend,short,0.65,medium,True,短期MAが長期MAを下回り、RSIが許容範囲,取引許可,33.93551317054349,160.07777899367406,160.07824923049236,entry_candidate
84f56289-e2c1-4a65-a8bd-a9e624f7d1b9,2026-06-10 06:40:00+09:00,USDJPY,rule_based_ai_stub,v0.1,downtrend,short,0.65,medium,True,短期MAが長期MAを下回り、RSIが許容範囲,取引許可,35.789171497188676,160.0775980973555,160.07816197844556,entry_candidate
a7691ced-5781-40c9-9ed1-f8ed17062869,2026-06-10 06:45:00+09:00,USDJPY,rule_based_ai_stub,v0.1,downtrend,short,0.65,medium,True,短期MAが長期MAを下回り、RSIが許容範囲,取引許可,40.504162072186226,160.07737731528604,160.07808677285874,entry_candidate
125359b2-f97e-4664-9485-f546dadd1088,2026-06-10 06:50:00+09:00,USDJPY,rule_based_ai_stub,v0.1,downtrend,none,0.2,low,False,条件未達,取引許可,25.697590299480822,160.07715015708348,160.0779870764807,wait
3cbdebeb-c59e-4f27-80e4-522f580a1657,2026-06-10 06:55:00+09:00,USDJPY,rule_based_ai_stub,v0.1,downtrend,none,0.2,low,False,条件未達,取引許可,27.54384730331674,160.07692882423868,160.07791367205883,wait
72621787-bf90-4da0-9e22-ca0c7176afcf,2026-06-10 07:00:00+09:00,USDJPY,rule_based_ai_stub,v0.1,downtrend,short,0.65,medium,True,短期MAが長期MAを下回り、RSIが許容範囲,取引許可,35.77870516004673,160.07688220133667,160.07784531661153,entry_candidate
3dd3e1c7-937e-4383-b57d-cada15aca597,2026-06-10 07:05:00+09:00,USDJPY,rule_based_ai_stub,v0.1,downtrend,short,0.65,medium,True,短期MAが長期MAを下回り、RSIが許容範囲,取引許可,31.549364795714467,160.07682367863083,160.07778836226322,entry_candidate
72ad75df-3ec3-44f0-b49b-d199ec8b1297,2026-06-10 07:10:00+09:00,USDJPY,rule_based_ai_stub,v0.1,downtrend,short,0.65,medium,True,短期MAが長期MAを下回り、RSIが許容範囲,取引許可,42.84066408176235,160.07675067676612,160.07773900132835,entry_candidate
4f67c7c1-82fe-487a-81ba-1ff7596a04e9,2026-06-10 07:15:00+09:00,USDJPY,rule_based_ai_stub,v0.1,downtrend,short,0.65,medium,True,短期MAが長期MAを下回り、RSIが許容範囲,取引許可,35.945408343310106,160.07655903182368,160.07767041536852,entry_candidate
47853755-85b4-4d16-ae02-e52b1bc94ad6,2026-06-10 07:20:00+09:00,USDJPY,rule_based_ai_stub,v0.1,downtrend,short,0.65,medium,True,短期MAが長期MAを下回り、RSIが許容範囲,取引許可,32.36382347389538,160.07640309784645,160.07758057118588,entry_candidate
4bb81ec6-0b41-4c28-8281-80928fd92a63,2026-06-10 07:25:00+09:00,USDJPY,rule_based_ai_stub,v0.1,downtrend,none,0.2,low,False,条件未達,取引許可,24.36684595468303,160.0762403692803,160.07747458268557,wait
c76863e0-a251-4773-bf87-2f01328e60ee,2026-06-10 07:30:00+09:00,USDJPY,rule_based_ai_stub,v0.1,downtrend,short,0.65,medium,True,短期MAが長期MAを下回り、RSIが許容範囲,取引許可,47.35591472742342,160.07625495160002,160.07743303602638,entry_candidate
75105ae4-88c5-4b8d-ab57-ede6525dcf3f,2026-06-10 07:35:00+09:00,USDJPY,rule_based_ai_stub,v0.1,downtrend,short,0.65,medium,True,短期MAが長期MAを下回り、RSIが許容範囲,取引許可,42.01827782224858,160.07620116638066,160.0773720410149,entry_candidate
1303748a-1eab-45a8-9f8d-c203de93c4cb,2026-06-10 07:40:00+09:00,USDJPY,rule_based_ai_stub,v0.1,downtrend,short,0.65,medium,True,短期MAが長期MAを下回り、RSIが許容範囲,取引許可,52.996636054873,160.07626535733934,160.07734727528833,entry_candidate
6f079110-c27d-4921-a15f-4a139963d6d8,2026-06-10 07:45:00+09:00,USDJPY,rule_based_ai_stub,v0.1,downtrend,short,0.65,medium,True,短期MAが長期MAを下回り、RSIが許容範囲,取引許可,55.89115068752123,160.07639979627868,160.0773600989565,entry_candidate
f9fa8b51-75ec-422c-acd1-f822d9dcda8e,2026-06-10 07:50:00+09:00,USDJPY,rule_based_ai_stub,v0.1,downtrend,none,0.2,low,False,条件未達,取引許可,61.32117613300444,160.07659805780796,160.07738121684892,wait
d99b51f9-2e90-4717-b374-f13f546dea7e,2026-06-10 07:55:00+09:00,USDJPY,rule_based_ai_stub,v0.1,downtrend,none,0.2,low,False,条件未達,取引許可,68.53665183837848,160.07685169354937,160.0774367864625,wait
16a2e7e5-421f-4ea3-9a16-d279b5bdd65c,2026-06-10 08:00:00+09:00,USDJPY,rule_based_ai_stub,v0.1,downtrend,none,0.2,low,False,条件未達,取引許可,75.01190752008307,160.07708101200856,160.07745811255924,wait
8e7c290c-4f46-4689-bb6b-103bfd4bafba,2026-06-10 08:05:00+09:00,USDJPY,rule_based_ai_stub,v0.1,downtrend,none,0.2,low,False,条件未達,取引許可,74.46596189269721,160.07734151945604,160.07747870864546,wait
3e7f8a1b-8b49-4459-ba0c-1a69507483d5,2026-06-10 08:10:00+09:00,USDJPY,rule_based_ai_stub,v0.1,uptrend,none,0.2,low,False,条件未達,取引許可,72.21886354962928,160.07759745897116,160.07752137967915,wait
b1670c06-3bc8-4329-bfd1-e7a6f5c2313e,2026-06-10 08:15:00+09:00,USDJPY,rule_based_ai_stub,v0.1,uptrend,none,0.2,low,False,条件未達,取引許可,76.34190861724912,160.07798700650108,160.07759385642763,wait
84924a0a-9008-4c42-91ad-d7b5e4eada52,2026-06-10 08:20:00+09:00,USDJPY,rule_based_ai_stub,v0.1,uptrend,none,0.2,low,False,条件未達,取引許可,78.23388007072435,160.07844636132512,160.07766758460838,wait
f5b090b7-2568-44ff-a8e5-9bda20935bf9,2026-06-10 08:25:00+09:00,USDJPY,rule_based_ai_stub,v0.1,uptrend,none,0.2,low,False,条件未達,取引許可,83.42173766992798,160.07887694251562,160.07769607745482,wait
8caf37a2-0b3c-4245-ba83-1d645bf25aae,2026-06-10 08:30:00+09:00,USDJPY,rule_based_ai_stub,v0.1,uptrend,none,0.2,low,False,条件未達,取引許可,77.08823386715322,160.07911052169186,160.0777290159032,wait
ddedd8b4-1790-4fa6-858f-4e491ad3b227,2026-06-10 08:35:00+09:00,USDJPY,rule_based_ai_stub,v0.1,uptrend,none,0.2,low,False,条件未達,取引許可,76.22111622993194,160.0793895501875,160.0777899034141,wait
ac517e8b-4e9e-4399-8304-4815f1cc8f78,2026-06-10 08:40:00+09:00,USDJPY,rule_based_ai_stub,v0.1,uptrend,long,0.65,medium,True,短期MAが長期MAを上回り、RSIが許容範囲,取引許可,65.78235914711806,160.079555367893,160.07780627419592,entry_candidate
0957b1f0-ef77-43a3-9e7d-751fcda204a2,2026-06-10 08:45:00+09:00,USDJPY,rule_based_ai_stub,v0.1,uptrend,none,0.2,low,False,条件未達,取引許可,72.24042385726845,160.07966816643105,160.07781509266525,wait
d57280fa-ff56-4ab0-b7b7-579a0df167dd,2026-06-10 08:50:00+09:00,USDJPY,rule_based_ai_stub,v0.1,uptrend,none,0.2,low,False,条件未達,取引許可,71.63826996796354,160.07982880505566,160.07785900664902,wait
23f5c05a-df75-47fd-b297-7856eedd9d1d,2026-06-10 08:55:00+09:00,USDJPY,rule_based_ai_stub,v0.1,uptrend,long,0.65,medium,True,短期MAが長期MAを上回り、RSIが許容範囲,取引許可,65.53378164944134,160.07987864757328,160.07788638845375,entry_candidate
0229add2-3428-4f52-80a1-ee5501eda0fb,2026-06-10 09:00:00+09:00,USDJPY,rule_based_ai_stub,v0.1,uptrend,long,0.65,medium,True,短期MAが長期MAを上回り、RSIが許容範囲,取引許可,64.28897135357093,160.0799077436482,160.07795698566449,entry_candidate
fc927cba-ba2a-4be2-876a-793182281821,2026-06-10 09:05:00+09:00,USDJPY,rule_based_ai_stub,v0.1,uptrend,long,0.65,medium,True,短期MAが長期MAを上回り、RSIが許容範囲,取引許可,56.60953444879471,160.0799202829001,160.07802849366234,entry_candidate
7d4aa57d-da08-4242-93a1-410ccea35723,2026-06-10 09:10:00+09:00,USDJPY,rule_based_ai_stub,v0.1,uptrend,long,0.65,medium,True,短期MAが長期MAを上回り、RSIが許容範囲,取引許可,59.07456587850031,160.07997789972876,160.07810867848866,entry_candidate
145d0681-a952-4216-9e27-9adeb2c06e6e,2026-06-10 09:15:00+09:00,USDJPY,rule_based_ai_stub,v0.1,uptrend,long,0.65,medium,True,短期MAが長期MAを上回り、RSIが許容範囲,取引許可,44.542292807713466,160.0798619936466,160.07813601065712,entry_candidate
d84b89d6-3350-4bd5-ac3e-e9cbf9252ae1,2026-06-10 09:20:00+09:00,USDJPY,rule_based_ai_stub,v0.1,uptrend,long,0.65,medium,True,短期MAが長期MAを上回り、RSIが許容範囲,取引許可,42.25120524180363,160.079660929088,160.07817012941985,entry_candidate
4beda413-976d-4cd4-bad8-d46ee0cf6245,2026-06-10 09:25:00+09:00,USDJPY,rule_based_ai_stub,v0.1,uptrend,none,0.2,low,False,条件未達,取引許可,36.25558629022393,160.07950171257838,160.07820634145813,wait
6cccfaab-ccd6-4a4e-bc24-535ca67670f5,2026-06-10 09:30:00+09:00,USDJPY,rule_based_ai_stub,v0.1,uptrend,none,0.2,low,False,条件未達,取引許可,36.92584149036512,160.07946846237633,160.07827797855606,wait
70daf014-c534-4813-8522-fdeac904933c,2026-06-10 09:35:00+09:00,USDJPY,rule_based_ai_stub,v0.1,uptrend,none,0.2,low,False,条件未達,取引許可,37.43404629087823,160.07942076608376,160.07833716088396,wait
f2bc2b2a-2029-4bce-88bb-330faf6b9f9f,2026-06-10 09:40:00+09:00,USDJPY,rule_based_ai_stub,v0.1,uptrend,none,0.2,low,False,条件未達,取引許可,35.40411648322454,160.07931924408413,160.07837998977215,wait
ff522bde-b00e-4fc5-bfde-f804f788eb1e,2026-06-10 09:45:00+09:00,USDJPY,rule_based_ai_stub,v0.1,uptrend,none,0.2,low,False,条件未達,取引許可,39.85103199880211,160.07925188388552,160.07843994886508,wait
64c8102e-4d29-40cb-9645-d6e3f34c3025,2026-06-10 09:50:00+09:00,USDJPY,rule_based_ai_stub,v0.1,uptrend,long,0.65,medium,True,短期MAが長期MAを上回り、RSIが許容範囲,取引許可,40.47232411106786,160.0790908836607,160.07850591550812,entry_candidate
01d5a487-dfb7-4cd4-974f-3fae2e187d00,2026-06-10 09:55:00+09:00,USDJPY,rule_based_ai_stub,v0.1,uptrend,none,0.2,low,False,条件未達,取引許可,36.57308166697415,160.0788932651857,160.0785412021028,wait
11482a1b-f978-424b-8160-ba2240f41cca,2026-06-10 10:00:00+09:00,USDJPY,rule_based_ai_stub,v0.1,uptrend,none,0.2,low,False,条件未達,取引許可,27.356911493488496,160.07866657061032,160.07855177542237,wait
4e1686ea-bb08-4a0b-9807-9c38538ef454,2026-06-10 10:05:00+09:00,USDJPY,rule_based_ai_stub,v0.1,downtrend,none,0.2,low,False,条件未達,取引許可,28.049815308736243,160.07842774863028,160.07856318366214,wait
06065b75-e26b-43d0-a56b-dcce1e1ffd06,2026-06-10 10:10:00+09:00,USDJPY,rule_based_ai_stub,v0.1,downtrend,none,0.2,low,False,条件未達,取引許可,26.65885045296116,160.0781162678729,160.07856387552428,wait
6c9b34f4-3fc9-4227-b477-7cca7a8582a7,2026-06-10 10:15:00+09:00,USDJPY,rule_based_ai_stub,v0.1,downtrend,none,0.2,low,False,条件未達,取引許可,21.91152886161146,160.07780685327938,160.07855195114234,wait
af4c5557-426b-430a-93e9-59366c39eeba,2026-06-10 10:20:00+09:00,USDJPY,rule_based_ai_stub,v0.1,downtrend,none,0.2,low,False,条件未達,取引許可,22.192968466748013,160.07757262701043,160.07855997247452,wait
ce594945-3bb1-45b6-bb3e-f1ba657ed938,2026-06-10 10:25:00+09:00,USDJPY,rule_based_ai_stub,v0.1,downtrend,short,0.65,medium,True,短期MAが長期MAを下回り、RSIが許容範囲,取引許可,34.13862764490335,160.07739158030893,160.07859007846764,entry_candidate
e1b7a6e0-0ec9-4c82-98a1-0142b7c5b597,2026-06-10 10:30:00+09:00,USDJPY,rule_based_ai_stub,v0.1,downtrend,short,0.65,medium,True,短期MAが長期MAを下回り、RSIが許容範囲,取引許可,39.21630867657552,160.0771831057592,160.07858736327577,entry_candidate
a7ec7fcf-5e0d-4cb9-ad68-966a6ed095c4,2026-06-10 10:35:00+09:00,USDJPY,rule_based_ai_stub,v0.1,downtrend,short,0.65,medium,True,短期MAが長期MAを下回り、RSIが許容範囲,取引許可,34.94203091815878,160.07694234204828,160.07858421943988,entry_candidate
c584fa06-3d9e-4079-948e-1973033011f6,2026-06-10 10:40:00+09:00,USDJPY,rule_based_ai_stub,v0.1,downtrend,none,0.2,low,False,条件未達,取引許可,28.089927268882406,160.076785331396,160.0785533144577,wait
926026ca-73fe-47b5-a5fb-46f311266644,2026-06-10 10:45:00+09:00,USDJPY,rule_based_ai_stub,v0.1,downtrend,none,0.2,low,False,条件未達,取引許可,29.26024952753373,160.07659700910565,160.07850568647407,wait
d2f5953a-686e-42a0-be08-0fe859ed1b85,2026-06-10 10:50:00+09:00,USDJPY,rule_based_ai_stub,v0.1,downtrend,short,0.65,medium,True,短期MAが長期MAを下回り、RSIが許容範囲,取引許可,38.34265384207553,160.07647039465422,160.0784633611235,entry_candidate
dbe276aa-832e-4280-a1df-c8ad3ea20d0a,2026-06-10 10:55:00+09:00,USDJPY,rule_based_ai_stub,v0.1,downtrend,short,0.65,medium,True,短期MAが長期MAを下回り、RSIが許容範囲,取引許可,38.619403095917654,160.07643668056016,160.0784028644397,entry_candidate
d9b4d49a-0d47-4820-9ea5-a8a36e8ed729,2026-06-10 11:00:00+09:00,USDJPY,rule_based_ai_stub,v0.1,downtrend,short,0.65,medium,True,短期MAが長期MAを下回り、RSIが許容範囲,取引許可,38.27036278598137,160.07639747504567,160.0783239297681,entry_candidate
1672cc85-3ecd-4356-acd5-7366f9a90549,2026-06-10 11:05:00+09:00,USDJPY,rule_based_ai_stub,v0.1,downtrend,short,0.65,medium,True,短期MAが長期MAを下回り、RSIが許容範囲,取引許可,43.44163391623124,160.0763715955769,160.07823987570245,entry_candidate
276b892f-4e23-4a73-bbf0-485c37a005e3,2026-06-10 11:10:00+09:00,USDJPY,rule_based_ai_stub,v0.1,downtrend,short,0.65,medium,True,短期MAが長期MAを下回り、RSIが許容範囲,取引許可,48.91257710059624,160.07639881736156,160.07816432832107,entry_candidate
963f1b8c-f7e3-4347-a1d5-24d0976b15bb,2026-06-10 11:15:00+09:00,USDJPY,rule_based_ai_stub,v0.1,downtrend,short,0.65,medium,True,短期MAが長期MAを下回り、RSIが許容範囲,取引許可,56.47738444691704,160.07660910856518,160.0780926518304,entry_candidate
6dce62f5-19ee-4ece-b279-c7fb1e173551,2026-06-10 11:20:00+09:00,USDJPY,rule_based_ai_stub,v0.1,downtrend,none,0.2,low,False,条件未達,取引許可,62.264607768081035,160.07680977178595,160.07801444262813,wait
78f040c7-8b42-4f8f-9e88-31e9d2dde982,2026-06-10 11:25:00+09:00,USDJPY,rule_based_ai_stub,v0.1,downtrend,none,0.2,low,False,条件未達,取引許可,79.3101180127229,160.07698614408903,160.07795981232547,wait
372b2cdc-0e27-4390-b723-0f53a3db1c94,2026-06-10 11:30:00+09:00,USDJPY,rule_based_ai_stub,v0.1,downtrend,none,0.2,low,False,条件未達,取引許可,77.4335301072536,160.07713413162395,160.0779285665865,wait
86d40efb-6846-4780-abb6-67b7ec37253e,2026-06-10 11:35:00+09:00,USDJPY,rule_based_ai_stub,v0.1,downtrend,none,0.2,low,False,条件未達,取引許可,77.7696906065711,160.07740952639963,160.07792421151055,wait
fcc8314b-3643-4ec0-a316-0ac791a11e7a,2026-06-10 11:40:00+09:00,USDJPY,rule_based_ai_stub,v0.1,downtrend,none,0.2,low,False,条件未達,取引許可,77.16310179490824,160.0777154838918,160.07794001979065,wait
3da3276d-c0ec-4e60-966c-c21ab7059e92,2026-06-10 11:45:00+09:00,USDJPY,rule_based_ai_stub,v0.1,uptrend,none,0.2,low,False,条件未達,取引許可,79.64965907054658,160.07797871305425,160.07794253534848,wait
0a094e48-eddf-4f75-9e1f-6f468e704937,2026-06-10 11:50:00+09:00,USDJPY,rule_based_ai_stub,v0.1,uptrend,none,0.2,low,False,条件未達,取引許可,84.09218342985065,160.07828217099572,160.07794781643688,wait
eb155699-4a04-41d8-91cb-e8aa8277f8bb,2026-06-10 11:55:00+09:00,USDJPY,rule_based_ai_stub,v0.1,uptrend,none,0.2,low,False,条件未達,取引許可,85.15707058481861,160.0785871070764,160.07797235094077,wait
f9f7e909-255c-421d-863c-c4f5524425d3,2026-06-10 12:00:00+09:00,USDJPY,rule_based_ai_stub,v0.1,uptrend,none,0.2,low,False,条件未達,取引許可,80.75950383915267,160.07890659964593,160.0779902151006,wait
6988c125-a0c2-4ef5-99f2-c09b28800401,2026-06-10 12:05:00+09:00,USDJPY,rule_based_ai_stub,v0.1,uptrend,none,0.2,low,False,条件未達,取引許可,75.75964329494983,160.07919801778928,160.07799912066548,wait
7e558974-f75c-4e85-a913-bc660aeebc29,2026-06-10 12:10:00+09:00,USDJPY,rule_based_ai_stub,v0.1,uptrend,none,0.2,low,False,条件未達,取引許可,82.1414180271941,160.07948140068967,160.0779988286414,wait
435509d5-27be-402d-81fa-65413674b450,2026-06-10 12:15:00+09:00,USDJPY,rule_based_ai_stub,v0.1,uptrend,none,0.2,low,False,条件未達,取引許可,82.81618236677723,160.0797151517137,160.07804370451944,wait
8123a97f-0b5f-4b7f-b3b8-fecfb32b4b4b,2026-06-10 12:20:00+09:00,USDJPY,rule_based_ai_stub,v0.1,uptrend,none,0.2,low,False,条件未達,取引許可,82.36163797185002,160.07992354202403,160.0781019802735,wait
6fd6d0f6-b3bb-47c5-a2be-5f2cfffe24eb,2026-06-10 12:25:00+09:00,USDJPY,rule_based_ai_stub,v0.1,uptrend,none,0.2,low,False,条件未達,取引許可,80.03703288389599,160.08010804493364,160.07816192311054,wait
cf0f08e5-7fc2-4777-b04e-bfd33f52e153,2026-06-10 12:30:00+09:00,USDJPY,rule_based_ai_stub,v0.1,uptrend,none,0.2,low,False,条件未達,取引許可,82.09001426496938,160.0803733543806,160.07823019725458,wait
5e0adb5a-52a5-4a88-a967-cd34f1e7f0f2,2026-06-10 12:35:00+09:00,USDJPY,rule_based_ai_stub,v0.1,uptrend,none,0.2,low,False,条件未達,取引許可,82.59786976747341,160.0806217180279,160.07832452882528,wait
bb149dc1-01b6-4e51-a5a4-5e4186497b6e,2026-06-10 12:40:00+09:00,USDJPY,rule_based_ai_stub,v0.1,uptrend,none,0.2,low,False,条件未達,取引許可,82.78246730137252,160.080859125315,160.07845331353428,wait
06c5dde0-65ea-4e44-bafb-efd9f928d1cc,2026-06-10 12:45:00+09:00,USDJPY,rule_based_ai_stub,v0.1,uptrend,none,0.2,low,False,条件未達,取引許可,81.94103530747995,160.0811866525266,160.07858745822884,wait
2104b0d1-c6ce-47ce-9548-e89c3ce8cca7,2026-06-10 12:50:00+09:00,USDJPY,rule_based_ai_stub,v0.1,uptrend,none,0.2,low,False,条件未達,取引許可,73.01580071005279,160.08139238504455,160.07871498356482,wait
ab61cbab-ae78-436b-8307-df6cfe26e110,2026-06-10 12:55:00+09:00,USDJPY,rule_based_ai_stub,v0.1,uptrend,none,0.2,low,False,条件未達,取引許可,80.47973845964208,160.08158311875138,160.07886896879597,wait
5711f809-7ebb-4b7e-b06d-96d221f78eea,2026-06-10 13:00:00+09:00,USDJPY,rule_based_ai_stub,v0.1,uptrend,none,0.2,low,False,条件未達,取引許可,81.25924855720322,160.08188646997672,160.07906351488944,wait
e8ecab96-2cb2-493b-bed0-612c421666f0,2026-06-10 13:05:00+09:00,USDJPY,rule_based_ai_stub,v0.1,uptrend,none,0.2,low,False,条件未達,取引許可,78.17646305580489,160.0822028935557,160.07925750230729,wait
189f4b48-fec1-4495-9fe6-6a67f0158bba,2026-06-10 13:10:00+09:00,USDJPY,rule_based_ai_stub,v0.1,uptrend,none,0.2,low,False,条件未達,取引許可,75.03136692963741,160.08246210666093,160.07944744157072,wait
d631e6f1-9c4b-4864-a6b0-0917e71916cb,2026-06-10 13:15:00+09:00,USDJPY,rule_based_ai_stub,v0.1,uptrend,none,0.2,low,False,条件未達,取引許可,73.76538931045067,160.08266555608202,160.0796632721203,wait
737848af-c595-4a03-b967-827e7f59669c,2026-06-10 13:20:00+09:00,USDJPY,rule_based_ai_stub,v0.1,uptrend,long,0.65,medium,True,短期MAが長期MAを上回り、RSIが許容範囲,取引許可,65.81515660524346,160.08280465923795,160.079845991016,entry_candidate
122d8e32-bde3-4c85-8436-5f1505f51e39,2026-06-10 13:25:00+09:00,USDJPY,rule_based_ai_stub,v0.1,uptrend,long,0.65,medium,True,短期MAが長期MAを上回り、RSIが許容範囲,取引許可,59.877924802453016,160.0828889588648,160.07999438262917,entry_candidate
6eff8e8c-1037-488a-b697-3da0907bee8b,2026-06-10 13:30:00+09:00,USDJPY,rule_based_ai_stub,v0.1,uptrend,long,0.65,medium,True,短期MAが長期MAを上回り、RSIが許容範囲,取引許可,57.27029704646905,160.082869735218,160.0801257404075,entry_candidate
cc2add1e-e189-4467-9dde-b621e3522df3,2026-06-10 13:35:00+09:00,USDJPY,rule_based_ai_stub,v0.1,uptrend,long,0.65,medium,True,短期MAが長期MAを上回り、RSIが許容範囲,取引許可,49.77260478537532,160.0827266560626,160.0802526334967,entry_candidate
7dcd53e1-79dd-43f7-b959-8b7556d442c5,2026-06-10 13:40:00+09:00,USDJPY,rule_based_ai_stub,v0.1,uptrend,long,0.65,medium,True,短期MAが長期MAを上回り、RSIが許容範囲,取引許可,41.93475392293433,160.08257482604435,160.08038314508374,entry_candidate
41cd71cc-a134-4c70-8adc-754f3d02831e,2026-06-10 13:45:00+09:00,USDJPY,rule_based_ai_stub,v0.1,uptrend,long,0.65,medium,True,短期MAが長期MAを上回り、RSIが許容範囲,取引許可,41.009678239811315,160.08242104435575,160.0805288033122,entry_candidate
f0b1c661-79ea-47dd-92d3-2c8908a34995,2026-06-10 13:50:00+09:00,USDJPY,rule_based_ai_stub,v0.1,uptrend,none,0.2,low,False,条件未達,取引許可,36.69672607130392,160.08227350105332,160.08064935236453,wait
2a1621f3-b6f7-4961-9c6f-27a68651f79d,2026-06-10 13:55:00+09:00,USDJPY,rule_based_ai_stub,v0.1,uptrend,none,0.2,low,False,条件未達,取引許可,39.77486750354117,160.08218202559456,160.08078408380746,wait
ed577619-387f-4915-a32c-7430c2aa3d52,2026-06-10 14:00:00+09:00,USDJPY,rule_based_ai_stub,v0.1,uptrend,long,0.65,medium,True,短期MAが長期MAを上回り、RSIが許容範囲,取引許可,46.10691746665901,160.08202562442276,160.08093956468178,entry_candidate
348c0dee-80af-4f84-b253-2dd6d2192645,2026-06-10 14:05:00+09:00,USDJPY,rule_based_ai_stub,v0.1,uptrend,long,0.65,medium,True,短期MAが長期MAを上回り、RSIが許容範囲,取引許可,48.941013498328644,160.08193165457502,160.08111085530666,entry_candidate
8266563d-bfed-49ea-ae0e-52cb839944b3,2026-06-10 14:10:00+09:00,USDJPY,rule_based_ai_stub,v0.1,uptrend,none,0.2,low,False,条件未達,取引許可,37.45152309529404,160.08184717469598,160.08126356068223,wait
5d9feb90-2dd5-4c26-ad8c-020c083545b1,2026-06-10 14:15:00+09:00,USDJPY,rule_based_ai_stub,v0.1,uptrend,long,0.65,medium,True,短期MAが長期MAを上回り、RSIが許容範囲,取引許可,42.838482943074816,160.08183802552276,160.0814062444395,entry_candidate
ae415963-f66e-4254-ab7c-92fa831993cb,2026-06-10 14:20:00+09:00,USDJPY,rule_based_ai_stub,v0.1,uptrend,long,0.65,medium,True,短期MAが長期MAを上回り、RSIが許容範囲,取引許可,41.94855151355913,160.08182876130638,160.0815189875228,entry_candidate
d7f6d644-b1ea-4f13-a69f-dd052c1f1b4d,2026-06-10 14:25:00+09:00,USDJPY,rule_based_ai_stub,v0.1,uptrend,long,0.65,medium,True,短期MAが長期MAを上回り、RSIが許容範囲,取引許可,48.539908569678026,160.08190324756046,160.08163341711963,entry_candidate
fc5d3246-b810-4765-9d25-70d69a823b72,2026-06-10 14:30:00+09:00,USDJPY,rule_based_ai_stub,v0.1,uptrend,long,0.65,medium,True,短期MAが長期MAを上回り、RSIが許容範囲,取引許可,54.082476653978716,160.0820048511864,160.08174931359497,entry_candidate
a0821472-3ef4-43d8-a577-a576545d0b7d,2026-06-10 14:35:00+09:00,USDJPY,rule_based_ai_stub,v0.1,uptrend,long,0.65,medium,True,短期MAが長期MAを上回り、RSIが許容範囲,取引許可,60.26675636850226,160.08220439572437,160.08185092327165,entry_candidate
67189f40-2c81-49ad-8533-8bdb6d6c3633,2026-06-10 14:40:00+09:00,USDJPY,rule_based_ai_stub,v0.1,uptrend,long,0.65,medium,True,短期MAが長期MAを上回り、RSIが許容範囲,取引許可,56.138722612882866,160.08234437961534,160.08192611032487,entry_candidate
849be794-fd54-4c91-b3b7-f979ee38e5f6,2026-06-10 14:45:00+09:00,USDJPY,rule_based_ai_stub,v0.1,uptrend,long,0.65,medium,True,短期MAが長期MAを上回り、RSIが許容範囲,取引許可,58.68768359121742,160.0823944961555,160.0820007310126,entry_candidate
fc227258-7041-4d91-a569-a9ee4d1e474f,2026-06-10 14:50:00+09:00,USDJPY,rule_based_ai_stub,v0.1,uptrend,long,0.65,medium,True,短期MAが長期MAを上回り、RSIが許容範囲,取引許可,60.71964074268221,160.08251986191556,160.0820619160045,entry_candidate
bb361fea-0a93-4a96-801a-d881e8b82ff8,2026-06-10 14:55:00+09:00,USDJPY,rule_based_ai_stub,v0.1,uptrend,long,0.65,medium,True,短期MAが長期MAを上回り、RSIが許容範囲,取引許可,52.89139386083084,160.08252184607926,160.08209566347506,entry_candidate
ee8d612a-3bf3-48be-a445-f90b7c87ca53,2026-06-10 15:00:00+09:00,USDJPY,rule_based_ai_stub,v0.1,uptrend,long,0.65,medium,True,短期MAが長期MAを上回り、RSIが許容範囲,取引許可,58.994549764494515,160.08252145095312,160.08214451511753,entry_candidate
836d022b-d033-47b5-858f-f0311520d646,2026-06-10 15:05:00+09:00,USDJPY,rule_based_ai_stub,v0.1,uptrend,long,0.65,medium,True,短期MAが長期MAを上回り、RSIが許容範囲,取引許可,46.30406265181974,160.08240116990737,160.08217857267937,entry_candidate
3b8528ec-e07c-4a17-895f-d5c07c0b210e,2026-06-10 15:10:00+09:00,USDJPY,rule_based_ai_stub,v0.1,uptrend,long,0.65,medium,True,短期MAが長期MAを上回り、RSIが許容範囲,取引許可,47.86871740541229,160.0823561893,160.0822218235523,entry_candidate
f700f418-6725-47f7-947d-769426ae33b8,2026-06-10 15:15:00+09:00,USDJPY,rule_based_ai_stub,v0.1,downtrend,short,0.65,medium,True,短期MAが長期MAを下回り、RSIが許容範囲,取引許可,38.266549518521366,160.08220685626546,160.0822368126234,entry_candidate
768e02f7-77ac-4973-9fde-16eed44727ad,2026-06-10 15:20:00+09:00,USDJPY,rule_based_ai_stub,v0.1,downtrend,short,0.65,medium,True,短期MAが長期MAを下回り、RSIが許容範囲,取引許可,43.37670131825,160.08213973492286,160.08225771848907,entry_candidate
debecfe8-348f-49fe-ad3d-e4ce7bcaa5db,2026-06-10 15:25:00+09:00,USDJPY,rule_based_ai_stub,v0.1,downtrend,short,0.65,medium,True,短期MAが長期MAを下回り、RSIが許容範囲,取引許可,42.244344555363014,160.0820593827519,160.08228386305905,entry_candidate
9001a016-62cc-419e-9505-0a7374f02139,2026-06-10 15:30:00+09:00,USDJPY,rule_based_ai_stub,v0.1,downtrend,short,0.65,medium,True,短期MAが長期MAを下回り、RSIが許容範囲,取引許可,43.754966419879324,160.081935600023,160.08227006214247,entry_candidate
67f85717-a3a9-4ef4-ac25-e0daf4c6c5b4,2026-06-10 15:35:00+09:00,USDJPY,rule_based_ai_stub,v0.1,downtrend,short,0.65,medium,True,短期MAが長期MAを下回り、RSIが許容範囲,取引許可,42.14118927828442,160.0818132560615,160.08224810261615,entry_candidate
de4d1b5b-4dfe-441d-98c7-2d7aa5d95f4a,2026-06-10 15:40:00+09:00,USDJPY,rule_based_ai_stub,v0.1,downtrend,short,0.65,medium,True,短期MAが長期MAを下回り、RSIが許容範囲,取引許可,42.61450121848336,160.08176271394342,160.08222730653435,entry_candidate
724c2377-abd6-4d73-a3f2-b9cd26827f4b,2026-06-10 15:45:00+09:00,USDJPY,rule_based_ai_stub,v0.1,downtrend,short,0.65,medium,True,短期MAが長期MAを下回り、RSIが許容範囲,取引許可,37.51798350156702,160.08172998322468,160.0821818412453,entry_candidate
254aa91e-f0a5-4020-bf2d-b4cd9a82d79f,2026-06-10 15:50:00+09:00,USDJPY,rule_based_ai_stub,v0.1,downtrend,short,0.65,medium,True,短期MAが長期MAを下回り、RSIが許容範囲,取引許可,38.108304719090086,160.08161696336077,160.08213677544325,entry_candidate
5868836f-5dd0-44ea-bcff-928f8fee57d9,2026-06-10 15:55:00+09:00,USDJPY,rule_based_ai_stub,v0.1,downtrend,short,0.65,medium,True,短期MAが長期MAを下回り、RSIが許容範囲,取引許可,34.62632940117922,160.08145322961255,160.08205236709546,entry_candidate
bac3839b-d246-4692-9e94-20fc2c448b85,2026-06-10 16:00:00+09:00,USDJPY,rule_based_ai_stub,v0.1,downtrend,short,0.65,medium,True,短期MAが長期MAを下回り、RSIが許容範囲,取引許可,33.21108251104873,160.08128381805204,160.08194363114265,entry_candidate
4b430a14-7cd9-43ca-b745-1f09b104268e,2026-06-10 16:05:00+09:00,USDJPY,rule_based_ai_stub,v0.1,downtrend,short,0.65,medium,True,短期MAが長期MAを下回り、RSIが許容範囲,取引許可,31.51244650551307,160.0811045232433,160.0818124492419,entry_candidate
50a07390-ccc3-42e3-97e8-a4ce75ff69ef,2026-06-10 16:10:00+09:00,USDJPY,rule_based_ai_stub,v0.1,downtrend,none,0.2,low,False,条件未達,取引許可,29.35631901811496,160.0808875869339,160.0816969836433,wait
84ce1582-3104-440c-9fb3-a3b9c5506cda,2026-06-10 16:15:00+09:00,USDJPY,rule_based_ai_stub,v0.1,downtrend,short,0.65,medium,True,短期MAが長期MAを下回り、RSIが許容範囲,取引許可,32.41839686469763,160.08071910437943,160.0815879953892,entry_candidate
360a3b0f-6b87-46df-b67b-bc96be3ccbc0,2026-06-10 16:20:00+09:00,USDJPY,rule_based_ai_stub,v0.1,downtrend,short,0.65,medium,True,短期MAが長期MAを下回り、RSIが許容範囲,取引許可,31.32126852994466,160.08055696396684,160.08150848673202,entry_candidate
aee19333-b285-42b3-9093-4b3b724afd8f,2026-06-10 16:25:00+09:00,USDJPY,rule_based_ai_stub,v0.1,downtrend,short,0.65,medium,True,短期MAが長期MAを下回り、RSIが許容範囲,取引許可,34.39497568048341,160.0803484397326,160.08143702334831,entry_candidate
ecf7da4b-f50c-4b2c-b1b0-75a53aaa4947,2026-06-10 16:30:00+09:00,USDJPY,rule_based_ai_stub,v0.1,downtrend,none,0.2,low,False,条件未達,取引許可,29.18274107071379,160.08015828169997,160.08136624430315,wait
3b1cd9a5-2720-4fa3-b647-259d6cd25074,2026-06-10 16:35:00+09:00,USDJPY,rule_based_ai_stub,v0.1,downtrend,none,0.2,low,False,条件未達,取引許可,29.988984758536816,160.07997561587422,160.08133108922004,wait
922f7a58-f6b3-4665-905a-3d834342ff57,2026-06-10 16:40:00+09:00,USDJPY,rule_based_ai_stub,v0.1,downtrend,short,0.65,medium,True,短期MAが長期MAを下回り、RSIが許容範囲,取引許可,34.98940245087968,160.07979668083672,160.08130125813182,entry_candidate
bc468e58-9d9a-472f-8460-fe9b53c18163,2026-06-10 16:45:00+09:00,USDJPY,rule_based_ai_stub,v0.1,downtrend,short,0.65,medium,True,短期MAが長期MAを下回り、RSIが許容範囲,取引許可,33.01119990518072,160.07966049568992,160.0812616583567,entry_candidate
659bca73-3ebe-4ae5-89aa-0a5238e52b9d,2026-06-10 16:50:00+09:00,USDJPY,rule_based_ai_stub,v0.1,downtrend,short,0.65,medium,True,短期MAが長期MAを下回り、RSIが許容範囲,取引許可,34.57486613052565,160.0795982016568,160.0812450089777,entry_candidate
dc7b3771-4fd1-4432-998a-5926df188bde,2026-06-10 16:55:00+09:00,USDJPY,rule_based_ai_stub,v0.1,downtrend,short,0.65,medium,True,短期MAが長期MAを下回り、RSIが許容範囲,取引許可,31.108923878318578,160.0795572603021,160.0811774453313,entry_candidate
47be8e14-c8bb-4407-9996-ea2d396bc88e,2026-06-10 17:00:00+09:00,USDJPY,rule_based_ai_stub,v0.1,downtrend,short,0.65,medium,True,短期MAが長期MAを下回り、RSIが許容範囲,取引許可,39.761325330313475,160.07953667587904,160.08111398162808,entry_candidate
046f8d2c-505b-4aa4-a42a-61bf02768eca,2026-06-10 17:05:00+09:00,USDJPY,rule_based_ai_stub,v0.1,downtrend,short,0.65,medium,True,短期MAが長期MAを下回り、RSIが許容範囲,取引許可,53.471589385840325,160.07962495503423,160.08104354939496,entry_candidate
d579d3be-2f1c-4f7b-b20a-16ae78a19be5,2026-06-10 17:10:00+09:00,USDJPY,rule_based_ai_stub,v0.1,downtrend,short,0.65,medium,True,短期MAが長期MAを下回り、RSIが許容範囲,取引許可,45.67231346060991,160.07965763282303,160.08096713635229,entry_candidate
9f5fed47-6499-468c-a7ca-9f762202c1bd,2026-06-10 17:15:00+09:00,USDJPY,rule_based_ai_stub,v0.1,downtrend,short,0.65,medium,True,短期MAが長期MAを下回り、RSIが許容範囲,取引許可,53.48512652400772,160.07969127899898,160.08087241321462,entry_candidate
bd24a904-99a8-4490-a454-08c6a6b19165,2026-06-10 17:20:00+09:00,USDJPY,rule_based_ai_stub,v0.1,downtrend,short,0.65,medium,True,短期MAが長期MAを下回り、RSIが許容範囲,取引許可,52.643713321292665,160.07968900267173,160.08079523385382,entry_candidate
fb631511-35ab-46d5-ab56-c72a2b2a1e16,2026-06-10 17:25:00+09:00,USDJPY,rule_based_ai_stub,v0.1,downtrend,short,0.65,medium,True,短期MAが長期MAを下回り、RSIが許容範囲,取引許可,53.54855646768898,160.07969510378027,160.0807009754216,entry_candidate
76a9b482-e3c9-4e05-8379-35a6f7dd4f0a,2026-06-10 17:30:00+09:00,USDJPY,rule_based_ai_stub,v0.1,downtrend,short,0.65,medium,True,短期MAが長期MAを下回り、RSIが許容範囲,取引許可,51.307581964492016,160.07973437027644,160.08060941733316,entry_candidate
89426a73-d1c2-4d34-8216-a018fc03dd0b,2026-06-10 17:35:00+09:00,USDJPY,rule_based_ai_stub,v0.1,downtrend,none,0.2,low,False,条件未達,取引許可,61.542297180828896,160.07980861157648,160.08053249450407,wait
2f88f020-f6f7-46e3-93a7-48db525dc8aa,2026-06-10 17:40:00+09:00,USDJPY,rule_based_ai_stub,v0.1,downtrend,none,0.2,low,False,条件未達,取引許可,68.29569935902391,160.0799201883115,160.08049319436387,wait
324379fe-94bd-4c03-8c6e-e27643b324e3,2026-06-10 17:45:00+09:00,USDJPY,rule_based_ai_stub,v0.1,downtrend,short,0.65,medium,True,短期MAが長期MAを下回り、RSIが許容範囲,取引許可,56.67038018167961,160.0799503462889,160.0804469417345,entry_candidate
54c598f5-0fc0-463e-9456-99b6dd212d7e,2026-06-10 17:50:00+09:00,USDJPY,rule_based_ai_stub,v0.1,downtrend,short,0.65,medium,True,短期MAが長期MAを下回り、RSIが許容範囲,取引許可,57.92156970070912,160.0799881443864,160.08040110313465,entry_candidate
cfab6abc-b7b3-4de7-9e9e-5204ba704c3f,2026-06-10 17:55:00+09:00,USDJPY,rule_based_ai_stub,v0.1,downtrend,none,0.2,low,False,条件未達,取引許可,61.81266249460584,160.080169167756,160.08039321922354,wait
c61a7f78-fd56-4c48-a474-41e23b0a567e,2026-06-10 18:00:00+09:00,USDJPY,rule_based_ai_stub,v0.1,downtrend,none,0.2,low,False,条件未達,取引許可,61.52296946341582,160.08033169211765,160.08038406201624,wait
c73e05a2-1158-48cc-9101-f5cef2389625,2026-06-10 18:05:00+09:00,USDJPY,rule_based_ai_stub,v0.1,uptrend,none,0.2,low,False,条件未達,取引許可,74.53311311777824,160.08051814206087,160.08041587344613,wait
f23465cd-9b55-48da-b169-ae49d76a7e55,2026-06-10 18:10:00+09:00,USDJPY,rule_based_ai_stub,v0.1,uptrend,none,0.2,low,False,条件未達,取引許可,77.26260524492821,160.08085603968277,160.0804670864799,wait
7a4eb3b0-efcd-418d-a5cc-ef87a6525813,2026-06-10 18:15:00+09:00,USDJPY,rule_based_ai_stub,v0.1,uptrend,none,0.2,low,False,条件未達,取引許可,78.03377013026522,160.08125732680568,160.0805559033947,wait
ff3e6e85-ee19-43b4-9ee3-dabe70862ae2,2026-06-10 18:20:00+09:00,USDJPY,rule_based_ai_stub,v0.1,uptrend,none,0.2,low,False,条件未達,取引許可,85.39714624808506,160.08167304472275,160.08063967045376,wait
c7c1d6de-2316-4251-b094-0e2bf01516f0,2026-06-10 18:25:00+09:00,USDJPY,rule_based_ai_stub,v0.1,uptrend,none,0.2,low,False,条件未達,取引許可,88.25388746737053,160.08214774190273,160.08073042847187,wait
62404ff2-e7a0-4276-b1e9-bfc8d65e9545,2026-06-10 18:30:00+09:00,USDJPY,rule_based_ai_stub,v0.1,uptrend,none,0.2,low,False,条件未達,取引許可,88.56896540637774,160.08261299047606,160.08083521415082,wait
475c159c-2428-46f5-a471-ad8aedf73998,2026-06-10 18:35:00+09:00,USDJPY,rule_based_ai_stub,v0.1,uptrend,none,0.2,low,False,条件未達,取引許可,89.456056806406,160.08300786586247,160.08093069777107,wait
cd9c4a7b-a5ee-47b1-b7a5-b67bd7d42897,2026-06-10 18:40:00+09:00,USDJPY,rule_based_ai_stub,v0.1,uptrend,none,0.2,low,False,条件未達,取引許可,86.71462979237491,160.08333108220066,160.08101598378298,wait
323448ac-3d1c-4dcf-92b6-e2ac2a336051,2026-06-10 18:45:00+09:00,USDJPY,rule_based_ai_stub,v0.1,uptrend,none,0.2,low,False,条件未達,取引許可,86.85606536237242,160.0837980801665,160.0811363073818,wait
417407c4-188f-4d95-9e8b-eb0d4d5fc2c5,2026-06-10 18:50:00+09:00,USDJPY,rule_based_ai_stub,v0.1,uptrend,none,0.2,low,False,条件未達,取引許可,79.91155114194211,160.08419305319953,160.08125979974758,wait
b2ec6f49-c9db-4f2c-be3a-1722cfafd97e,2026-06-10 18:55:00+09:00,USDJPY,rule_based_ai_stub,v0.1,uptrend,none,0.2,low,False,条件未達,取引許可,90.80512537725974,160.08459819795283,160.08144154200363,wait
c55004e8-5224-4021-8b40-ecf1050fcd6b,2026-06-10 19:00:00+09:00,USDJPY,rule_based_ai_stub,v0.1,uptrend,none,0.2,low,False,条件未達,取引許可,90.71330780154115,160.08500899548628,160.08162578782765,wait
73a52631-a2a7-40a7-9914-96da8e04ecb8,2026-06-10 19:05:00+09:00,USDJPY,rule_based_ai_stub,v0.1,uptrend,none,0.2,low,False,条件未達,取引許可,79.47754187523664,160.0852952786897,160.08181279192826,wait
f1ffb7d8-53c2-40f6-9e50-3ca51cc73d41,2026-06-10 19:10:00+09:00,USDJPY,rule_based_ai_stub,v0.1,uptrend,none,0.2,low,False,条件未達,取引許可,79.44545988724828,160.0854993308355,160.0820043344471,wait
7bfcca6e-de52-47c9-93f8-f01566a97053,2026-06-10 19:15:00+09:00,USDJPY,rule_based_ai_stub,v0.1,uptrend,long,0.65,medium,True,短期MAが長期MAを上回り、RSIが許容範囲,取引許可,65.21587947240417,160.08554719617862,160.08216526732775,entry_candidate
2c91c113-dcd6-4d2b-9122-41be537ade3d,2026-06-10 19:20:00+09:00,USDJPY,rule_based_ai_stub,v0.1,uptrend,long,0.65,medium,True,短期MAが長期MAを上回り、RSIが許容範囲,取引許可,61.143459201784346,160.08561387149277,160.08232530629576,entry_candidate
5a174595-94bc-48b4-b53d-a89a464cf2ac,2026-06-10 19:25:00+09:00,USDJPY,rule_based_ai_stub,v0.1,uptrend,long,0.65,medium,True,短期MAが長期MAを上回り、RSIが許容範囲,取引許可,60.68381493507652,160.08567255395738,160.08250513321346,entry_candidate
320244a0-9391-4232-a87d-cf98986fb23d,2026-06-10 19:30:00+09:00,USDJPY,rule_based_ai_stub,v0.1,uptrend,long,0.65,medium,True,短期MAが長期MAを上回り、RSIが許容範囲,取引許可,56.90620728780727,160.0856943742326,160.08268057832836,entry_candidate
70746f83-7ff5-42b1-91c6-325a5ea44e3b,2026-06-10 19:35:00+09:00,USDJPY,rule_based_ai_stub,v0.1,uptrend,long,0.65,medium,True,短期MAが長期MAを上回り、RSIが許容範囲,取引許可,53.32673692711807,160.0857211767404,160.08284588472645,entry_candidate
618fa6cf-0735-46ca-9d55-d0bcdbd75558,2026-06-10 19:40:00+09:00,USDJPY,rule_based_ai_stub,v0.1,uptrend,long,0.65,medium,True,短期MAが長期MAを上回り、RSIが許容範囲,取引許可,59.87087522672389,160.08586325783168,160.08303817611463,entry_candidate
1febd756-9098-48cf-b3b8-3846f36decba,2026-06-10 19:45:00+09:00,USDJPY,rule_based_ai_stub,v0.1,uptrend,long,0.65,medium,True,短期MAが長期MAを上回り、RSIが許容範囲,取引許可,57.555951245472045,160.0859018809198,160.08321676912507,entry_candidate
4ff35f2c-2db3-4ec1-8761-cb10ee978203,2026-06-10 19:50:00+09:00,USDJPY,rule_based_ai_stub,v0.1,uptrend,long,0.65,medium,True,短期MAが長期MAを上回り、RSIが許容範囲,取引許可,54.65972759844871,160.08592848006188,160.08336989254929,entry_candidate
ed43c7c6-ab95-4ba3-b83c-6a33f5f4a826,2026-06-10 19:55:00+09:00,USDJPY,rule_based_ai_stub,v0.1,uptrend,long,0.65,medium,True,短期MAが長期MAを上回り、RSIが許容範囲,取引許可,54.3945580221243,160.08595254398787,160.0835733032322,entry_candidate
cf03abac-599e-493f-830b-68e259b707da,2026-06-10 20:00:00+09:00,USDJPY,rule_based_ai_stub,v0.1,uptrend,long,0.65,medium,True,短期MAが長期MAを上回り、RSIが許容範囲,取引許可,63.22801631837407,160.08604974406714,160.08379681055703,entry_candidate
a39c5551-dab6-4d89-be21-91a77a298aab,2026-06-10 20:05:00+09:00,USDJPY,rule_based_ai_stub,v0.1,uptrend,long,0.65,medium,True,短期MAが長期MAを上回り、RSIが許容範囲,取引許可,59.10292209923385,160.0862170942388,160.08401017166312,entry_candidate
7e22284c-e459-450e-a5a8-c5c67292998e,2026-06-10 20:10:00+09:00,USDJPY,rule_based_ai_stub,v0.1,uptrend,long,0.65,medium,True,短期MAが長期MAを上回り、RSIが許容範囲,取引許可,60.58277368012663,160.08641663509755,160.08425733520528,entry_candidate
17fbc5f9-b239-4d37-9583-713de887e78d,2026-06-10 20:15:00+09:00,USDJPY,rule_based_ai_stub,v0.1,uptrend,none,0.2,low,False,条件未達,取引許可,70.31057553214728,160.08678825107748,160.08453092468724,wait
5bc30b42-fa71-46a2-9277-3ec8a723fa50,2026-06-10 20:20:00+09:00,USDJPY,rule_based_ai_stub,v0.1,uptrend,long,0.65,medium,True,短期MAが長期MAを上回り、RSIが許容範囲,取引許可,65.99092592779473,160.0870914674449,160.08479279455347,entry_candidate
df7f1a57-e59f-4806-8ca7-a01d1bcef595,2026-06-10 20:25:00+09:00,USDJPY,rule_based_ai_stub,v0.1,uptrend,none,0.2,low,False,条件未達,取引許可,74.28923589383729,160.08732615694646,160.08504881760217,wait
bb619b66-edc7-4572-a985-b0177c352366,2026-06-10 20:30:00+09:00,USDJPY,rule_based_ai_stub,v0.1,uptrend,none,0.2,low,False,条件未達,取引許可,75.44677316381916,160.08765200797143,160.08531979089335,wait
89564e92-f030-4e99-bc4d-4cd0a13dec20,2026-06-10 20:35:00+09:00,USDJPY,rule_based_ai_stub,v0.1,uptrend,none,0.2,low,False,条件未達,取引許可,76.82521782726087,160.08805593232552,160.08559499164278,wait
6a78f280-3888-48c0-9403-c3719c486d0c,2026-06-10 20:40:00+09:00,USDJPY,rule_based_ai_stub,v0.1,uptrend,none,0.2,low,False,条件未達,取引許可,80.87147286867578,160.08839029285096,160.08586154429446,wait
957db27b-6b6c-4dce-bf5b-eb2f8b1f8674,2026-06-10 20:45:00+09:00,USDJPY,rule_based_ai_stub,v0.1,uptrend,none,0.2,low,False,条件未達,取引許可,76.03026610210978,160.0887059499939,160.08613530369342,wait
eb557d80-7b54-4bcf-8882-1e27c7a4f018,2026-06-10 20:50:00+09:00,USDJPY,rule_based_ai_stub,v0.1,uptrend,none,0.2,low,False,条件未達,取引許可,76.08282582855111,160.0891739055718,160.08643181294443,wait
4320f307-6534-4183-817e-107e14a107bd,2026-06-10 20:55:00+09:00,USDJPY,rule_based_ai_stub,v0.1,uptrend,none,0.2,low,False,条件未達,取引許可,75.95514669269548,160.0895412294347,160.08669732379178,wait
77a8f74f-351d-47b9-beb9-47b32b8e0232,2026-06-10 21:00:00+09:00,USDJPY,rule_based_ai_stub,v0.1,uptrend,none,0.2,low,False,条件未達,取引許可,79.79757864028956,160.089793667049,160.08695080220082,wait
705483b7-9330-485a-83d7-50dcf9faf0ab,2026-06-10 21:05:00+09:00,USDJPY,rule_based_ai_stub,v0.1,uptrend,none,0.2,low,False,条件未達,取引許可,78.04958829138033,160.09006303677145,160.0871918032333,wait
004ca6b7-aca7-4f15-846b-92eed5286a76,2026-06-10 21:10:00+09:00,USDJPY,rule_based_ai_stub,v0.1,uptrend,none,0.2,low,False,条件未達,取引許可,77.34695529029338,160.09035954136314,160.08742516909874,wait
c8b576d7-e32d-4205-80c5-cc7e3d0db642,2026-06-10 21:15:00+09:00,USDJPY,rule_based_ai_stub,v0.1,uptrend,none,0.2,low,False,条件未達,取引許可,78.76223598912304,160.09063167095792,160.08765570607133,wait
74fbd394-a4bd-4147-ae9d-83e1e97d40ad,2026-06-10 21:20:00+09:00,USDJPY,rule_based_ai_stub,v0.1,uptrend,none,0.2,low,False,条件未達,取引許可,77.78856564627527,160.0909616680393,160.08788900232565,wait
fd6d36a3-be4b-48ae-859b-da23145b424a,2026-06-10 21:25:00+09:00,USDJPY,rule_based_ai_stub,v0.1,uptrend,none,0.2,low,False,条件未達,取引許可,76.18114408972386,160.091339094839,160.08811260191428,wait
62e22caf-52ed-4dd8-8dec-236ee6c559f0,2026-06-10 21:30:00+09:00,USDJPY,rule_based_ai_stub,v0.1,uptrend,none,0.2,low,False,条件未達,取引許可,81.12717785409404,160.09165715364642,160.08833451195017,wait
640f9cad-8cb2-4c68-abd6-fb29874df3b7,2026-06-10 21:35:00+09:00,USDJPY,rule_based_ai_stub,v0.1,uptrend,none,0.2,low,False,条件未達,取引許可,85.34886491963803,160.09191886871568,160.0885653259272,wait
541cf85f-d34c-4fcc-a4a5-03e9e0fab8f2,2026-06-10 21:40:00+09:00,USDJPY,rule_based_ai_stub,v0.1,uptrend,long,0.65,medium,True,短期MAが長期MAを上回り、RSIが許容範囲,取引許可,67.22289831504753,160.09202596173802,160.08875983747353,entry_candidate
2c49bbf9-ee97-4954-ac6e-306b74d6c7ac,2026-06-10 21:45:00+09:00,USDJPY,rule_based_ai_stub,v0.1,uptrend,long,0.65,medium,True,短期MAが長期MAを上回り、RSIが許容範囲,取引許可,60.69038928132957,160.0921622151051,160.08892334867292,entry_candidate
845cd018-826c-4788-8746-8547bffc0bfb,2026-06-10 21:50:00+09:00,USDJPY,rule_based_ai_stub,v0.1,uptrend,long,0.65,medium,True,短期MAが長期MAを上回り、RSIが許容範囲,取引許可,59.55135398607617,160.09221118151333,160.08910452238234,entry_candidate
8f5c2bfe-0f84-417f-8e9d-bf5fbc115d08,2026-06-10 21:55:00+09:00,USDJPY,rule_based_ai_stub,v0.1,uptrend,long,0.65,medium,True,短期MAが長期MAを上回り、RSIが許容範囲,取引許可,58.130749933841535,160.09222914576227,160.0892409730616,entry_candidate
aac76df6-12ce-4b26-bb49-ce4405d320de,2026-06-10 22:00:00+09:00,USDJPY,rule_based_ai_stub,v0.1,uptrend,long,0.65,medium,True,短期MAが長期MAを上回り、RSIが許容範囲,取引許可,51.26931644166373,160.09228318306614,160.0893755313941,entry_candidate
8ef27e21-5af4-4625-910c-f4178d70ef3f,2026-06-10 22:05:00+09:00,USDJPY,rule_based_ai_stub,v0.1,uptrend,long,0.65,medium,True,短期MAが長期MAを上回り、RSIが許容範囲,取引許可,53.0422994597525,160.09230987991725,160.0895300036425,entry_candidate
b385ae42-1abd-46a6-8531-54088a87a82a,2026-06-10 22:10:00+09:00,USDJPY,rule_based_ai_stub,v0.1,uptrend,long,0.65,medium,True,短期MAが長期MAを上回り、RSIが許容範囲,取引許可,62.230702762174765,160.09234664253225,160.089707606331,entry_candidate
873a14b1-ff29-4dc9-8ce5-df058f2aad1c,2026-06-10 22:15:00+09:00,USDJPY,rule_based_ai_stub,v0.1,uptrend,long,0.65,medium,True,短期MAが長期MAを上回り、RSIが許容範囲,取引許可,66.0640355986783,160.09241935733468,160.0899464264567,entry_candidate
7e2f9a76-a2f1-4dbd-a665-3c66cd5fb435,2026-06-10 22:20:00+09:00,USDJPY,rule_based_ai_stub,v0.1,uptrend,long,0.65,medium,True,短期MAが長期MAを上回り、RSIが許容範囲,取引許可,58.523224626129156,160.09244803858363,160.09016705802262,entry_candidate
178f38ce-aefe-447e-b064-ac55f559e86a,2026-06-10 22:25:00+09:00,USDJPY,rule_based_ai_stub,v0.1,uptrend,long,0.65,medium,True,短期MAが長期MAを上回り、RSIが許容範囲,取引許可,54.24143878845059,160.09244601352052,160.09037042176863,entry_candidate
f18a8972-fe68-4db7-8108-18f5208531f8,2026-06-10 22:30:00+09:00,USDJPY,rule_based_ai_stub,v0.1,uptrend,long,0.65,medium,True,短期MAが長期MAを上回り、RSIが許容範囲,取引許可,51.93146871741883,160.09243811534566,160.0905824256545,entry_candidate
b534bbe7-78fa-449f-8f84-74668ba8fbc7,2026-06-10 22:35:00+09:00,USDJPY,rule_based_ai_stub,v0.1,uptrend,long,0.65,medium,True,短期MAが長期MAを上回り、RSIが許容範囲,取引許可,47.29510945296496,160.09237972722127,160.09078484275418,entry_candidate
2e1b4bd6-25d5-47cd-ba3f-b621ec656a8f,2026-06-10 22:40:00+09:00,USDJPY,rule_based_ai_stub,v0.1,uptrend,long,0.65,medium,True,短期MAが長期MAを上回り、RSIが許容範囲,取引許可,48.09365289322943,160.09245756835,160.09095794097965,entry_candidate
53245403-df5e-40d7-87e8-77cb69223803,2026-06-10 22:45:00+09:00,USDJPY,rule_based_ai_stub,v0.1,uptrend,long,0.65,medium,True,短期MAが長期MAを上回り、RSIが許容範囲,取引許可,41.65073783515021,160.0925123257482,160.0911268302824,entry_candidate
136edf4b-22cd-4a9e-801e-fcceddea5e9a,2026-06-10 22:50:00+09:00,USDJPY,rule_based_ai_stub,v0.1,uptrend,long,0.65,medium,True,短期MAが長期MAを上回り、RSIが許容範囲,取引許可,48.29635964362284,160.09249848628292,160.09129452445603,entry_candidate
357a18d8-67fd-4c4c-9674-a4c4dfc1536c,2026-06-10 22:55:00+09:00,USDJPY,rule_based_ai_stub,v0.1,uptrend,long,0.65,medium,True,短期MAが長期MAを上回り、RSIが許容範囲,取引許可,53.399612032752884,160.09257333308304,160.09144790276002,entry_candidate
5b1fc9c1-a851-4636-8b8b-72730da64cae,2026-06-10 23:00:00+09:00,USDJPY,rule_based_ai_stub,v0.1,uptrend,long,0.65,medium,True,短期MAが長期MAを上回り、RSIが許容範囲,取引許可,55.30080978041591,160.09266034019646,160.09157906343722,entry_candidate
ca99642c-50f1-455d-9b59-d5a9dd0d8d0f,2026-06-10 23:05:00+09:00,USDJPY,rule_based_ai_stub,v0.1,uptrend,long,0.65,medium,True,短期MAが長期MAを上回り、RSIが許容範囲,取引許可,57.39191621154379,160.09271735508295,160.0916967572572,entry_candidate
36458cda-ce0e-4989-8161-10b233d55ce1,2026-06-10 23:10:00+09:00,USDJPY,rule_based_ai_stub,v0.1,uptrend,long,0.65,medium,True,短期MAが長期MAを上回り、RSIが許容範囲,取引許可,59.63303161436968,160.09273136395606,160.09181251595047,entry_candidate
e3824226-9d2f-4b1e-bfd7-72d8493ee557,2026-06-10 23:15:00+09:00,USDJPY,rule_based_ai_stub,v0.1,uptrend,long,0.65,medium,True,短期MAが長期MAを上回り、RSIが許容範囲,取引許可,57.112487508606804,160.09263514295645,160.09189539041637,entry_candidate
fdf9125c-8e64-4244-b0bb-7c7324f2d502,2026-06-10 23:20:00+09:00,USDJPY,rule_based_ai_stub,v0.1,uptrend,long,0.65,medium,True,短期MAが長期MAを上回り、RSIが許容範囲,取引許可,49.62277483609752,160.09257487049717,160.09199485904003,entry_candidate
9cda7b40-481b-4f08-855f-63bc307e62b0,2026-06-10 23:25:00+09:00,USDJPY,rule_based_ai_stub,v0.1,uptrend,long,0.65,medium,True,短期MAが長期MAを上回り、RSIが許容範囲,取引許可,44.792393351341595,160.09256315712415,160.09211608849455,entry_candidate
3d34bb5b-ad40-46ae-a0ad-a3fbdfb28f63,2026-06-10 23:30:00+09:00,USDJPY,rule_based_ai_stub,v0.1,uptrend,long,0.65,medium,True,短期MAが長期MAを上回り、RSIが許容範囲,取引許可,47.40224568881056,160.09255346050114,160.09221624316442,entry_candidate
4fb151c6-c14f-4885-94b2-2fb233d42dd2,2026-06-10 23:35:00+09:00,USDJPY,rule_based_ai_stub,v0.1,uptrend,long,0.65,medium,True,短期MAが長期MAを上回り、RSIが許容範囲,取引許可,51.4197135638213,160.0925890838976,160.0922958932782,entry_candidate
41ff6450-ade1-46f6-bed2-cb100e5e627c,2026-06-10 23:40:00+09:00,USDJPY,rule_based_ai_stub,v0.1,uptrend,long,0.65,medium,True,短期MAが長期MAを上回り、RSIが許容範囲,取引許可,48.64415036753619,160.0925891345626,160.0923575548835,entry_candidate
ff93fafe-4cb6-4c90-b499-1af3b384dbd5,2026-06-10 23:45:00+09:00,USDJPY,rule_based_ai_stub,v0.1,uptrend,long,0.65,medium,True,短期MAが長期MAを上回り、RSIが許容範囲,取引許可,50.20715390093963,160.0926172760019,160.0924306056184,entry_candidate
6820f9b1-537c-49d3-a7e8-3f2df53bbfe9,2026-06-10 23:50:00+09:00,USDJPY,rule_based_ai_stub,v0.1,uptrend,long,0.65,medium,True,短期MAが長期MAを上回り、RSIが許容範囲,取引許可,47.676801690676776,160.0926916552364,160.09246710767755,entry_candidate
5a9a917b-e804-4208-8592-c7d5ca4fde9c,2026-06-10 23:55:00+09:00,USDJPY,rule_based_ai_stub,v0.1,uptrend,long,0.65,medium,True,短期MAが長期MAを上回り、RSIが許容範囲,取引許可,47.7473629292303,160.09269756999237,160.09250001627922,entry_candidate
489517bf-126a-4d67-a72c-f659d78bb641,2026-06-11 00:00:00+09:00,USDJPY,rule_based_ai_stub,v0.1,uptrend,long,0.65,medium,True,短期MAが長期MAを上回り、RSIが許容範囲,取引許可,54.2964809872301,160.09266316956095,160.09253556427453,entry_candidate
5d9da1c2-6606-4566-bdf5-983b815661c4,2026-06-11 00:05:00+09:00,USDJPY,rule_based_ai_stub,v0.1,uptrend,none,0.2,low,False,条件未達,取引許可,39.97181106503334,160.0925915540026,160.0925395963343,wait
d7dc26f9-aff3-4683-bf47-53838fc81957,2026-06-11 00:10:00+09:00,USDJPY,rule_based_ai_stub,v0.1,downtrend,short,0.65,medium,True,短期MAが長期MAを下回り、RSIが許容範囲,取引許可,32.446578515414245,160.09245061298537,160.09250953982456,entry_candidate
cf0a405a-a1d8-489c-baf2-06f669be8173,2026-06-11 00:15:00+09:00,USDJPY,rule_based_ai_stub,v0.1,downtrend,short,0.65,medium,True,短期MAが長期MAを下回り、RSIが許容範囲,取引許可,34.801960789033814,160.0923270070799,160.09246050245702,entry_candidate
d5eafb0c-fa54-4652-bd8a-2ebc2cb48a11,2026-06-11 00:20:00+09:00,USDJPY,rule_based_ai_stub,v0.1,downtrend,none,0.2,low,False,条件未達,取引許可,24.344281910483517,160.09217793392494,160.09240028100191,wait
4ae9346d-afa0-496e-a750-106f23814297,2026-06-11 00:25:00+09:00,USDJPY,rule_based_ai_stub,v0.1,downtrend,none,0.2,low,False,条件未達,取引許可,25.902838145642136,160.091975768697,160.09232831311388,wait
c9ff7f50-2aca-49d0-8a01-35f345be9b41,2026-06-11 00:30:00+09:00,USDJPY,rule_based_ai_stub,v0.1,downtrend,none,0.2,low,False,条件未達,取引許可,22.29665026771947,160.09177219588733,160.09225459057805,wait
69984af5-615e-49e9-aa7f-bb94c3a989ae,2026-06-11 00:35:00+09:00,USDJPY,rule_based_ai_stub,v0.1,downtrend,none,0.2,low,False,条件未達,取引許可,17.50423012272472,160.091569858108,160.09217955640895,wait
529ade7a-6a0d-43e4-986e-1d8ca4632520,2026-06-11 00:40:00+09:00,USDJPY,rule_based_ai_stub,v0.1,downtrend,none,0.2,low,False,条件未達,取引許可,29.03508758854916,160.09143706766451,160.09216125685904,wait
29f2f6a1-a84e-4863-b600-47253908876d,2026-06-11 00:45:00+09:00,USDJPY,rule_based_ai_stub,v0.1,downtrend,none,0.2,low,False,条件未達,取引許可,21.13725708400021,160.09128161228887,160.09213707134631,wait
6d3f1f78-8ddf-4620-b03e-4f5e321a2514,2026-06-11 00:50:00+09:00,USDJPY,rule_based_ai_stub,v0.1,downtrend,none,0.2,low,False,条件未達,取引許可,19.13499382059736,160.091076289842,160.09208881045376,wait
4bf017c2-d3db-4ec2-9f6f-c4c95c212e72,2026-06-11 00:55:00+09:00,USDJPY,rule_based_ai_stub,v0.1,downtrend,none,0.2,low,False,条件未達,取引許可,17.136362473092632,160.09085619409186,160.09204236572242,wait
f2db0ea9-8ca0-4571-987d-ec7fea85b03d,2026-06-11 01:00:00+09:00,USDJPY,rule_based_ai_stub,v0.1,downtrend,none,0.2,low,False,条件未達,取引許可,16.560830104253384,160.0906205769038,160.09198136222042,wait
1042e14d-ea99-4e6c-9a55-3b553be82dd3,2026-06-11 01:05:00+09:00,USDJPY,rule_based_ai_stub,v0.1,downtrend,none,0.2,low,False,条件未達,取引許可,17.379623733540328,160.0904447945648,160.0919179012168,wait
c0a259dd-0db5-4f27-8a22-ace6fea4574c,2026-06-11 01:10:00+09:00,USDJPY,rule_based_ai_stub,v0.1,downtrend,none,0.2,low,False,条件未達,取引許可,16.17736620390187,160.09025507010986,160.0918123490171,wait
1696fd50-08a3-4e8c-ba41-dafd3f933f23,2026-06-11 01:15:00+09:00,USDJPY,rule_based_ai_stub,v0.1,downtrend,none,0.2,low,False,条件未達,取引許可,16.66815155643603,160.09001478359636,160.09165897787756,wait
7a4e0e5a-bc8d-4a11-9a3f-0f959a589fc0,2026-06-11 01:20:00+09:00,USDJPY,rule_based_ai_stub,v0.1,downtrend,none,0.2,low,False,条件未達,取引許可,16.738607109870173,160.0897645000291,160.0915057681504,wait
1bf73c02-0f6e-4062-8917-40c8ea28caa1,2026-06-11 01:25:00+09:00,USDJPY,rule_based_ai_stub,v0.1,downtrend,none,0.2,low,False,条件未達,取引許可,19.291943519478053,160.08953536266515,160.0913580961621,wait
1630c649-9fd9-43b2-9e57-567d9205a6f3,2026-06-11 01:30:00+09:00,USDJPY,rule_based_ai_stub,v0.1,downtrend,none,0.2,low,False,条件未達,取引許可,25.577065582651827,160.0893390649845,160.091221573791,wait
b314a2b5-db23-4ec0-87c7-7f15fcf10204,2026-06-11 01:35:00+09:00,USDJPY,rule_based_ai_stub,v0.1,downtrend,none,0.2,low,False,条件未達,取引許可,24.669758487181525,160.08909092407526,160.0910832886936,wait
c7e91eb5-e31c-4da5-ac1c-3cf4bfe86daf,2026-06-11 01:40:00+09:00,USDJPY,rule_based_ai_stub,v0.1,downtrend,none,0.2,low,False,条件未達,取引許可,23.733747054397668,160.08877840742124,160.09093486988277,wait
36c4ee4b-95c5-4c15-b77e-fbd568535a88,2026-06-11 01:45:00+09:00,USDJPY,rule_based_ai_stub,v0.1,downtrend,none,0.2,low,False,条件未達,取引許可,17.5881581013561,160.0884520441131,160.0907836441346,wait
6562c51d-3e1b-4d85-8876-59d9002f4f7f,2026-06-11 01:50:00+09:00,USDJPY,rule_based_ai_stub,v0.1,downtrend,none,0.2,low,False,条件未達,取引許可,9.20768121768532,160.08818426888922,160.09065073798922,wait
9e9fec6b-cfb1-4102-b5d6-7277ad90715d,2026-06-11 01:55:00+09:00,USDJPY,rule_based_ai_stub,v0.1,downtrend,none,0.2,low,False,条件未達,取引許可,9.004283893047884,160.08792617445422,160.09049331284615,wait
c87fc2bf-0009-4b76-91cd-09406d88c898,2026-06-11 02:00:00+09:00,USDJPY,rule_based_ai_stub,v0.1,downtrend,none,0.2,low,False,条件未達,取引許可,16.668380906859213,160.08772109655598,160.09033494767357,wait
e2a0384d-f53a-4fe6-889f-6048e2527a08,2026-06-11 02:05:00+09:00,USDJPY,rule_based_ai_stub,v0.1,downtrend,none,0.2,low,False,条件未達,取引許可,15.311960414783755,160.087444321399,160.09016022332216,wait
f1cb8b16-f725-4ac3-9f97-bf0420d9abbb,2026-06-11 02:10:00+09:00,USDJPY,rule_based_ai_stub,v0.1,downtrend,none,0.2,low,False,条件未達,取引許可,15.52869409721319,160.08718806456173,160.08996458255234,wait
d8f91fed-ddf5-4c5d-9d7f-e725365fe328,2026-06-11 02:15:00+09:00,USDJPY,rule_based_ai_stub,v0.1,downtrend,none,0.2,low,False,条件未達,取引許可,19.091495513002442,160.08701166892465,160.08978448653363,wait
65949f8b-f7fb-4629-a707-a4cf26e7ef33,2026-06-11 02:20:00+09:00,USDJPY,rule_based_ai_stub,v0.1,downtrend,none,0.2,low,False,条件未達,取引許可,22.716505484402816,160.08686727105473,160.08960323500293,wait
76ac7c90-2acf-44ae-baa5-d32c51e87758,2026-06-11 02:25:00+09:00,USDJPY,rule_based_ai_stub,v0.1,downtrend,short,0.65,medium,True,短期MAが長期MAを下回り、RSIが許容範囲,取引許可,46.87166078839248,160.086848453537,160.08945319496638,entry_candidate
19f72499-5ba8-45ad-b752-11c3ebe27fb5,2026-06-11 02:30:00+09:00,USDJPY,rule_based_ai_stub,v0.1,downtrend,short,0.65,medium,True,短期MAが長期MAを下回り、RSIが許容範囲,取引許可,50.96026860473603,160.0868173745472,160.08930954513968,entry_candidate
d73b50e6-4d50-4f4d-91a2-e38971b26c3b,2026-06-11 02:35:00+09:00,USDJPY,rule_based_ai_stub,v0.1,downtrend,short,0.65,medium,True,短期MAが長期MAを下回り、RSIが許容範囲,取引許可,45.29106304482946,160.08676396398025,160.08914158205448,entry_candidate
63332cc7-f048-40a7-b443-42a3d67e7d84,2026-06-11 02:40:00+09:00,USDJPY,rule_based_ai_stub,v0.1,downtrend,short,0.65,medium,True,短期MAが長期MAを下回り、RSIが許容範囲,取引許可,41.60836691145677,160.086726430092,160.08898063505927,entry_candidate
40ebf579-3fff-4ac0-9f07-2ea4f39310b8,2026-06-11 02:45:00+09:00,USDJPY,rule_based_ai_stub,v0.1,downtrend,short,0.65,medium,True,短期MAが長期MAを下回り、RSIが許容範囲,取引許可,37.11054274040106,160.08664641880256,160.0887933584015,entry_candidate
13344daf-3804-49cd-b9a0-aaacccdd1f96,2026-06-11 02:50:00+09:00,USDJPY,rule_based_ai_stub,v0.1,downtrend,short,0.65,medium,True,短期MAが長期MAを下回り、RSIが許容範囲,取引許可,38.23782518346291,160.08656394948414,160.08860816940512,entry_candidate
18c1b4b4-fd9d-4890-87fb-fada2be5e45e,2026-06-11 02:55:00+09:00,USDJPY,rule_based_ai_stub,v0.1,downtrend,short,0.65,medium,True,短期MAが長期MAを下回り、RSIが許容範囲,取引許可,38.56787117037871,160.08648224879462,160.08842153911357,entry_candidate
dd94f77f-8ffa-41eb-b129-07d3cdb4a593,2026-06-11 03:00:00+09:00,USDJPY,rule_based_ai_stub,v0.1,downtrend,short,0.65,medium,True,短期MAが長期MAを下回り、RSIが許容範囲,取引許可,43.48258151116807,160.08641766122818,160.08825311156266,entry_candidate
a183c3a6-29a1-4855-be31-7ca96d84e3ab,2026-06-11 03:05:00+09:00,USDJPY,rule_based_ai_stub,v0.1,downtrend,short,0.65,medium,True,短期MAが長期MAを下回り、RSIが許容範囲,取引許可,44.61591752204818,160.08641488997264,160.08810133531216,entry_candidate
84c0f65d-d54f-4b75-a220-4d9f4e7bb0ba,2026-06-11 03:10:00+09:00,USDJPY,rule_based_ai_stub,v0.1,downtrend,short,0.65,medium,True,短期MAが長期MAを下回り、RSIが許容範囲,取引許可,41.23349953950652,160.0864242619049,160.08795579885884,entry_candidate
7b0b7e20-c176-4590-8e79-0e94f8baf1bc,2026-06-11 03:15:00+09:00,USDJPY,rule_based_ai_stub,v0.1,downtrend,short,0.65,medium,True,短期MAが長期MAを下回り、RSIが許容範囲,取引許可,46.05992203267038,160.08638680057814,160.08780441769972,entry_candidate
8b9cfd19-431d-455c-8b5d-833a28d3fa76,2026-06-11 03:20:00+09:00,USDJPY,rule_based_ai_stub,v0.1,downtrend,short,0.65,medium,True,短期MAが長期MAを下回り、RSIが許容範囲,取引許可,55.88998735909434,160.08642709009317,160.087686287059,entry_candidate
005755e3-ccdb-4085-a675-8854edba30b9,2026-06-11 03:25:00+09:00,USDJPY,rule_based_ai_stub,v0.1,downtrend,short,0.65,medium,True,短期MAが長期MAを下回り、RSIが許容範囲,取引許可,53.125187942807294,160.0863166657867,160.08756682732962,entry_candidate
8af8a5d2-fbdf-4e92-8712-0fc194eac95a,2026-06-11 03:30:00+09:00,USDJPY,rule_based_ai_stub,v0.1,downtrend,short,0.65,medium,True,短期MAが長期MAを下回り、RSIが許容範囲,取引許可,59.127564375905465,160.08628037933116,160.08747893962095,entry_candidate
9ba1288b-f019-488a-a786-730874c024b8,2026-06-11 03:35:00+09:00,USDJPY,rule_based_ai_stub,v0.1,downtrend,short,0.65,medium,True,短期MAが長期MAを下回り、RSIが許容範囲,取引許可,52.14409687104647,160.08633500319357,160.08739663041635,entry_candidate
187a4d64-70ac-4118-bcf3-1b5862c92c6a,2026-06-11 03:40:00+09:00,USDJPY,rule_based_ai_stub,v0.1,downtrend,short,0.65,medium,True,短期MAが長期MAを下回り、RSIが許容範囲,取引許可,52.712864213122465,160.0864185036047,160.08730778037267,entry_candidate
24a7ea7b-df64-45a1-b09b-f5073dc48f92,2026-06-11 03:45:00+09:00,USDJPY,rule_based_ai_stub,v0.1,downtrend,short,0.65,medium,True,短期MAが長期MAを下回り、RSIが許容範囲,取引許可,59.388387388727466,160.0866092529899,160.08723590530184,entry_candidate
64807b46-58be-46b9-a4ee-555bffaa9d66,2026-06-11 03:50:00+09:00,USDJPY,rule_based_ai_stub,v0.1,downtrend,none,0.2,low,False,条件未達,取引許可,61.354511033019975,160.08682372222742,160.08719064686696,wait
d81b3588-5ec3-43e7-b520-2a0e496443b0,2026-06-11 03:55:00+09:00,USDJPY,rule_based_ai_stub,v0.1,downtrend,none,0.2,low,False,条件未達,取引許可,60.510669271411636,160.08698346063886,160.08713062796258,wait
ccb10248-6879-45df-87bc-e1254ea8f6d4,2026-06-11 04:00:00+09:00,USDJPY,rule_based_ai_stub,v0.1,uptrend,long,0.65,medium,True,短期MAが長期MAを上回り、RSIが許容範囲,取引許可,59.44018472086674,160.0870834853668,160.0870740810503,entry_candidate
0fc35924-4078-4aaf-bf6c-e741127cfd14,2026-06-11 04:05:00+09:00,USDJPY,rule_based_ai_stub,v0.1,uptrend,long,0.65,medium,True,短期MAが長期MAを上回り、RSIが許容範囲,取引許可,66.85834690779791,160.08725324500705,160.08703748545958,entry_candidate
a3e01a4b-a3bd-45ee-aec6-51b18cd5c37a,2026-06-11 04:10:00+09:00,USDJPY,rule_based_ai_stub,v0.1,uptrend,long,0.65,medium,True,短期MAが長期MAを上回り、RSIが許容範囲,取引許可,63.66680885124308,160.0874263980839,160.0870129081835,entry_candidate
68f16d73-664c-40a3-8a8c-0a021d00f87e,2026-06-11 04:15:00+09:00,USDJPY,rule_based_ai_stub,v0.1,uptrend,long,0.65,medium,True,短期MAが長期MAを上回り、RSIが許容範囲,取引許可,58.80697058053543,160.08756106956048,160.0869865130211,entry_candidate
e62af5f9-cb0d-4f02-b973-87d37df37380,2026-06-11 04:20:00+09:00,USDJPY,rule_based_ai_stub,v0.1,uptrend,long,0.65,medium,True,短期MAが長期MAを上回り、RSIが許容範囲,取引許可,59.146571057218836,160.08760617824694,160.08696684646495,entry_candidate
497f3eef-a5cb-453f-bad0-2569ff79a560,2026-06-11 04:25:00+09:00,USDJPY,rule_based_ai_stub,v0.1,uptrend,long,0.65,medium,True,短期MAが長期MAを上回り、RSIが許容範囲,取引許可,67.87559429775493,160.0877525543475,160.0869725578904,entry_candidate
c42c3bfc-ac0c-45ba-a9ec-ffcc3d857ce6,2026-06-11 04:30:00+09:00,USDJPY,rule_based_ai_stub,v0.1,uptrend,long,0.65,medium,True,短期MAが長期MAを上回り、RSIが許容範囲,取引許可,66.53116239428806,160.0878696471817,160.0869891336867,entry_candidate
d9a12101-b9ac-4d0d-a8e3-81029f9151a1,2026-06-11 04:35:00+09:00,USDJPY,rule_based_ai_stub,v0.1,uptrend,long,0.65,medium,True,短期MAが長期MAを上回り、RSIが許容範囲,取引許可,68.03148310624084,160.0879429322273,160.08701396646703,entry_candidate
76a7c265-0973-40f4-9030-44a9d6d9dcfc,2026-06-11 04:40:00+09:00,USDJPY,rule_based_ai_stub,v0.1,uptrend,long,0.65,medium,True,短期MAが長期MAを上回り、RSIが許容範囲,取引許可,65.3778417300572,160.08803968640038,160.08706154003235,entry_candidate
d067f801-e1f2-4b84-8e60-c94a9db467ca,2026-06-11 04:45:00+09:00,USDJPY,rule_based_ai_stub,v0.1,uptrend,long,0.65,medium,True,短期MAが長期MAを上回り、RSIが許容範囲,取引許可,60.28234571377858,160.0880996785651,160.0871184501192,entry_candidate
de1fe3fe-7c02-496d-bc26-6ccb41feaf70,2026-06-11 04:50:00+09:00,USDJPY,rule_based_ai_stub,v0.1,uptrend,long,0.65,medium,True,短期MAが長期MAを上回り、RSIが許容範囲,取引許可,49.54972740791025,160.08805478728556,160.08714748633236,entry_candidate
f6300354-85b4-489b-9cc0-eba4768e364e,2026-06-11 04:55:00+09:00,USDJPY,rule_based_ai_stub,v0.1,uptrend,long,0.65,medium,True,短期MAが長期MAを上回り、RSIが許容範囲,取引許可,44.11057665140215,160.08806005633556,160.08717525525634,entry_candidate
f4cfb8a8-a2b8-403b-a613-da55ff2d4d75,2026-06-11 05:00:00+09:00,USDJPY,rule_based_ai_stub,v0.1,uptrend,long,0.65,medium,True,短期MAが長期MAを上回り、RSIが許容範囲,取引許可,49.13141887460103,160.08815741399374,160.08721952019627,entry_candidate
e0082da2-3394-4403-87b2-870328f39c77,2026-06-11 05:05:00+09:00,USDJPY,rule_based_ai_stub,v0.1,uptrend,long,0.65,medium,True,短期MAが長期MAを上回り、RSIが許容範囲,取引許可,56.283470944232945,160.08819881409923,160.0872889830263,entry_candidate
ea31e4ee-4752-4dbb-a295-8725c125fb42,2026-06-11 05:10:00+09:00,USDJPY,rule_based_ai_stub,v0.1,uptrend,long,0.65,medium,True,短期MAが長期MAを上回り、RSIが許容範囲,取引許可,56.459904567328756,160.08823048986494,160.0873603832846,entry_candidate
223d08b0-7a4e-4192-835c-1365a1f4bff8,2026-06-11 05:15:00+09:00,USDJPY,rule_based_ai_stub,v0.1,uptrend,long,0.65,medium,True,短期MAが長期MAを上回り、RSIが許容範囲,取引許可,51.48016241242454,160.08831743321315,160.08742176778392,entry_candidate
f0cc7cdf-df46-47a1-816a-f1ddc16631ff,2026-06-11 05:20:00+09:00,USDJPY,rule_based_ai_stub,v0.1,uptrend,long,0.65,medium,True,短期MAが長期MAを上回り、RSIが許容範囲,取引許可,58.987904654176916,160.0885022036134,160.0875118239845,entry_candidate
96299667-0dc8-47bd-94b4-d8642ff93ca3,2026-06-11 05:25:00+09:00,USDJPY,rule_based_ai_stub,v0.1,uptrend,none,0.2,low,False,条件未達,取引許可,70.56976664789751,160.0886830666836,160.08758409560593,wait
144f94d2-4520-410e-8bcd-13415f996263,2026-06-11 05:30:00+09:00,USDJPY,rule_based_ai_stub,v0.1,uptrend,none,0.2,low,False,条件未達,取引許可,75.09723791551183,160.08891252417968,160.08768751689752,wait
01daa179-229b-4486-aaf7-4c599d7f8003,2026-06-11 05:35:00+09:00,USDJPY,rule_based_ai_stub,v0.1,uptrend,none,0.2,low,False,条件未達,取引許可,71.13390065886568,160.0891371296157,160.08780502167886,wait
cfef8593-bae3-4b2d-9bba-a3254152708e,2026-06-11 05:40:00+09:00,USDJPY,rule_based_ai_stub,v0.1,uptrend,long,0.65,medium,True,短期MAが長期MAを上回り、RSIが許容範囲,取引許可,68.9474034672874,160.08932894381232,160.08792904460583,entry_candidate
4fd7a8f3-5f16-4b47-90a8-c1a46230cfbd,2026-06-11 05:45:00+09:00,USDJPY,rule_based_ai_stub,v0.1,uptrend,long,0.65,medium,True,短期MAが長期MAを上回り、RSIが許容範囲,取引許可,61.790353385671374,160.0894632512325,160.0880573942625,entry_candidate
57a81840-133b-4e99-a049-f0d8dbc458ff,2026-06-11 05:50:00+09:00,USDJPY,rule_based_ai_stub,v0.1,uptrend,long,0.65,medium,True,短期MAが長期MAを上回り、RSIが許容範囲,取引許可,63.17139500424461,160.08975659895333,160.08821170282212,entry_candidate
ecdd8c99-b81e-4dad-9081-8a25c82b61fa,2026-06-11 05:55:00+09:00,USDJPY,rule_based_ai_stub,v0.1,uptrend,long,0.65,medium,True,短期MAが長期MAを上回り、RSIが許容範囲,取引許可,59.87169032393913,160.09003778099597,160.0883604326568,entry_candidate
cad1308c-c8b0-416f-b710-04844d69b923,2026-06-11 06:00:00+09:00,USDJPY,rule_based_ai_stub,v0.1,uptrend,long,0.65,medium,True,短期MAが長期MAを上回り、RSIが許容範囲,取引許可,67.82081065102568,160.0902516573784,160.08849751891296,entry_candidate
e1c8007d-8ada-4eaa-8066-479bc5acf15f,2026-06-11 06:05:00+09:00,USDJPY,rule_based_ai_stub,v0.1,uptrend,long,0.65,medium,True,短期MAが長期MAを上回り、RSIが許容範囲,取引許可,66.98704977832921,160.09042436828852,160.08862547579827,entry_candidate
cfe0d369-19bc-4ec3-bd7f-d3dcf1cd8707,2026-06-11 06:10:00+09:00,USDJPY,rule_based_ai_stub,v0.1,uptrend,long,0.65,medium,True,短期MAが長期MAを上回り、RSIが許容範囲,取引許可,60.05495772357014,160.0905798050563,160.08874556433503,entry_candidate
efafae27-23f1-44a0-9559-31c78eaabeb9,2026-06-11 06:15:00+09:00,USDJPY,rule_based_ai_stub,v0.1,uptrend,long,0.65,medium,True,短期MAが長期MAを上回り、RSIが許容範囲,取引許可,57.5704096857454,160.09070837061233,160.08886229112863,entry_candidate
56f3f20e-bdd7-4789-b79d-6ff801622ae9,2026-06-11 06:20:00+09:00,USDJPY,rule_based_ai_stub,v0.1,uptrend,long,0.65,medium,True,短期MAが長期MAを上回り、RSIが許容範囲,取引許可,56.0693597020005,160.09071133557583,160.08893990581205,entry_candidate
68599abf-66e7-4d1a-abde-0f17031c29b4,2026-06-11 06:25:00+09:00,USDJPY,rule_based_ai_stub,v0.1,uptrend,long,0.65,medium,True,短期MAが長期MAを上回り、RSIが許容範囲,取引許可,55.125781223294425,160.09060604645842,160.08901388916317,entry_candidate
0d0dd028-1d64-431b-b40b-0b97274efc8d,2026-06-11 06:30:00+09:00,USDJPY,rule_based_ai_stub,v0.1,uptrend,long,0.65,medium,True,短期MAが長期MAを上回り、RSIが許容範囲,取引許可,46.12317998137272,160.0903624048896,160.08904819208365,entry_candidate
45ca6f20-62e6-4ea8-8f86-dac82526af32,2026-06-11 06:35:00+09:00,USDJPY,rule_based_ai_stub,v0.1,uptrend,long,0.65,medium,True,短期MAが長期MAを上回り、RSIが許容範囲,取引許可,42.5754272348755,160.09016838227686,160.08908281470661,entry_candidate
706628e0-b558-460e-a32e-8ce6a377363f,2026-06-11 06:40:00+09:00,USDJPY,rule_based_ai_stub,v0.1,uptrend,none,0.2,low,False,条件未達,取引許可,26.5327405050124,160.08990433530008,160.08909098850427,wait
571995d8-12d5-430f-a6a1-61a5d9bd2fff,2026-06-11 06:45:00+09:00,USDJPY,rule_based_ai_stub,v0.1,uptrend,none,0.2,low,False,条件未達,取引許可,28.46315792975723,160.08972714752204,160.08909669243988,wait
6e55d027-8f82-4e36-b279-4350b78c44f5,2026-06-11 06:50:00+09:00,USDJPY,rule_based_ai_stub,v0.1,uptrend,none,0.2,low,False,条件未達,取引許可,34.00457709662474,160.08953701098037,160.08911613240642,wait
ae5d3137-62bc-47bf-bd33-99aba4661b52,2026-06-11 06:55:00+09:00,USDJPY,rule_based_ai_stub,v0.1,uptrend,none,0.2,low,False,条件未達,取引許可,37.13403359677004,160.08937960359805,160.08915914697653,wait
424abb46-6f30-46b1-a18b-9b2019d717db,2026-06-11 07:00:00+09:00,USDJPY,rule_based_ai_stub,v0.1,downtrend,none,0.2,low,False,条件未達,取引許可,25.272079831449233,160.08917546149297,160.08919484428836,wait
601eaf2a-d941-412b-bbfc-089ebdb3b65d,2026-06-11 07:05:00+09:00,USDJPY,rule_based_ai_stub,v0.1,downtrend,none,0.2,low,False,条件未達,取引許可,27.854036295448083,160.08901465828302,160.08921261355692,wait
379ba826-917b-4810-95de-52d0e7c3563b,2026-06-11 07:10:00+09:00,USDJPY,rule_based_ai_stub,v0.1,downtrend,short,0.65,medium,True,短期MAが長期MAを下回り、RSIが許容範囲,取引許可,34.70759934941644,160.08894228467483,160.08925085986536,entry_candidate
ad519e81-0914-4f2c-ae79-5fb28369de1d,2026-06-11 07:15:00+09:00,USDJPY,rule_based_ai_stub,v0.1,downtrend,short,0.65,medium,True,短期MAが長期MAを下回り、RSIが許容範囲,取引許可,40.240003925591765,160.08892147956973,160.08931576113173,entry_candidate
8d46b71f-6d7f-4010-9671-0bbb6c56c035,2026-06-11 07:20:00+09:00,USDJPY,rule_based_ai_stub,v0.1,downtrend,short,0.65,medium,True,短期MAが長期MAを下回り、RSIが許容範囲,取引許可,40.49191791653014,160.08890450751295,160.08937268223406,entry_candidate
d3072701-50d0-416b-9cee-ed73640af44a,2026-06-11 07:25:00+09:00,USDJPY,rule_based_ai_stub,v0.1,downtrend,short,0.65,medium,True,短期MAが長期MAを下回り、RSIが許容範囲,取引許可,47.580734576303215,160.08893868542387,160.08940926618862,entry_candidate
9127adba-1a7a-4bce-a295-4994d80b2b65,2026-06-11 07:30:00+09:00,USDJPY,rule_based_ai_stub,v0.1,downtrend,short,0.65,medium,True,短期MAが長期MAを下回り、RSIが許容範囲,取引許可,45.07373400794123,160.08894516216705,160.08940669707874,entry_candidate
744fb835-572d-43ae-a370-090e10f80a1b,2026-06-11 07:35:00+09:00,USDJPY,rule_based_ai_stub,v0.1,downtrend,short,0.65,medium,True,短期MAが長期MAを下回り、RSIが許容範囲,取引許可,51.548034815935566,160.08894404019017,160.08941651736092,entry_candidate
35e787bf-597e-4cd0-8174-fcf0fa67c701,2026-06-11 07:40:00+09:00,USDJPY,rule_based_ai_stub,v0.1,downtrend,short,0.65,medium,True,短期MAが長期MAを下回り、RSIが許容範囲,取引許可,56.626755868576694,160.08901859171831,160.0894172902769,entry_candidate
e163e1d1-1c44-4946-8dcf-fe09671f9a6e,2026-06-11 07:45:00+09:00,USDJPY,rule_based_ai_stub,v0.1,downtrend,short,0.65,medium,True,短期MAが長期MAを下回り、RSIが許容範囲,取引許可,50.627910397898304,160.08906672575156,160.08941904150205,entry_candidate
482b9e9a-b4cd-43d5-902e-09551203d7c9,2026-06-11 07:50:00+09:00,USDJPY,rule_based_ai_stub,v0.1,downtrend,short,0.65,medium,True,短期MAが長期MAを下回り、RSIが許容範囲,取引許可,52.190438129105594,160.08901203253728,160.089435214157,entry_candidate
6da1ffcb-ec46-412f-ae87-10a63d592fa9,2026-06-11 07:55:00+09:00,USDJPY,rule_based_ai_stub,v0.1,downtrend,short,0.65,medium,True,短期MAが長期MAを下回り、RSIが許容範囲,取引許可,46.06257296838919,160.0889386650951,160.08945201656306,entry_candidate
d9de5fb5-f4e7-41ff-8ff0-c75d315a8476,2026-06-11 08:00:00+09:00,USDJPY,rule_based_ai_stub,v0.1,downtrend,short,0.65,medium,True,短期MAが長期MAを下回り、RSIが許容範囲,取引許可,41.76675023525634,160.0889279344643,160.08945168444518,entry_candidate
31a693df-ba80-4b04-b33e-facaf03a7978,2026-06-11 08:05:00+09:00,USDJPY,rule_based_ai_stub,v0.1,downtrend,short,0.65,medium,True,短期MAが長期MAを下回り、RSIが許容範囲,取引許可,51.76798559656631,160.08899017908985,160.0894764018871,entry_candidate
b9534ee8-9751-4909-b2ae-a111774ba8e1,2026-06-11 08:10:00+09:00,USDJPY,rule_based_ai_stub,v0.1,downtrend,short,0.65,medium,True,短期MAが長期MAを下回り、RSIが許容範囲,取引許可,52.219329637977495,160.08896157206763,160.08949455393292,entry_candidate
1ab98035-e07f-4f07-a375-2b1b4bd894f4,2026-06-11 08:15:00+09:00,USDJPY,rule_based_ai_stub,v0.1,downtrend,short,0.65,medium,True,短期MAが長期MAを下回り、RSIが許容範囲,取引許可,55.78150382916405,160.08894617899904,160.08952534306036,entry_candidate
64ab7875-5358-43a3-8cc2-523521617605,2026-06-11 08:20:00+09:00,USDJPY,rule_based_ai_stub,v0.1,downtrend,short,0.65,medium,True,短期MAが長期MAを下回り、RSIが許容範囲,取引許可,39.560559871023116,160.08885299529427,160.08948961279435,entry_candidate
60185a63-d105-454e-8850-6332c6e70c55,2026-06-11 08:25:00+09:00,USDJPY,rule_based_ai_stub,v0.1,downtrend,short,0.65,medium,True,短期MAが長期MAを下回り、RSIが許容範囲,取引許可,36.281849458616485,160.08870638687037,160.08941703958422,entry_candidate
1baa27af-3321-4a22-b287-37bc97f4264c,2026-06-11 08:30:00+09:00,USDJPY,rule_based_ai_stub,v0.1,downtrend,short,0.65,medium,True,短期MAが長期MAを下回り、RSIが許容範囲,取引許可,38.054308078787784,160.08861334010737,160.0893069690547,entry_candidate
7efc2238-654a-42f7-b9c5-c952c7ae2342,2026-06-11 08:35:00+09:00,USDJPY,rule_based_ai_stub,v0.1,downtrend,short,0.65,medium,True,短期MAが長期MAを下回り、RSIが許容範囲,取引許可,31.94082798979828,160.08844074119796,160.08918438788837,entry_candidate
b25d6851-c647-4fd0-b46b-9cadaf4ef661,2026-06-11 08:40:00+09:00,USDJPY,rule_based_ai_stub,v0.1,downtrend,short,0.65,medium,True,短期MAが長期MAを下回り、RSIが許容範囲,取引許可,32.44684383400181,160.08820088660445,160.0890412712076,entry_candidate
6723af22-ade4-409b-a6eb-7b5cffa3a40b,2026-06-11 08:45:00+09:00,USDJPY,rule_based_ai_stub,v0.1,downtrend,none,0.2,low,False,条件未達,取引許可,25.89266577422694,160.08794303345667,160.08891230224344,wait
dec766e5-2996-4fbb-8162-fb1f2004343b,2026-06-11 08:50:00+09:00,USDJPY,rule_based_ai_stub,v0.1,downtrend,none,0.2,low,False,条件未達,取引許可,25.055192585768097,160.08774171923523,160.08876358758428,wait
404e8f5f-ace8-4f19-8e74-17b6802f99bc,2026-06-11 08:55:00+09:00,USDJPY,rule_based_ai_stub,v0.1,downtrend,none,0.2,low,False,条件未達,取引許可,25.351690925181657,160.08757537260894,160.08863121376737,wait
