timestamp,symbol,timeframe,open,high,low,close,spread
2026-06-01 09:00:00+09:00,USDJPY,5m,160.00150589052254,160.01700975484766,159.97549453430128,160.00030802849182,0.005850611668994919
2026-06-01 09:05:00+09:00,USDJPY,5m,159.9962534513744,160.0168925552346,159.99056238749984,160.0002350699111,0.009521411357398367
2026-06-01 09:10:00+09:00,USDJPY,5m,159.99397636933134,160.02464807409532,159.99396718728838,160.00063368303395,0.007252817376331412
2026-06-01 09:15:00+09:00,USDJPY,5m,159.99970097571978,160.0104198060479,159.97159348078316,160.0015575009478,0.015772007187917297
2026-06-01 09:20:00+09:00,USDJPY,5m,159.99607247621879,160.01860864277546,159.99580657863686,160.00142700892297,0.015752227261982974
2026-06-01 09:25:00+09:00,USDJPY,5m,160.0019925462872,160.01704615710182,159.97541542524482,160.0012965267488,0.007264018297953126
2026-06-01 09:30:00+09:00,USDJPY,5m,159.99623062504384,160.02217682170178,159.98811988339935,160.0022540544381,0.0034650256993936923
2026-06-01 09:35:00+09:00,USDJPY,5m,160.0028926348085,160.03271345785686,159.97668412878164,160.0027245152756,0.0022057881800996728
2026-06-01 09:40:00+09:00,USDJPY,5m,159.9956004009414,160.0266890529961,159.98358731836376,160.00245283064405,0.009694109598364739
2026-06-01 09:45:00+09:00,USDJPY,5m,160.00620786085992,160.01773500924563,159.97524758593303,160.0027883666702,0.009386076698043876
2026-06-01 09:50:00+09:00,USDJPY,5m,160.00759906974332,160.02820914236136,159.97436549139414,160.0025203160545,0.019791017815517536
2026-06-01 09:55:00+09:00,USDJPY,5m,159.99445876288738,160.0115185872852,159.99702342367036,160.00225087820237,0.010456437362558234
2026-06-01 10:00:00+09:00,USDJPY,5m,160.00176210380604,160.008167647723,159.9955207511655,160.0024060555653,0.006615530652357572
2026-06-01 10:05:00+09:00,USDJPY,5m,159.9926855214316,160.01137929673013,159.99000911917923,160.0012680874185,0.018042129938566416
2026-06-01 10:10:00+09:00,USDJPY,5m,160.00220678562985,160.01375342562187,159.97851025130993,160.000243136719,0.010839223093764413
2026-06-01 10:15:00+09:00,USDJPY,5m,159.99520385016007,160.01768028313796,159.97270895928867,159.99991576420146,0.012785161433790403
2026-06-01 10:20:00+09:00,USDJPY,5m,159.99987055466602,160.01969629404277,159.9828195167469,159.99931806552925,0.0037220367877078284
2026-06-01 10:25:00+09:00,USDJPY,5m,159.9998658341165,160.02728175685917,159.97934228602196,159.99951661392882,0.008892495331935934
2026-06-01 10:30:00+09:00,USDJPY,5m,160.00746888640737,160.01672814972224,159.9892693031636,159.9989817994835,0.018996026140528165
2026-06-01 10:35:00+09:00,USDJPY,5m,159.99912608171408,160.01567630837835,159.97302024641564,159.9981444172627,0.012611096915157658
2026-06-01 10:40:00+09:00,USDJPY,5m,160.0006937761184,160.0052898817696,159.9698506037402,159.99903380652404,0.00820103339256431
2026-06-01 10:45:00+09:00,USDJPY,5m,159.99694140325903,160.00478112956017,159.9871933674209,159.99890834074375,0.013262009251368678
2026-06-01 10:50:00+09:00,USDJPY,5m,160.00794044973023,160.01773785671446,159.98158820887656,159.99895885766657,0.01838739961240609
2026-06-01 10:55:00+09:00,USDJPY,5m,160.00365772694363,160.01406847408606,159.99096110599217,159.99811400875484,0.006931830808506622
2026-06-01 11:00:00+09:00,USDJPY,5m,159.99350548492617,160.02377688899463,159.97881896270854,159.99779737912013,0.01109210093247214
2026-06-01 11:05:00+09:00,USDJPY,5m,160.0047581243895,160.00689092229177,159.9803043466278,159.99787393267397,0.0192564317704116
2026-06-01 11:10:00+09:00,USDJPY,5m,159.9958412637312,160.0028176280804,159.9885824244236,159.9971933365275,0.005103130579372148
2026-06-01 11:15:00+09:00,USDJPY,5m,160.00400209820918,160.01365472453676,159.98137710001058,159.99742875533852,0.01495395066074081
2026-06-01 11:20:00+09:00,USDJPY,5m,160.00353613349043,160.00801533604334,159.98372575582238,159.99707837212455,0.013060658147653684
2026-06-01 11:25:00+09:00,USDJPY,5m,159.99069075960995,160.00315371520816,159.97886758399204,159.99691335587468,0.014234152360531428
2026-06-01 11:30:00+09:00,USDJPY,5m,160.000585154535,160.01967728907854,159.97692097352163,159.99656233190734,0.008321953352016255
2026-06-01 11:35:00+09:00,USDJPY,5m,159.99349655820416,160.00547352381696,159.99247130935285,159.99768369881804,0.0076498287227077695
2026-06-01 11:40:00+09:00,USDJPY,5m,159.99363545388306,160.0178935879834,159.97366045090948,159.9976856004832,0.01431577407059067
2026-06-01 11:45:00+09:00,USDJPY,5m,159.99298793546345,160.00908721768002,159.9742356166293,159.99706097392584,0.005879779131881816
2026-06-01 11:50:00+09:00,USDJPY,5m,160.00207586582428,160.00690190213197,159.98340734121794,159.9975645008731,0.009553785407462094
2026-06-01 11:55:00+09:00,USDJPY,5m,159.99143851551895,160.0113357827561,159.9905185962939,159.9968419946831,0.005387143628952524
2026-06-01 12:00:00+09:00,USDJPY,5m,159.98699542954503,160.02201345724566,159.97310399934548,159.9969773128401,0.0021494871402199353
2026-06-01 12:05:00+09:00,USDJPY,5m,160.00011624783542,160.01061385018838,159.96693213175382,159.99581151076578,0.01946103248068525
2026-06-01 12:10:00+09:00,USDJPY,5m,159.98844829401315,160.01879384036673,159.98402080923591,159.99502459913646,0.009770653615815545
2026-06-01 12:15:00+09:00,USDJPY,5m,159.98724236378413,160.00328987329794,159.98206460053453,159.99515271587796,0.019448293059556858
2026-06-01 12:20:00+09:00,USDJPY,5m,159.99035611823786,160.0199250813176,159.98601047358895,159.99560579582598,0.004525823355820869
2026-06-01 12:25:00+09:00,USDJPY,5m,159.99331662724114,160.00664194991734,159.97629521371107,159.99571861679468,0.012572602030234751
2026-06-01 12:30:00+09:00,USDJPY,5m,159.99517735437473,160.01759405607248,159.98678819295907,159.99565922782526,0.005617532590242313
2026-06-01 12:35:00+09:00,USDJPY,5m,159.98637996642216,160.01463310447892,159.98158371702138,159.9954885656079,0.016221334285338947
2026-06-01 12:40:00+09:00,USDJPY,5m,160.00402291906622,160.02284007034396,159.9721861270653,159.99461145241366,0.016106653797697556
2026-06-01 12:45:00+09:00,USDJPY,5m,159.99851080695703,160.00887260883803,159.9751866463134,159.99418954588864,0.004026928682707613
2026-06-01 12:50:00+09:00,USDJPY,5m,159.99038704393254,160.00057729234692,159.97926159851787,159.99392316262606,0.018417160151775004
2026-06-01 12:55:00+09:00,USDJPY,5m,159.9909413811075,160.00004632310058,159.9790611959166,159.99456743596178,0.0055033336496580435
2026-06-01 13:00:00+09:00,USDJPY,5m,159.9937544579229,160.02045507095985,159.97573083486995,159.99478360693553,0.013033592148608487
2026-06-01 13:05:00+09:00,USDJPY,5m,159.9962606792976,160.01185417378386,159.98858916464513,159.99373578284232,0.019741405161578678
2026-06-01 13:10:00+09:00,USDJPY,5m,159.98686769455574,160.01832133451984,159.98697748651261,159.99394023322395,0.01788313762579455
2026-06-01 13:15:00+09:00,USDJPY,5m,159.987497780131,160.004579823856,159.96668773216163,159.99371918385572,0.019218150714101045
2026-06-01 13:20:00+09:00,USDJPY,5m,160.00051172231218,160.00695012429335,159.98637605592825,159.99332303065552,0.00816677788192615
2026-06-01 13:25:00+09:00,USDJPY,5m,159.98882513490662,159.9994526332341,159.97102994652357,159.99370003642883,0.003900361559950341
2026-06-01 13:30:00+09:00,USDJPY,5m,159.9919325361018,160.02336594425665,159.96632768203958,159.9943286361423,0.005390243719210102
2026-06-01 13:35:00+09:00,USDJPY,5m,160.0023228412328,160.0165941018813,159.98313031410623,159.9948974042138,0.01100890811137905
2026-06-01 13:40:00+09:00,USDJPY,5m,159.99766683028787,160.02273400089385,159.98014158777337,159.99440387369987,0.016278134208919798
2026-06-01 13:45:00+09:00,USDJPY,5m,159.99106258386118,160.00586575646008,159.97500531112823,159.99422834627435,0.004702765595309754
2026-06-01 13:50:00+09:00,USDJPY,5m,159.99811109524768,160.01472369461385,159.96739438009223,159.9944371043332,0.01387516758069363
2026-06-01 13:55:00+09:00,USDJPY,5m,159.9854260957171,160.0169949306168,159.96648479172796,159.99503243140947,0.007824396872711213
2026-06-01 14:00:00+09:00,USDJPY,5m,159.999467780067,160.0076936693732,159.971265845664,159.99475492686676,0.008141637303058764
2026-06-01 14:05:00+09:00,USDJPY,5m,159.9943938522911,160.02085626235615,159.9874880374594,159.99465353148076,0.013914519142842675
2026-06-01 14:10:00+09:00,USDJPY,5m,160.00026337344204,160.02267876706884,159.97227087660798,159.99399973049634,0.010405989551597964
2026-06-01 14:15:00+09:00,USDJPY,5m,160.00238475956203,160.0204133844643,159.9780344134751,159.9932920065219,0.016616599274467892
2026-06-01 14:20:00+09:00,USDJPY,5m,160.00230529300524,160.01726619641383,159.97702199702806,159.99378952201533,0.004806533173930887
2026-06-01 14:25:00+09:00,USDJPY,5m,160.0027985669016,160.0065498830256,159.98838455627384,159.99461326603247,0.016219068855806693
2026-06-01 14:30:00+09:00,USDJPY,5m,159.99482345907822,160.00662046101218,159.98480350647588,159.99458005995953,0.003156234465033576
2026-06-01 14:35:00+09:00,USDJPY,5m,159.99239502198105,160.02427618770943,159.97042933950993,159.99519217969828,0.00549296984442089
2026-06-01 14:40:00+09:00,USDJPY,5m,159.9947198678079,160.0006762737117,159.9790701904871,159.9954191613133,0.01381069486105698
2026-06-01 14:45:00+09:00,USDJPY,5m,159.9988400095268,160.01794333879158,159.98250053341974,159.99504208946053,0.017388661817199284
2026-06-01 14:50:00+09:00,USDJPY,5m,160.00294888236127,160.01792508088775,159.98066844997473,159.99526892682385,0.0065482332993082835
2026-06-01 14:55:00+09:00,USDJPY,5m,159.99034147482374,160.01676898728746,159.9698417609306,159.99620174876372,0.007889448904920434
2026-06-01 15:00:00+09:00,USDJPY,5m,160.00455411630946,160.0259429742924,159.9724652777051,159.99619025314024,0.01166817346916132
2026-06-01 15:05:00+09:00,USDJPY,5m,160.00344264397313,160.00993602522783,159.9853311544042,159.99713903933375,0.005808310516807443
2026-06-01 15:10:00+09:00,USDJPY,5m,160.00515431257486,160.00907648886613,159.987639646266,159.9955771922713,0.0166008127085751
2026-06-01 15:15:00+09:00,USDJPY,5m,160.00368536923955,160.00305381884758,159.9847803782328,159.9960803337739,0.015925459610103696
2026-06-01 15:20:00+09:00,USDJPY,5m,159.99174130860868,160.01221251542844,159.96812365073848,159.99614256201485,0.004615250815384069
2026-06-01 15:25:00+09:00,USDJPY,5m,159.98809227583143,160.00749937076043,159.9764334366583,159.99597315760457,0.01034893517269938
2026-06-01 15:30:00+09:00,USDJPY,5m,159.98828303551034,160.00962288162495,159.97770120885187,159.9960382140705,0.015946899799783185
2026-06-01 15:35:00+09:00,USDJPY,5m,159.9906801390933,160.02071996747813,159.97494583272942,159.99485567272174,0.008071931559861467
2026-06-01 15:40:00+09:00,USDJPY,5m,159.9970175440687,160.0231209824272,159.98058316294535,159.99473386958903,0.01339592280891917
2026-06-01 15:45:00+09:00,USDJPY,5m,160.00104454365388,160.00460146393206,159.96978046162394,159.99495813713193,0.0029038361862363093
2026-06-01 15:50:00+09:00,USDJPY,5m,160.0038398796984,160.01016759684762,159.97777271732627,159.99585487355878,0.012956397689527725
2026-06-01 15:55:00+09:00,USDJPY,5m,159.99802897911522,160.0237696754807,159.98763521385862,159.99555391142783,0.004747753640010927
2026-06-01 16:00:00+09:00,USDJPY,5m,159.98519144152104,160.0016240267833,159.98685218714536,159.99507881526608,0.016950499852060125
2026-06-01 16:05:00+09:00,USDJPY,5m,159.9885140965703,160.00209677424272,159.97636628237737,159.99478776103993,0.008398090344448612
2026-06-01 16:10:00+09:00,USDJPY,5m,159.9873415263876,160.00441677704072,159.9669327468588,159.99534700231055,0.007067969529107524
2026-06-01 16:15:00+09:00,USDJPY,5m,159.99282074248774,160.0154345738295,159.98284544993444,159.99555425297635,0.017136001580806734
2026-06-01 16:20:00+09:00,USDJPY,5m,159.99527341672677,160.00400820362924,159.9685078676326,159.9952463968541,0.002902592415292584
2026-06-01 16:25:00+09:00,USDJPY,5m,159.98643230088553,160.0247662668502,159.97146196764947,159.99556435731395,0.009138958388018207
2026-06-01 16:30:00+09:00,USDJPY,5m,159.9926021633595,160.01180046702504,159.9844372927709,159.99563260384357,0.008660063730350566
2026-06-01 16:35:00+09:00,USDJPY,5m,159.9898073843304,160.01376173984664,159.99031527212998,159.9962237908379,0.007126406736491916
2026-06-01 16:40:00+09:00,USDJPY,5m,159.99875396230672,160.0069790243767,159.988266377353,159.99581255898156,0.01841157797602659
2026-06-01 16:45:00+09:00,USDJPY,5m,159.9949114090801,160.01239996800447,159.9724136133474,159.9956259616936,0.015516711083301002
2026-06-01 16:50:00+09:00,USDJPY,5m,159.9953070497404,160.01694853761765,159.9854089533507,159.99540069680174,0.003150616955454898
2026-06-01 16:55:00+09:00,USDJPY,5m,159.99308642359352,160.01831201625671,159.9802508148202,159.99453258783285,0.014864374089829175
2026-06-01 17:00:00+09:00,USDJPY,5m,160.00384065420883,160.01856696206684,159.97717778084893,159.9947202599991,0.011491384396318293
2026-06-01 17:05:00+09:00,USDJPY,5m,159.98918159566483,160.01433417097977,159.97175018895115,159.9948868931624,0.018215622099228425
2026-06-01 17:10:00+09:00,USDJPY,5m,159.99523324643326,160.02250895561122,159.98706918065488,159.99489996123637,0.007633021112270453
2026-06-01 17:15:00+09:00,USDJPY,5m,159.99948955632365,160.020204405139,159.9796100488244,159.99476920895634,0.012334915992972494
2026-06-01 17:20:00+09:00,USDJPY,5m,159.9950668747738,160.0178561893786,159.97680316378256,159.99392998651112,0.011013594945337749
2026-06-01 17:25:00+09:00,USDJPY,5m,160.0022680170318,160.00007773735948,159.9751669227182,159.99368759931747,0.010812096312096904
2026-06-01 17:30:00+09:00,USDJPY,5m,159.99105133772036,159.99866391966304,159.96803295457266,159.99349197060755,0.010209897191309828
2026-06-01 17:35:00+09:00,USDJPY,5m,159.9922941203615,160.00333178617592,159.98372864936994,159.99302060424603,0.005701330559581063
2026-06-01 17:40:00+09:00,USDJPY,5m,159.9847042791233,160.01452192266683,159.96773804652335,159.992933832819,0.015602778604863072
2026-06-01 17:45:00+09:00,USDJPY,5m,159.99536624555415,160.00846620055518,159.9708643026407,159.99318626333311,0.010124048589307197
2026-06-01 17:50:00+09:00,USDJPY,5m,159.9900922142428,160.00938813135633,159.97543120451886,159.99432797487384,0.019253292950046907
2026-06-01 17:55:00+09:00,USDJPY,5m,159.98764890235185,160.02155739376727,159.97195452480148,159.99444272156154,0.006694551689469974
2026-06-01 18:00:00+09:00,USDJPY,5m,159.99549787765406,160.02199632299926,159.97930680832218,159.99460725179597,0.01428938911328674
2026-06-01 18:05:00+09:00,USDJPY,5m,159.9952187895141,160.02230196584784,159.98611264459728,159.9945725842465,0.018932907433503954
2026-06-01 18:10:00+09:00,USDJPY,5m,159.98494875434181,160.0062782734302,159.9717871905107,159.99343132151733,0.013942249814289667
2026-06-01 18:15:00+09:00,USDJPY,5m,159.99738972226194,160.01570180851053,159.97530860552493,159.99342541319206,0.017682912337113103
2026-06-01 18:20:00+09:00,USDJPY,5m,159.99594699513102,160.00526238084987,159.97248718130444,159.993471551318,0.016894657275626113
2026-06-01 18:25:00+09:00,USDJPY,5m,159.98873984224045,160.00472474241238,159.9815095270598,159.99495949658552,0.00848211887880207
2026-06-01 18:30:00+09:00,USDJPY,5m,159.99424277724972,160.00446989144032,159.96718241557315,159.99485408000663,0.012802230918910938
2026-06-01 18:35:00+09:00,USDJPY,5m,159.99945146674162,160.0085976989336,159.97536076169766,159.99504500841203,0.004812704116604401
2026-06-01 18:40:00+09:00,USDJPY,5m,159.99562289616102,160.0107831218447,159.98789911924294,159.9950341813502,0.011639465888520793
2026-06-01 18:45:00+09:00,USDJPY,5m,159.99225275605133,160.02011670380404,159.97809787476004,159.99434297452765,0.00614759549265807
2026-06-01 18:50:00+09:00,USDJPY,5m,159.99148543737797,160.00303594555317,159.97112976684775,159.99503866821635,0.015387262669144022
2026-06-01 18:55:00+09:00,USDJPY,5m,159.99770770536887,160.01887297422084,159.97064646399267,159.99549982803597,0.011505051594058244
2026-06-01 19:00:00+09:00,USDJPY,5m,160.0047666211704,160.01427082005893,159.9786195208851,159.9959844472042,0.00940209252736989
2026-06-01 19:05:00+09:00,USDJPY,5m,159.99888371154086,160.0076474482982,159.96808012546052,159.9954488147313,0.006838347731005597
2026-06-01 19:10:00+09:00,USDJPY,5m,159.9877954093906,160.0136209809312,159.98460878038802,159.99630049131787,0.019976572673143164
2026-06-01 19:15:00+09:00,USDJPY,5m,159.99468308014983,160.0079679324246,159.98020441324923,159.9954693806802,0.0032907893759287887
2026-06-01 19:20:00+09:00,USDJPY,5m,160.0036479775667,160.01573354381745,159.96836657217227,159.99583149493648,0.0027840922503035606
2026-06-01 19:25:00+09:00,USDJPY,5m,159.98904501682802,160.01300186638338,159.9697493504002,159.99715576831198,0.005910633208889562
2026-06-01 19:30:00+09:00,USDJPY,5m,160.00634896075965,160.00568158474385,159.97442862729628,159.9965714465169,0.019479304255300756
2026-06-01 19:35:00+09:00,USDJPY,5m,160.00522305575205,160.00415624474303,159.96976715420107,159.99624166787913,0.01962628702975972
2026-06-01 19:40:00+09:00,USDJPY,5m,159.9878769483128,160.01497885075,159.9890921270243,159.9963114586982,0.013788699225898449
2026-06-01 19:45:00+09:00,USDJPY,5m,160.0046876397147,160.02357969913785,159.9693944989005,159.9960193733057,0.01784192000971529
2026-06-01 19:50:00+09:00,USDJPY,5m,159.99236162705225,160.008697917411,159.9820834775833,159.99509897524706,0.005851311155134317
2026-06-01 19:55:00+09:00,USDJPY,5m,160.0020442963735,160.01847511571253,159.98569182522127,159.99515011303197,0.019496757695179223
2026-06-01 20:00:00+09:00,USDJPY,5m,159.99289039755797,160.01598926467722,159.98353848489515,159.9945227308037,0.004570127302512164
2026-06-01 20:05:00+09:00,USDJPY,5m,159.99363398851614,160.02310575911983,159.97936767356174,159.9948168862621,0.003820253387269849
2026-06-01 20:10:00+09:00,USDJPY,5m,159.9969600935411,160.01979975715403,159.98299543160644,159.99427523172156,0.004019807706450912
2026-06-01 20:15:00+09:00,USDJPY,5m,160.0007047407501,160.01438032383723,159.98220100271416,159.99521519236458,0.012316302618906165
2026-06-01 20:20:00+09:00,USDJPY,5m,159.98543102340813,160.01618100284503,159.9863807782374,159.99475524038917,0.016057539212924944
2026-06-01 20:25:00+09:00,USDJPY,5m,159.99643512339,160.02203166514406,159.98216758434046,159.99457200347945,0.008600009201743397
2026-06-01 20:30:00+09:00,USDJPY,5m,159.9888047736918,160.01005808342455,159.97576301844632,159.99507011380987,0.01960212778015028
2026-06-01 20:35:00+09:00,USDJPY,5m,159.9912605855773,160.00751146286646,159.97829525251774,159.99434159522002,0.009819562486129932
2026-06-01 20:40:00+09:00,USDJPY,5m,159.99144744450388,159.99975834827165,159.98082010214986,159.99448807118077,0.004708073913917893
2026-06-01 20:45:00+09:00,USDJPY,5m,159.99466356363777,160.02094613368814,159.97162105361193,159.99528235683334,0.010387401467350461
2026-06-01 20:50:00+09:00,USDJPY,5m,159.99101059513012,160.01935238440268,159.96699011760776,159.9943278668926,0.014222668977603919
2026-06-01 20:55:00+09:00,USDJPY,5m,159.98659586957675,160.00206001016022,159.97052891663515,159.99444864720772,0.01698006404907882
2026-06-01 21:00:00+09:00,USDJPY,5m,159.98752715165477,160.01403601141257,159.9813145593313,159.99461457688426,0.010257829219218674
2026-06-01 21:05:00+09:00,USDJPY,5m,159.98576243031854,160.0116932130615,159.9714826164114,159.99509367060733,0.012684922868885016
2026-06-01 21:10:00+09:00,USDJPY,5m,159.99376648188738,160.00232922756854,159.98556199561895,159.99436150018082,0.006812204818859361
2026-06-01 21:15:00+09:00,USDJPY,5m,160.00266818011002,160.0230934318895,159.9853212765107,159.99357922621297,0.013626497475299253
2026-06-01 21:20:00+09:00,USDJPY,5m,159.9862158956253,160.0042697883389,159.98026171522642,159.99390239115232,0.019747494991106188
2026-06-01 21:25:00+09:00,USDJPY,5m,160.00301587181633,160.00077143645854,159.96889802273017,159.99409058195627,0.00288296430658029
2026-06-01 21:30:00+09:00,USDJPY,5m,159.99891810796112,160.01412206215403,159.98309217148542,159.99425087766647,0.01795755207269302
2026-06-01 21:35:00+09:00,USDJPY,5m,159.99721872265087,160.0179404135205,159.9878874113697,159.9944687465922,0.01212108504981541
2026-06-01 21:40:00+09:00,USDJPY,5m,159.9969762868657,159.9998818179104,159.98577799337906,159.99407073175922,0.006537775872121399
2026-06-01 21:45:00+09:00,USDJPY,5m,160.00075463694546,160.0156880249457,159.9677514597643,159.99422008397752,0.019188014780166643
2026-06-01 21:50:00+09:00,USDJPY,5m,159.9865443247491,160.0127132243603,159.97356134534283,159.99440592746151,0.010700377455060181
2026-06-01 21:55:00+09:00,USDJPY,5m,159.994082403082,160.00156894183257,159.98265728752642,159.99398731661068,0.007970424530120942
2026-06-01 22:00:00+09:00,USDJPY,5m,159.9990586040826,160.004429878241,159.97623438568417,159.99511678131736,0.005266957308875142
2026-06-01 22:05:00+09:00,USDJPY,5m,159.9971474899714,160.01461043850284,159.9772215905093,159.99541108106993,0.006400139784619918
2026-06-01 22:10:00+09:00,USDJPY,5m,160.00136188039207,160.00711523930943,159.97332039951058,159.9947062989716,0.016991282748645968
2026-06-01 22:15:00+09:00,USDJPY,5m,159.986555665317,160.02356812435306,159.98428054227622,159.99511023113678,0.013059380167708986
2026-06-01 22:20:00+09:00,USDJPY,5m,159.99834944292462,160.02000392787176,159.96792534745478,159.99453542213465,0.01843842115078969
2026-06-01 22:25:00+09:00,USDJPY,5m,159.9956982275046,160.02460685305974,159.9822834588449,159.9950176728969,0.006175432138840146
2026-06-01 22:30:00+09:00,USDJPY,5m,159.9933060475239,160.00721460121804,159.97336953889487,159.9957228302443,0.004180494329280226
2026-06-01 22:35:00+09:00,USDJPY,5m,159.992045920498,160.02448351167325,159.989837304694,159.9952404208533,0.0021095755575606203
2026-06-01 22:40:00+09:00,USDJPY,5m,159.9982450991863,160.0116092932756,159.98151201828347,159.99582844653082,0.01114151667708789
2026-06-01 22:45:00+09:00,USDJPY,5m,160.00390602257988,160.00977408496985,159.98229336963803,159.996086115087,0.019969524746875786
2026-06-01 22:50:00+09:00,USDJPY,5m,159.99651286970501,160.00284808935723,159.9780022404684,159.996589351183,0.014509374838735503
2026-06-01 22:55:00+09:00,USDJPY,5m,160.00423189025412,160.00405655841908,159.99091902042815,159.99773742697258,0.00755110265537263
2026-06-01 23:00:00+09:00,USDJPY,5m,159.99564332173986,160.01990047550163,159.97284690975982,159.99760019410297,0.017783454494471093
2026-06-01 23:05:00+09:00,USDJPY,5m,159.98920584166024,160.01360617726522,159.98671343236018,159.99715795240436,0.016071000787783278
2026-06-01 23:10:00+09:00,USDJPY,5m,159.98786435847578,160.0072972843975,159.97470829837454,159.9966342437466,0.0022774729893777065
2026-06-01 23:15:00+09:00,USDJPY,5m,159.9871814450021,160.01650401523375,159.97107445449453,159.99615475757562,0.016703488649738404
2026-06-01 23:20:00+09:00,USDJPY,5m,159.99372149938912,160.00743994950622,159.97707157264392,159.99611849654997,0.007409481630292928
2026-06-01 23:25:00+09:00,USDJPY,5m,159.99307794275157,160.01577398159347,159.9728111075668,159.99633318773485,0.00469412236250482
2026-06-01 23:30:00+09:00,USDJPY,5m,160.00086794268688,160.010489420889,159.97496269440907,159.99650920221444,0.006073955115267343
2026-06-01 23:35:00+09:00,USDJPY,5m,160.00187194219558,160.02260431782918,159.98312726723506,159.99701551216387,0.010434436478752503
2026-06-01 23:40:00+09:00,USDJPY,5m,159.98805039267566,160.02255071731818,159.97181184982315,159.997033313299,0.0096476226872242
2026-06-01 23:45:00+09:00,USDJPY,5m,159.99233789900308,160.01484919369835,159.98554789949816,159.9979154337453,0.007199971388736082
2026-06-01 23:50:00+09:00,USDJPY,5m,159.99325187664854,160.01153711737874,159.97848631670158,159.99776663964536,0.005099929799726589
2026-06-01 23:55:00+09:00,USDJPY,5m,160.00036098082816,160.0134727360593,159.9757737976668,159.99940874114532,0.01572015421355905
2026-06-02 00:00:00+09:00,USDJPY,5m,159.99268444603211,160.02493700469566,159.98532024380864,159.99979414155396,0.01982197610722851
2026-06-02 00:05:00+09:00,USDJPY,5m,159.99196867140813,160.01249433409006,159.98672065682968,159.99928984702012,0.01600024844755443
2026-06-02 00:10:00+09:00,USDJPY,5m,160.00753308930544,160.00888379586394,159.98217366126696,159.99865731152127,0.0073268654180877425
2026-06-02 00:15:00+09:00,USDJPY,5m,160.00504085311636,160.00607400351728,159.97350770761167,159.9989567949704,0.006406561305418401
2026-06-02 00:20:00+09:00,USDJPY,5m,159.99244581534106,160.01550004532135,159.97058467322057,159.99883271729922,0.005917985769186888
2026-06-02 00:25:00+09:00,USDJPY,5m,159.9974024737538,160.01632442006868,159.9806440322742,159.9992711175957,0.004460511340802654
2026-06-02 00:30:00+09:00,USDJPY,5m,159.99667750015558,160.0255877779305,159.97802840503732,159.99956506017043,0.011923949894461423
2026-06-02 00:35:00+09:00,USDJPY,5m,160.00535144430415,160.01006233023398,159.97194952226687,159.99953136282284,0.012897206695160196
2026-06-02 00:40:00+09:00,USDJPY,5m,159.99923754492156,160.0135580684337,159.99156961530664,159.99903328659198,0.014699047891936472
2026-06-02 00:45:00+09:00,USDJPY,5m,159.99069137299705,160.02334452172954,159.98733241381055,159.9981343782572,0.014243840676806025
2026-06-02 00:50:00+09:00,USDJPY,5m,160.00265631054904,160.02346705955466,159.97515396912965,159.99787646928593,0.007261999603100885
2026-06-02 00:55:00+09:00,USDJPY,5m,159.99633806812705,160.013015585462,159.97280669701473,159.99840030856254,0.00794559809714324
2026-06-02 01:00:00+09:00,USDJPY,5m,159.99379724976166,160.01501686539117,159.97211303910075,159.998538764809,0.014267261637962082
2026-06-02 01:05:00+09:00,USDJPY,5m,159.99531129398218,160.01038346881302,159.9824236421204,159.99780132154177,0.008290057534105312
2026-06-02 01:10:00+09:00,USDJPY,5m,159.99787036136945,160.02622910205778,159.99068173254,159.9979152300973,0.005827217413147635
2026-06-02 01:15:00+09:00,USDJPY,5m,159.99501873085347,160.00612251466868,159.98221188359264,159.99815642052513,0.008738050766541314
2026-06-02 01:20:00+09:00,USDJPY,5m,159.99247422151527,160.02597984163847,159.98686774130826,159.99763610606342,0.006897514836403599
2026-06-02 01:25:00+09:00,USDJPY,5m,159.99570838170308,160.01983500242287,159.98545842975207,159.997738341127,0.0035896289819344006
2026-06-02 01:30:00+09:00,USDJPY,5m,159.98816672457306,160.01607257017523,159.9734765774371,159.99778326635806,0.016942500240979763
2026-06-02 01:35:00+09:00,USDJPY,5m,160.00255744110126,160.00292396069895,159.9902193070287,159.99710748417934,0.017356005004826654
2026-06-02 01:40:00+09:00,USDJPY,5m,159.9907510544669,160.0142220613911,159.97164262615854,159.99733215659555,0.005955505403003831
2026-06-02 01:45:00+09:00,USDJPY,5m,159.988556719584,160.01287232993644,159.9819869001658,159.9976786273114,0.0031658995914536315
2026-06-02 01:50:00+09:00,USDJPY,5m,160.00141243191538,160.00736892835664,159.97843685977975,159.99833845805728,0.015298893872321234
2026-06-02 01:55:00+09:00,USDJPY,5m,160.00445946186497,160.020390979376,159.9917394335076,159.9989807392885,0.005807515265541447
2026-06-02 02:00:00+09:00,USDJPY,5m,160.0044407202996,160.02744291035194,159.9847301607088,159.99816413766774,0.009081838809863485
2026-06-02 02:05:00+09:00,USDJPY,5m,159.99748162629697,160.0166661629204,159.9903689196684,159.99761144264377,0.0031544345402728987
2026-06-02 02:10:00+09:00,USDJPY,5m,159.99203782749788,160.0207992957152,159.96889187073208,159.9979304638041,0.006072852525651834
2026-06-02 02:15:00+09:00,USDJPY,5m,160.00299328891967,160.0049599966888,159.9730671941415,159.99824873537466,0.016272241009933446
2026-06-02 02:20:00+09:00,USDJPY,5m,160.00256202552953,160.01400943888186,159.98207694512755,159.99856776398644,0.016479136044473635
2026-06-02 02:25:00+09:00,USDJPY,5m,159.9958148175629,160.00879836500994,159.99029933917274,160.00088940288083,0.005727526847978788
2026-06-02 02:30:00+09:00,USDJPY,5m,160.0093100923045,160.02156183307565,159.972905559556,160.00124193718725,0.008046449211920412
2026-06-02 02:35:00+09:00,USDJPY,5m,159.994020705733,160.03039533052672,159.98831836167818,160.00193327657135,0.004416291543687384
2026-06-02 02:40:00+09:00,USDJPY,5m,160.01216944242128,160.02406012094124,159.99349106683727,160.00251567762945,0.003335107345128603
2026-06-02 02:45:00+09:00,USDJPY,5m,160.01012146859978,160.0098365885881,159.98383740266888,160.00291651238024,0.01985909086007137
2026-06-02 02:50:00+09:00,USDJPY,5m,160.00649532374302,160.01660400595807,159.97414299782483,160.00273735083346,0.013800691122407107
2026-06-02 02:55:00+09:00,USDJPY,5m,160.01197773013132,160.02196931685177,159.99810697510324,160.00320273236574,0.01175773716556974
2026-06-02 03:00:00+09:00,USDJPY,5m,160.0071952606035,160.01782923114038,159.9917959161557,160.00274903723704,0.015778973007295395
2026-06-02 03:05:00+09:00,USDJPY,5m,159.99642608601357,160.02845804633486,159.97415575506272,160.00261694607298,0.017121388874379036
2026-06-02 03:10:00+09:00,USDJPY,5m,160.00117885070654,160.02770250306205,159.99305857877286,160.00233572794428,0.016520865824805095
2026-06-02 03:15:00+09:00,USDJPY,5m,159.99382491291456,160.0226906279305,159.99456376613693,160.00239485242793,0.002297710087217779
2026-06-02 03:20:00+09:00,USDJPY,5m,160.0015867960137,160.01813009619624,159.98453896717294,160.00379364756793,0.005362542167428973
2026-06-02 03:25:00+09:00,USDJPY,5m,160.0075153488471,160.01406669779647,159.97613719287,160.00268328845237,0.01378829543812096
2026-06-02 03:30:00+09:00,USDJPY,5m,160.0008339115852,160.01075190252192,159.98617729912422,160.00310504456658,0.008763668260471334
2026-06-02 03:35:00+09:00,USDJPY,5m,159.99875329855325,160.01601985713106,159.97228330862677,160.00214741504388,0.019684687719099925
2026-06-02 03:40:00+09:00,USDJPY,5m,160.0037813703746,160.0172035688546,159.97989496343595,160.0018742559244,0.013977286267488573
2026-06-02 03:45:00+09:00,USDJPY,5m,160.00998171686257,160.0244331994102,159.99568575360232,160.0025376262826,0.019217880357125718
2026-06-02 03:50:00+09:00,USDJPY,5m,159.99353785814495,160.02404018990146,159.97276539100199,160.00258619429403,0.005626036669624289
2026-06-02 03:55:00+09:00,USDJPY,5m,159.99965895612127,160.0087022509183,159.98675219150778,160.00194954742727,0.017551226506070418
2026-06-02 04:00:00+09:00,USDJPY,5m,159.99469518003804,160.0164118480875,159.9893453018556,160.00153036520172,0.007784341504674057
2026-06-02 04:05:00+09:00,USDJPY,5m,160.00585520886574,160.01149259553154,159.98300114426164,160.0019481238511,0.019812166548280524
2026-06-02 04:10:00+09:00,USDJPY,5m,159.99363439508068,160.01044022150498,159.98891221407655,160.00151990387207,0.004838396097316651
2026-06-02 04:15:00+09:00,USDJPY,5m,160.0049559341974,160.02734233276922,159.9944983413478,160.0016597790258,0.01129411673908988
2026-06-02 04:20:00+09:00,USDJPY,5m,159.9974207395457,160.00774500254764,159.99666141355277,160.00169712212974,0.016271201609068198
2026-06-02 04:25:00+09:00,USDJPY,5m,159.99529449819593,160.01679573381873,159.9850765780982,160.00131616192118,0.009787564650872646
2026-06-02 04:30:00+09:00,USDJPY,5m,160.0113395795313,160.01181761976895,159.97669094281912,160.00261252837478,0.010425513083377642
2026-06-02 04:35:00+09:00,USDJPY,5m,159.9933733713231,160.02998613518014,159.9836950001474,160.00300287978817,0.019754404319103344
2026-06-02 04:40:00+09:00,USDJPY,5m,160.00055333967398,160.02072380706807,159.9718176117626,160.00179779423618,0.009655546705420761
2026-06-02 04:45:00+09:00,USDJPY,5m,159.99235220667427,160.01270418273447,159.98974850068387,160.00191966682505,0.012873297810783146
2026-06-02 04:50:00+09:00,USDJPY,5m,160.00120445590827,160.01909327712534,159.98952121832718,160.00153259494618,0.002981713892152713
2026-06-02 04:55:00+09:00,USDJPY,5m,160.00207500250295,160.02534121393964,159.9930603184412,160.00205405494705,0.01715978144378468
2026-06-02 05:00:00+09:00,USDJPY,5m,159.99802179193188,160.03054149272697,159.99248695279735,160.00158854250398,0.013667024881631785
2026-06-02 05:05:00+09:00,USDJPY,5m,159.9941729361896,160.01204085074525,159.98940003573887,160.0015297006391,0.009272361851530644
2026-06-02 05:10:00+09:00,USDJPY,5m,159.9993704437612,160.02899723730974,159.97702169187465,160.0018426930065,0.0022910517191813556
2026-06-02 05:15:00+09:00,USDJPY,5m,160.00581740492166,160.0307297489772,159.9747282263571,160.002372146123,0.012650038770683072
2026-06-02 05:20:00+09:00,USDJPY,5m,160.00730988445164,160.02957248189207,159.97228478903608,160.00166196827877,0.0022278409127149197
2026-06-02 05:25:00+09:00,USDJPY,5m,160.00208627958503,160.02235662645882,159.99066402618485,160.00147126753726,0.0020216650503623226
2026-06-02 05:30:00+09:00,USDJPY,5m,160.00299298823936,160.02194181671143,159.9741638617102,160.00119630035056,0.013089774118688386
2026-06-02 05:35:00+09:00,USDJPY,5m,159.99482663023352,160.01589456864062,159.98760792557908,160.00081430281102,0.005402307212021977
2026-06-02 05:40:00+09:00,USDJPY,5m,159.99763018201972,160.02569352241278,159.99406256174225,160.00188357535518,0.005453975894925716
2026-06-02 05:45:00+09:00,USDJPY,5m,159.9953744765828,160.02041891484055,159.97538594124376,160.00213656438177,0.013758888184989389
2026-06-02 05:50:00+09:00,USDJPY,5m,159.99637594100926,160.02332598578988,159.98048739314308,160.00139003400918,0.0029665493829087375
2026-06-02 05:55:00+09:00,USDJPY,5m,159.9964484867819,160.01766219877362,159.99283247877537,160.0019507511774,0.007641300106542015
2026-06-02 06:00:00+09:00,USDJPY,5m,160.00362302062342,160.02652145649668,159.98748826345778,160.0032340448956,0.004689774238556344
2026-06-02 06:05:00+09:00,USDJPY,5m,160.00511729916778,160.02947531199206,159.99168208168,160.00386352405195,0.01244317465633761
2026-06-02 06:10:00+09:00,USDJPY,5m,160.0118608504888,160.01162280848743,159.97954203785463,160.00296190207237,0.013911772785093127
2026-06-02 06:15:00+09:00,USDJPY,5m,159.99659277457067,160.028504604518,159.98634595586304,160.00268136162865,0.014980445364782786
2026-06-02 06:20:00+09:00,USDJPY,5m,160.00628502252138,160.02195892161294,159.9737195096905,160.00345150831816,0.006594161904534178
2026-06-02 06:25:00+09:00,USDJPY,5m,160.00938209201854,160.02915355436605,159.99666828208228,160.00303690663878,0.003606495529458512
2026-06-02 06:30:00+09:00,USDJPY,5m,160.00451802757132,160.01909574095419,159.98943781664227,160.00331319829567,0.003416305824954161
2026-06-02 06:35:00+09:00,USDJPY,5m,159.99888805177775,160.0182639908623,159.98674047454998,160.00378797872773,0.009670727872113028
2026-06-02 06:40:00+09:00,USDJPY,5m,159.9984928250452,160.03111833875772,159.9856634815761,160.0032418204448,0.019025199363128874
2026-06-02 06:45:00+09:00,USDJPY,5m,159.99400116629258,160.01449533691988,159.99031770967153,160.00321610523116,0.005919122616446443
2026-06-02 06:50:00+09:00,USDJPY,5m,159.99739022935807,160.02738665295925,159.97805033859967,160.0012813448271,0.006621348824147889
2026-06-02 06:55:00+09:00,USDJPY,5m,160.00556878582236,160.01777722655504,159.97380803540509,160.0006767122423,0.003815998437905461
2026-06-02 07:00:00+09:00,USDJPY,5m,159.9914855264956,160.01838755741525,159.97206718880201,160.00053517135146,0.012900264930090746
2026-06-02 07:05:00+09:00,USDJPY,5m,159.99418240709238,160.01250820847952,159.9746691670223,159.9997965014423,0.01423771173104915
2026-06-02 07:10:00+09:00,USDJPY,5m,160.0049105981953,160.02011200324014,159.974521443292,160.00078594822466,0.013572761746893681
2026-06-02 07:15:00+09:00,USDJPY,5m,160.00559089465435,160.0130681433048,159.9811742308824,159.9999378633979,0.017500344374806062
2026-06-02 07:20:00+09:00,USDJPY,5m,159.9987902049071,160.0056655720619,159.97403663104518,159.99968383670586,0.010755665030469291
2026-06-02 07:25:00+09:00,USDJPY,5m,160.0037337678218,160.01157224618584,159.98718468332353,159.99977228105223,0.00442022673380716
2026-06-02 07:30:00+09:00,USDJPY,5m,159.99840608839875,160.00580652111083,159.98568507597292,160.00064704502566,0.007209292352679428
2026-06-02 07:35:00+09:00,USDJPY,5m,159.99299379263545,160.0292543974114,159.9868727023895,159.99979552773496,0.013923739521584334
2026-06-02 07:40:00+09:00,USDJPY,5m,159.9984664158567,160.02964710623175,159.98381874260008,160.00050342598627,0.013036195527348079
2026-06-02 07:45:00+09:00,USDJPY,5m,160.0021189222269,160.01539844825967,159.9883800754169,160.00051956582286,0.011558056335373325
2026-06-02 07:50:00+09:00,USDJPY,5m,160.0089017262693,160.02314993199073,159.97090037457588,159.99994066063223,0.01429335953639637
2026-06-02 07:55:00+09:00,USDJPY,5m,159.99160294175857,160.01387307517706,159.98740680701664,160.0002279227168,0.013473035306719389
2026-06-02 08:00:00+09:00,USDJPY,5m,160.00050524041103,160.0221346874613,159.99290624508137,160.00035735853413,0.01786384801036913
2026-06-02 08:05:00+09:00,USDJPY,5m,159.99658562397207,160.025142979484,159.98183679925657,160.00000722840784,0.01254829479460934
2026-06-02 08:10:00+09:00,USDJPY,5m,160.00022534354437,160.02872801577615,159.9936316326977,160.00005910965885,0.016014824456610018
2026-06-02 08:15:00+09:00,USDJPY,5m,159.99031743044827,160.01484322839696,159.99207434234302,159.99983792150073,0.0064767288073964225
2026-06-02 08:20:00+09:00,USDJPY,5m,159.9961765390019,160.02449848148177,159.98943129717796,159.99991603190787,0.014207286522603226
2026-06-02 08:25:00+09:00,USDJPY,5m,160.00672067326312,160.01197152157837,159.98371455406553,160.00032331031258,0.018239494130888163
2026-06-02 08:30:00+09:00,USDJPY,5m,160.00236375507936,160.03104322799712,159.98545364709454,160.00128492040227,0.008943181902196999
2026-06-02 08:35:00+09:00,USDJPY,5m,159.9995638809593,160.0061964710721,159.9755599345529,160.00055223110297,0.01602387537209564
2026-06-02 08:40:00+09:00,USDJPY,5m,159.99755255256207,160.0219302712903,159.97835518478067,160.00184205112777,0.015046207421517839
2026-06-02 08:45:00+09:00,USDJPY,5m,159.99664164890387,160.02216844798934,159.9850228410983,160.00068079844806,0.003071471543692805
2026-06-02 08:50:00+09:00,USDJPY,5m,159.99826175606285,160.02280086631788,159.98725712220164,160.00059972739103,0.012467149573233303
2026-06-02 08:55:00+09:00,USDJPY,5m,160.0076741319142,160.00897240718464,159.98805099811338,160.0009627177149,0.0043434082856144435
2026-06-02 09:00:00+09:00,USDJPY,5m,160.01048557697172,160.02960455742237,159.9767914356532,160.00114131283556,0.019411745100150646
2026-06-02 09:05:00+09:00,USDJPY,5m,159.99955080075068,160.0103072750999,159.99447588296815,160.00077769312367,0.016605335048611815
2026-06-02 09:10:00+09:00,USDJPY,5m,159.99852987654842,160.02123165485446,159.99534227853567,160.00066281977345,0.003975028422448162
2026-06-02 09:15:00+09:00,USDJPY,5m,160.00730803472905,160.01094392119074,159.9754884094145,160.00037701921266,0.004191535957658211
2026-06-02 09:20:00+09:00,USDJPY,5m,159.9985715067712,160.01271381078402,159.98310474095877,160.0000334003585,0.012700529388427143
2026-06-02 09:25:00+09:00,USDJPY,5m,160.00159352506265,160.01921462515992,159.9922811331529,160.00055316161672,0.0082080051351173
2026-06-02 09:30:00+09:00,USDJPY,5m,159.99539620420026,160.0162072063724,159.9898882225434,160.00077737090828,0.0026283054633159672
2026-06-02 09:35:00+09:00,USDJPY,5m,160.00524167586673,160.00937726517554,159.9720590263237,160.00037162515113,0.011749547140994956
2026-06-02 09:40:00+09:00,USDJPY,5m,160.00156115144182,160.01019479513693,159.97443381068578,160.0009213850764,0.008981211794345245
2026-06-02 09:45:00+09:00,USDJPY,5m,160.00729645579372,160.01656938449298,159.97837113853333,160.00111576478892,0.003819376862691368
2026-06-02 09:50:00+09:00,USDJPY,5m,160.0072281366608,160.02554555651713,159.98455785130182,160.00161348206024,0.01643456706060769
2026-06-02 09:55:00+09:00,USDJPY,5m,159.99630135473078,160.02945037553658,159.9839931687106,160.0020012593654,0.01847138177501851
2026-06-02 10:00:00+09:00,USDJPY,5m,160.00582657336997,160.00861705391532,159.97213274897672,160.00151386235882,0.015618690812254341
2026-06-02 10:05:00+09:00,USDJPY,5m,160.00718884189374,160.0160153514237,159.9720434926376,160.0011877537347,0.016803601580292996
2026-06-02 10:10:00+09:00,USDJPY,5m,159.99856827471342,160.00915226899085,159.99126440375312,160.00164612989778,0.005896830210790113
2026-06-02 10:15:00+09:00,USDJPY,5m,159.99547453431506,160.00743716407285,159.9767447378994,160.00202235205703,0.006744313116534818
2026-06-02 10:20:00+09:00,USDJPY,5m,159.99207245421226,160.02356277816676,159.9920887444465,160.00201981110067,0.005753495725385379
2026-06-02 10:25:00+09:00,USDJPY,5m,160.00111828059252,160.02216144357982,159.99176177058354,160.00210020753065,0.01577114176458015
2026-06-02 10:30:00+09:00,USDJPY,5m,159.9999254610989,160.0119522843135,159.980974480614,160.00287680646812,0.019062507420820947
2026-06-02 10:35:00+09:00,USDJPY,5m,160.00363006031134,160.01337718446214,159.98740683617015,160.00253186363483,0.01490306972121025
2026-06-02 10:40:00+09:00,USDJPY,5m,159.99663094391528,160.00846281590464,159.97458151188584,160.0028701220635,0.01786640176783201
2026-06-02 10:45:00+09:00,USDJPY,5m,160.0099521174254,160.0286324866144,159.99553356309966,160.00275880647206,0.013496583707897107
2026-06-02 10:50:00+09:00,USDJPY,5m,159.9977933020627,160.03200546265134,159.98485005672987,160.00263819775012,0.008977878210058384
2026-06-02 10:55:00+09:00,USDJPY,5m,159.99783605596306,160.01169395228118,159.97534442560024,160.00330746386132,0.009663709068745495
2026-06-02 11:00:00+09:00,USDJPY,5m,160.00342699480038,160.01459959401484,159.9762098721587,160.0038127136707,0.003355785779013287
2026-06-02 11:05:00+09:00,USDJPY,5m,160.0042878399272,160.031021057551,159.99539758911692,160.00431081945231,0.0025662295144284696
2026-06-02 11:10:00+09:00,USDJPY,5m,159.9994058113123,160.0332657016855,159.9909381642342,160.0051041067366,0.014518560875403394
2026-06-02 11:15:00+09:00,USDJPY,5m,160.0005639235761,160.02061739361176,159.98464867404041,160.00512670904158,0.009891720056201252
2026-06-02 11:20:00+09:00,USDJPY,5m,159.99893998560748,160.01181144263109,159.9965610087051,160.00554588082437,0.011939871224983332
2026-06-02 11:25:00+09:00,USDJPY,5m,160.00973892433686,160.01135451661273,159.97616916646925,160.0053697207704,0.012037902457203495
2026-06-02 11:30:00+09:00,USDJPY,5m,160.01097600120698,160.02492296723364,159.97770548736372,160.0055742205819,0.006992764639999426
2026-06-02 11:35:00+09:00,USDJPY,5m,160.00475270469846,160.02032851247162,159.99633238027343,160.00550613474928,0.010566065194930833
2026-06-02 11:40:00+09:00,USDJPY,5m,160.009856072782,160.01129064301773,159.99754544579676,160.00557433232828,0.010473683990018641
2026-06-02 11:45:00+09:00,USDJPY,5m,160.01066013438228,160.02552273635135,159.99880621447332,160.00594142654353,0.008991689982101427
2026-06-02 11:50:00+09:00,USDJPY,5m,159.99822600468715,160.01074305754832,159.97772440253266,160.0054604941336,0.01677215690121927
2026-06-02 11:55:00+09:00,USDJPY,5m,160.01604948699568,160.03141022545273,159.9968853312541,160.006725926499,0.010120952066376728
2026-06-02 12:00:00+09:00,USDJPY,5m,160.01255295501204,160.0187931366377,159.9907251928565,160.0061323160701,0.012865601441107781
2026-06-02 12:05:00+09:00,USDJPY,5m,159.99950347212635,160.01142025297767,159.98919251876114,160.00541380290244,0.01811936216685487
2026-06-02 12:10:00+09:00,USDJPY,5m,159.99984197014146,160.02582747495111,159.9861433933212,160.00611866942654,0.017592205211460606
2026-06-02 12:15:00+09:00,USDJPY,5m,159.99911688995448,160.02154577740373,159.99981028344922,160.0066036670429,0.018027599668024974
2026-06-02 12:20:00+09:00,USDJPY,5m,159.999755710184,160.03633314926708,159.99631917349814,160.00698813893314,0.006860089936370252
2026-06-02 12:25:00+09:00,USDJPY,5m,160.01233838221927,160.0259801128013,159.97908788656574,160.0073751462387,0.002629684789545131
2026-06-02 12:30:00+09:00,USDJPY,5m,160.006770883314,160.0192587777009,159.97966754549327,160.00737779817499,0.006699202398115926
2026-06-02 12:35:00+09:00,USDJPY,5m,160.0125081290069,160.02958541716794,159.98231717936696,160.0068494455521,0.007016732221172757
2026-06-02 12:40:00+09:00,USDJPY,5m,160.011830026174,160.01869222835057,160.00141989714655,160.006904928287,0.018368485881049425
2026-06-02 12:45:00+09:00,USDJPY,5m,160.00860088553023,160.0341147135453,159.99333346204773,160.00650863126012,0.013686369191083472
2026-06-02 12:50:00+09:00,USDJPY,5m,160.01083103523175,160.02147175236286,159.9864047347166,160.00710370310017,0.003470671272840118
2026-06-02 12:55:00+09:00,USDJPY,5m,159.99739258315884,160.02577218274067,159.99514571337693,160.00702546867126,0.004436814728199821
2026-06-02 13:00:00+09:00,USDJPY,5m,160.0027757232893,160.0128044979488,159.97880050297684,160.0065401703532,0.004802170259755558
2026-06-02 13:05:00+09:00,USDJPY,5m,160.00911378243336,160.022010369797,159.98551010230236,160.00635733884818,0.013347591467040619
2026-06-02 13:10:00+09:00,USDJPY,5m,159.99680199679048,160.03242418621227,159.99981742978784,160.00661509772075,0.015237452459126057
2026-06-02 13:15:00+09:00,USDJPY,5m,159.99694640186271,160.03142808312316,159.97856172326817,160.00628686298907,0.01747359039017713
2026-06-02 13:20:00+09:00,USDJPY,5m,160.01284129040116,160.01641149472306,159.97685936429733,160.00580353075173,0.018931457914512374
2026-06-02 13:25:00+09:00,USDJPY,5m,160.00964024031245,160.01661171985387,159.99901693261882,160.00595974307862,0.005630682032955952
2026-06-02 13:30:00+09:00,USDJPY,5m,160.0014241176837,160.03154935582663,159.98780771714976,160.0061167230213,0.007575904725032884
2026-06-02 13:35:00+09:00,USDJPY,5m,160.00958181391843,160.0340825176203,159.99323845006072,160.00582255711606,0.0063258118534069525
2026-06-02 13:40:00+09:00,USDJPY,5m,160.01139906751547,160.0129339571645,159.99072895722065,160.0055499341327,0.008457708214390479
2026-06-02 13:45:00+09:00,USDJPY,5m,160.00183504975732,160.02195063008077,159.99620788364624,160.00569916409512,0.01846397193362749
2026-06-02 13:50:00+09:00,USDJPY,5m,159.99556106104018,160.0182766704643,159.98538851093988,160.0048403134902,0.012352026204908509
2026-06-02 13:55:00+09:00,USDJPY,5m,160.01266141771936,160.03077304661204,159.9750563513944,160.0040058352256,0.015287454151840985
2026-06-02 14:00:00+09:00,USDJPY,5m,160.00048836545875,160.01067289155984,159.98600795368606,160.00358476869283,0.010822146250282078
2026-06-02 14:05:00+09:00,USDJPY,5m,159.9955963356675,160.01374484896576,159.99639383586697,160.00346670040182,0.0025194424400502417
2026-06-02 14:10:00+09:00,USDJPY,5m,160.00350038236905,160.02747495338085,159.98316321160425,160.00366324494118,0.003155518747960658
2026-06-02 14:15:00+09:00,USDJPY,5m,160.00992781458461,160.01084080489588,159.99105288381006,160.00455845867134,0.011682614562821944
2026-06-02 14:20:00+09:00,USDJPY,5m,159.99951600073763,160.0223964389631,159.97868492470548,160.00508305444527,0.014938202626760464
2026-06-02 14:25:00+09:00,USDJPY,5m,160.00038689232994,160.02104976719428,159.98913013761938,160.00499709132728,0.005875949495517167
2026-06-02 14:30:00+09:00,USDJPY,5m,159.9998499813385,160.01835571107725,159.995174691379,160.00499568160254,0.014994372331861475
2026-06-02 14:35:00+09:00,USDJPY,5m,160.0142376250404,160.01926847186672,159.99462652341649,160.00440416398376,0.016591983922703224
2026-06-02 14:40:00+09:00,USDJPY,5m,159.9983511307768,160.02265157077542,159.98018395158414,160.00440305610218,0.009414154610518002
2026-06-02 14:45:00+09:00,USDJPY,5m,160.00575026525811,160.0132740448785,159.9926001709611,160.0042398609188,0.01543554619119389
2026-06-02 14:50:00+09:00,USDJPY,5m,160.01294878488815,160.02374338901208,159.98026265720102,160.004443492055,0.009272539105912279
2026-06-02 14:55:00+09:00,USDJPY,5m,159.99689508486642,160.02909296172137,159.9938099707197,160.00395715348887,0.014210311330190361
2026-06-02 15:00:00+09:00,USDJPY,5m,160.01369584535476,160.02828278464216,159.9912366021799,160.00427876139742,0.015751946887751778
2026-06-02 15:05:00+09:00,USDJPY,5m,160.01415794943313,160.01405590236257,159.98857123043422,160.00520840474522,0.019854679129546
2026-06-02 15:10:00+09:00,USDJPY,5m,160.01284458839731,160.01388438539968,159.9765732524138,160.00515314865615,0.00821713991714473
2026-06-02 15:15:00+09:00,USDJPY,5m,159.99969530611602,160.01710853488305,159.97711089007058,160.00540417568942,0.009398734050343006
2026-06-02 15:20:00+09:00,USDJPY,5m,160.00850936320467,160.01985513024297,159.9956564651989,160.00582826208444,0.004981161069383084
2026-06-02 15:25:00+09:00,USDJPY,5m,160.01081535926053,160.02080891933653,159.99164205377025,160.00559752980132,0.005673315051232525
2026-06-02 15:30:00+09:00,USDJPY,5m,160.01546254385434,160.02773441571122,159.99700700057906,160.0057419852904,0.014481110046770801
2026-06-02 15:35:00+09:00,USDJPY,5m,159.99936801717251,160.01217655153502,159.98800991374804,160.00575954073088,0.01850682062278057
2026-06-02 15:40:00+09:00,USDJPY,5m,160.01114866438039,160.01169496399567,159.98931358262263,160.00582814639,0.009102889129902331
2026-06-02 15:45:00+09:00,USDJPY,5m,160.00215036391825,160.02017210459329,159.97785533645842,160.0053743405197,0.005237200043039743
2026-06-02 15:50:00+09:00,USDJPY,5m,159.9989115759356,160.02782813892767,159.97714891217944,160.00539904662423,0.007131790988893894
2026-06-02 15:55:00+09:00,USDJPY,5m,160.00413538442325,160.0155437291729,159.9911186608238,160.00570784559898,0.010190930686546496
2026-06-02 16:00:00+09:00,USDJPY,5m,160.01246525000664,160.02762614379506,159.98929508318818,160.00658853176367,0.007231705928576632
2026-06-02 16:05:00+09:00,USDJPY,5m,160.0064710903334,160.01866979770782,159.97976818803065,160.0071740942593,0.006204423496193593
2026-06-02 16:10:00+09:00,USDJPY,5m,160.00922646573787,160.03562815645415,159.9833083085402,160.00847600373382,0.015247720797627434
2026-06-02 16:15:00+09:00,USDJPY,5m,160.01792878340007,160.03541784380275,160.00293418741245,160.00802559519607,0.0021412085823312174
2026-06-02 16:20:00+09:00,USDJPY,5m,160.00654117356927,160.02099116768514,159.99555749847352,160.0085589875781,0.011706149492056698
2026-06-02 16:25:00+09:00,USDJPY,5m,160.01098700787574,160.01942883663065,159.99313463673317,160.00867899278157,0.01628780252653557
2026-06-02 16:30:00+09:00,USDJPY,5m,160.0073077585738,160.02528547384316,159.9992599674494,160.0100028745415,0.0067921091537144285
2026-06-02 16:35:00+09:00,USDJPY,5m,160.00738360849684,160.0205411851998,159.9995386051729,160.00952789557027,0.012859247191016313
2026-06-02 16:40:00+09:00,USDJPY,5m,160.01294687753386,160.03084365854727,160.00308944980006,160.00903406246496,0.014040201901135122
2026-06-02 16:45:00+09:00,USDJPY,5m,160.0174421663996,160.0343360439914,159.98760018375094,160.0086844268777,0.01379044453529162
2026-06-02 16:50:00+09:00,USDJPY,5m,160.00826726845295,160.0292473927159,159.99585733218103,160.00742008944312,0.01002529341557692
2026-06-02 16:55:00+09:00,USDJPY,5m,160.0124826350091,160.03272339761136,160.00080595696934,160.00711463643012,0.008238403781764027
2026-06-02 17:00:00+09:00,USDJPY,5m,159.9984532880095,160.02159396088837,159.99589467406997,160.00666915683317,0.017046633314500646
2026-06-02 17:05:00+09:00,USDJPY,5m,160.0009925538537,160.0156773173728,159.98172154428417,160.00676939310506,0.01565202722599756
2026-06-02 17:10:00+09:00,USDJPY,5m,160.0070270795089,160.03043322037547,159.98069721714936,160.00698444669052,0.007782593121450426
2026-06-02 17:15:00+09:00,USDJPY,5m,159.99852038366666,160.0221320118226,159.99104349306424,160.00812014919407,0.00385434549995971
2026-06-02 17:20:00+09:00,USDJPY,5m,160.00375750307222,160.03048217412768,159.99329863673674,160.00870040349696,0.0032925358180184456
2026-06-02 17:25:00+09:00,USDJPY,5m,160.00871228710008,160.0201303598531,159.97891791896603,160.00836426130357,0.0036969676021808492
2026-06-02 17:30:00+09:00,USDJPY,5m,159.9981344364659,160.01486595337093,159.99782109601105,160.00783521250077,0.012491648501456771
2026-06-02 17:35:00+09:00,USDJPY,5m,160.0034312897282,160.03795490889087,159.9977563819323,160.00814036400368,0.0029299191649218145
2026-06-02 17:40:00+09:00,USDJPY,5m,160.00763884046899,160.01626326177774,159.99506154465357,160.00735822407947,0.00806468374935269
2026-06-02 17:45:00+09:00,USDJPY,5m,160.0099300842986,160.03817762418805,159.99914816638193,160.00846709933896,0.01555759463445613
2026-06-02 17:50:00+09:00,USDJPY,5m,160.0176997972725,160.03861676172556,159.9947006234563,160.0091847634114,0.007298266997276807
2026-06-02 17:55:00+09:00,USDJPY,5m,160.01182017048515,160.03375871061783,159.9811424023454,160.00891325802013,0.01573954538924234
2026-06-02 18:00:00+09:00,USDJPY,5m,160.00619009335327,160.0293809513547,159.98751168128695,160.00789537730267,0.015418406687726996
2026-06-02 18:05:00+09:00,USDJPY,5m,160.01732472426983,160.02816287698346,159.99341903701188,160.00871770072717,0.006424888387397894
2026-06-02 18:10:00+09:00,USDJPY,5m,160.0143566364878,160.03531151545448,159.98029870695575,160.00865897682004,0.01511879924166942
2026-06-02 18:15:00+09:00,USDJPY,5m,160.00341184502946,160.0216476546477,160.0032000607953,160.0094116666072,0.015459979488897815
2026-06-02 18:20:00+09:00,USDJPY,5m,160.00108185723892,160.02515704032407,159.9982081055644,160.00846501001195,0.009154170662006484
2026-06-02 18:25:00+09:00,USDJPY,5m,160.01163161771302,160.02860013423233,159.98896816987065,160.00811538499818,0.005787568707347328
2026-06-02 18:30:00+09:00,USDJPY,5m,160.00932619452954,160.02340829311476,159.98773971563818,160.008128531218,0.011382874524053645
2026-06-02 18:35:00+09:00,USDJPY,5m,160.01396019185012,160.0238538809265,160.0021777819102,160.00816671957426,0.01858515658400354
2026-06-02 18:40:00+09:00,USDJPY,5m,160.01268278129294,160.02116379697893,159.9928307113437,160.00790668029137,0.013513101183777116
2026-06-02 18:45:00+09:00,USDJPY,5m,160.01079462092792,160.0273961856679,159.98706154113,160.00829039025078,0.005112604957290701
2026-06-02 18:50:00+09:00,USDJPY,5m,160.01738746142573,160.03392418119353,159.98520805433307,160.00765981799316,0.01428962464520336
2026-06-02 18:55:00+09:00,USDJPY,5m,160.00825618490433,160.0176225997523,159.9866308927392,160.00758439030213,0.009689654491073023
2026-06-02 19:00:00+09:00,USDJPY,5m,159.9999286828112,160.03602739365,159.99465248707213,160.00766656768116,0.012647518352396716
2026-06-02 19:05:00+09:00,USDJPY,5m,160.01455070227792,160.03021242232532,160.00064722789165,160.0079852309816,0.015213152630415944
2026-06-02 19:10:00+09:00,USDJPY,5m,160.00345926715536,160.03400403022545,159.99274438874795,160.00842219990844,0.011269052327260007
2026-06-02 19:15:00+09:00,USDJPY,5m,160.01330345761625,160.0266621819691,159.99953855371916,160.00775741465335,0.016651711542319557
2026-06-02 19:20:00+09:00,USDJPY,5m,160.0159890880709,160.0313348636865,159.9781563546879,160.00684694615092,0.014998800427699301
2026-06-02 19:25:00+09:00,USDJPY,5m,160.01155946252334,160.01302856217754,159.99074428059347,160.00762355224404,0.013071320120333194
2026-06-02 19:30:00+09:00,USDJPY,5m,160.00975354387023,160.03329245127074,159.99490146129233,160.00783294065124,0.004714270684982327
2026-06-02 19:35:00+09:00,USDJPY,5m,160.0066015722428,160.01339732020642,159.98323624695132,160.0073938487293,0.01704708399640823
2026-06-02 19:40:00+09:00,USDJPY,5m,160.00562273723452,160.0355823743237,159.99088582510007,160.0083345399146,0.018846300535756692
2026-06-02 19:45:00+09:00,USDJPY,5m,160.0054740397146,160.03821301337615,159.99566309409488,160.00841394469518,0.004465372228567307
2026-06-02 19:50:00+09:00,USDJPY,5m,160.01185897711983,160.02148320956005,159.98383232944587,160.00913152300564,0.01078834032980175
2026-06-02 19:55:00+09:00,USDJPY,5m,160.01420749643322,160.01943999800162,159.98250323031942,160.00918203409447,0.006659997355469081
2026-06-02 20:00:00+09:00,USDJPY,5m,160.01399882423908,160.03456256694585,159.98860327869218,160.0104284828494,0.015581419533660166
2026-06-02 20:05:00+09:00,USDJPY,5m,160.00545988937873,160.02281734587788,160.00531757679468,160.01149168735486,0.014989333448084601
2026-06-02 20:10:00+09:00,USDJPY,5m,160.01123205246864,160.0379913684451,159.99219423686162,160.01135230886578,0.0045359321702671766
2026-06-02 20:15:00+09:00,USDJPY,5m,160.01777805288,160.01951631624027,159.9878628786364,160.01194525143634,0.01778649088270947
2026-06-02 20:20:00+09:00,USDJPY,5m,160.0118565585699,160.02049135691558,160.00392990170403,160.01234247700611,0.005257515151604041
2026-06-02 20:25:00+09:00,USDJPY,5m,160.01390612153534,160.04265244481815,160.002456887156,160.01317365594062,0.016350662461665937
2026-06-02 20:30:00+09:00,USDJPY,5m,160.01802742282769,160.03445067432102,159.98554232423757,160.01260470186426,0.010225646473304088
2026-06-02 20:35:00+09:00,USDJPY,5m,160.01625163886558,160.039198513351,160.00752328969395,160.01302633274028,0.007908901284046723
2026-06-02 20:40:00+09:00,USDJPY,5m,160.01185828585005,160.02677962186618,159.98985320898674,160.0136713874324,0.004848306728135843
2026-06-02 20:45:00+09:00,USDJPY,5m,160.0205343979644,160.03453823747856,159.99578181142766,160.01262614374053,0.00501705661063933
2026-06-02 20:50:00+09:00,USDJPY,5m,160.00517753000622,160.03178223431564,159.99575688466194,160.01192618863294,0.013914029984616208
2026-06-02 20:55:00+09:00,USDJPY,5m,160.0206229782981,160.03079140232936,160.0055352360139,160.01071264932628,0.011907746983048171
2026-06-02 21:00:00+09:00,USDJPY,5m,160.00293805679513,160.03262431671405,159.98507604945144,160.0105610052256,0.004197537589722189
2026-06-02 21:05:00+09:00,USDJPY,5m,160.00130053000117,160.03038550990732,159.99700590806316,160.01100153057908,0.0040285614878898535
2026-06-02 21:10:00+09:00,USDJPY,5m,160.01971332283333,160.02763950404292,159.99339380402785,160.01191294481035,0.0033015903459102467
2026-06-02 21:15:00+09:00,USDJPY,5m,160.0068664718459,160.0238654690381,159.99003488452018,160.0119674016786,0.015387812252723796
2026-06-02 21:20:00+09:00,USDJPY,5m,160.01754856355487,160.03716910427877,159.990388831595,160.01295457100593,0.014813877534127207
2026-06-02 21:25:00+09:00,USDJPY,5m,160.01835681762964,160.02279332088108,159.98323700866035,160.012136510131,0.003051757835382353
2026-06-02 21:30:00+09:00,USDJPY,5m,160.01830420848805,160.03343333832126,159.99284098183648,160.0111244806674,0.012084861360745514
2026-06-02 21:35:00+09:00,USDJPY,5m,160.02093303676136,160.0219344726143,159.9961081632737,160.01110115204807,0.0035241707943684183
2026-06-02 21:40:00+09:00,USDJPY,5m,160.00722238551822,160.03197484556628,159.98249900065514,160.01134159131743,0.018267423870960954
2026-06-02 21:45:00+09:00,USDJPY,5m,160.0155368413071,160.0350089311468,159.99027921859292,160.01133197446856,0.018328113545242386
2026-06-02 21:50:00+09:00,USDJPY,5m,160.00240950637416,160.0205693564312,159.99764775030164,160.01010150920854,0.014568193816636344
2026-06-02 21:55:00+09:00,USDJPY,5m,160.00819422301197,160.01655661970636,160.00189643104974,160.01005803718482,0.018671400585910103
2026-06-02 22:00:00+09:00,USDJPY,5m,160.0162447893508,160.0175596990594,159.9832214929479,160.00928535548454,0.016606154547446433
2026-06-02 22:05:00+09:00,USDJPY,5m,160.00705031993502,160.0298470831956,159.99564261894398,160.00969715901383,0.01691369436668689
2026-06-02 22:10:00+09:00,USDJPY,5m,160.01174902557221,160.03616327811713,159.9884153749274,160.0099271179615,0.012254741310258799
2026-06-02 22:15:00+09:00,USDJPY,5m,160.00944865896417,160.01549811062057,159.99260277960553,160.0093731900897,0.007509065567891167
2026-06-02 22:20:00+09:00,USDJPY,5m,160.01199390056155,160.03242865141533,159.9991016254444,160.0090748699393,0.005920384072095589
2026-06-02 22:25:00+09:00,USDJPY,5m,160.0179072296139,160.0219823079749,159.98840717661065,160.00844934182615,0.007889600396700726
2026-06-02 22:30:00+09:00,USDJPY,5m,159.99953644489784,160.0253849436158,160.00190465764405,160.0084217343678,0.013312917741603118
2026-06-02 22:35:00+09:00,USDJPY,5m,160.01048405011014,160.03722630850623,159.9936712582633,160.0090048197601,0.005107817644983181
2026-06-02 22:40:00+09:00,USDJPY,5m,160.0156839597173,160.0217226717507,159.9897580106407,160.0084233841323,0.00665552425947179
2026-06-02 22:45:00+09:00,USDJPY,5m,160.00836346627656,160.0253692353901,159.99283463768865,160.0087358120416,0.010425095530318361
2026-06-02 22:50:00+09:00,USDJPY,5m,159.9999982011894,160.01376971783958,159.9847108530893,160.00842765747058,0.0061949017734430805
2026-06-02 22:55:00+09:00,USDJPY,5m,160.00917272081955,160.01500190177134,159.98226380990758,160.0079619337712,0.012595586054889111
2026-06-02 23:00:00+09:00,USDJPY,5m,160.0045491933717,160.0193725053336,159.9836266387044,160.00790771555523,0.01861716851221394
2026-06-02 23:05:00+09:00,USDJPY,5m,160.00039540586855,160.01299287618232,160.0013262464665,160.0072965701618,0.015465608582656278
2026-06-02 23:10:00+09:00,USDJPY,5m,160.01395507084425,160.0277587637298,159.99712116131744,160.00697438057858,0.013995679054680436
2026-06-02 23:15:00+09:00,USDJPY,5m,160.00669764410284,160.02192561276308,159.98785046611144,160.00626565384303,0.012488986567708018
2026-06-02 23:20:00+09:00,USDJPY,5m,160.01612001717035,160.02615811899096,159.97908393791167,160.00745448892278,0.010783062366627169
2026-06-02 23:25:00+09:00,USDJPY,5m,160.01360597714603,160.01685182670136,159.98161172767766,160.00748564705395,0.005358149473423875
2026-06-02 23:30:00+09:00,USDJPY,5m,160.01093524762464,160.01947411248509,159.98101244904038,160.00707581174916,0.01810478819768358
2026-06-02 23:35:00+09:00,USDJPY,5m,159.99731470976292,160.02880981156693,159.99463399485163,160.00721419969562,0.006473648036231054
2026-06-02 23:40:00+09:00,USDJPY,5m,160.00571327199856,160.03628937095658,159.99142060543883,160.0071568028658,0.0036435597964068938
2026-06-02 23:45:00+09:00,USDJPY,5m,160.0009839467391,160.01329464044613,159.99026657242317,160.00703422110607,0.015500273226116515
2026-06-02 23:50:00+09:00,USDJPY,5m,160.0156286793471,160.0346723291475,159.99847843154237,160.00741272112612,0.005161079617960996
2026-06-02 23:55:00+09:00,USDJPY,5m,160.00136890544567,160.02729925578492,160.00210052249602,160.00787722575214,0.00869412799174117
2026-06-03 00:00:00+09:00,USDJPY,5m,160.00329012609674,160.02666691423246,159.97889635257707,160.00756892506357,0.002509128709237635
2026-06-03 00:05:00+09:00,USDJPY,5m,160.00757016947387,160.02474039749936,159.9962156194776,160.00723343411917,0.004467222965728065
2026-06-03 00:10:00+09:00,USDJPY,5m,160.00234567548083,160.0138132552485,159.9960796805078,160.00707840310088,0.005117665353678418
2026-06-03 00:15:00+09:00,USDJPY,5m,159.99990454394765,160.01295417169547,159.99862277405782,160.00570725040205,0.0029793822995032035
2026-06-03 00:20:00+09:00,USDJPY,5m,160.00679012226678,160.0248309359062,159.97659544196614,160.00480813576473,0.013819825219211214
2026-06-03 00:25:00+09:00,USDJPY,5m,159.9974168507803,160.01916222461108,159.98614483245169,160.00563826032518,0.017066140324456112
2026-06-03 00:30:00+09:00,USDJPY,5m,159.99779859612772,160.03456694261774,159.98495931952516,160.0066352409533,0.008719677314586938
2026-06-03 00:35:00+09:00,USDJPY,5m,160.0039407252333,160.02166058276356,159.978706397148,160.00649581932956,0.017742376580927616
2026-06-03 00:40:00+09:00,USDJPY,5m,160.01126504259756,160.01543378997496,159.99321124928488,160.0068517535074,0.005840238342082278
2026-06-03 00:45:00+09:00,USDJPY,5m,160.0081446387656,160.02991647443767,159.98651082082168,160.00704850360012,0.00785702762410231
2026-06-03 00:50:00+09:00,USDJPY,5m,160.00736336145454,160.02123966762122,160.00293584571696,160.0089058320852,0.004713265874561031
2026-06-03 00:55:00+09:00,USDJPY,5m,160.01090260831654,160.02772433471594,159.99991826382626,160.00958757703205,0.013170065517541976
2026-06-03 01:00:00+09:00,USDJPY,5m,160.00682985617024,160.0319666461148,159.98373968134993,160.00952082647717,0.009557652635665524
2026-06-03 01:05:00+09:00,USDJPY,5m,160.01768042892144,160.03646410499286,159.98478829330435,160.0089575022128,0.013039100243154177
2026-06-03 01:10:00+09:00,USDJPY,5m,159.99910173223887,160.03280841429068,159.9942375671342,160.00800363442065,0.015710148297095307
2026-06-03 01:15:00+09:00,USDJPY,5m,160.01160354218277,160.030044739299,159.99371544690783,160.00813571260218,0.011822654288593073
2026-06-03 01:20:00+09:00,USDJPY,5m,160.01551755545154,160.02968273171487,159.98935304131615,160.007691902155,0.013297346388232182
2026-06-03 01:25:00+09:00,USDJPY,5m,160.01292624410394,160.03549666603004,160.0018425248121,160.00684854992923,0.018834505659097993
2026-06-03 01:30:00+09:00,USDJPY,5m,160.00015142689512,160.0188662086361,159.99543949779775,160.0064706061987,0.007383157572959177
2026-06-03 01:35:00+09:00,USDJPY,5m,160.00175020437612,160.01085947975142,159.99562588218132,160.00583167739651,0.008464950895411157
2026-06-03 01:40:00+09:00,USDJPY,5m,160.0111949211517,160.0186528263625,159.99559188870882,160.00685396237756,0.014918660510768065
2026-06-03 01:45:00+09:00,USDJPY,5m,159.99907835741536,160.0178402307224,159.9822453001684,160.00739294623173,0.013003499306996963
2026-06-03 01:50:00+09:00,USDJPY,5m,160.0136353966436,160.0289440272748,159.9954063162333,160.00739816264695,0.005213592281714867
2026-06-03 01:55:00+09:00,USDJPY,5m,160.01267426802238,160.02913891912442,159.99850809607904,160.0082961291303,0.008770651580188825
2026-06-03 02:00:00+09:00,USDJPY,5m,160.01294468309956,160.02818908468248,159.99074596359503,160.00835255011486,0.01042108423624487
2026-06-03 02:05:00+09:00,USDJPY,5m,159.99985060699942,160.0132518656743,159.98120465368476,160.00784577959408,0.009549017083431009
2026-06-03 02:10:00+09:00,USDJPY,5m,160.01312486493677,160.0319891054017,159.9977359114445,160.00876965404044,0.005208946549796735
2026-06-03 02:15:00+09:00,USDJPY,5m,160.01269936257106,160.0221912603788,160.00213959399684,160.00910300006666,0.018639741652116723
2026-06-03 02:20:00+09:00,USDJPY,5m,160.0151091021905,160.03011705209923,159.99458053397782,160.00849065237406,0.015721737710491568
2026-06-03 02:25:00+09:00,USDJPY,5m,159.99921836829233,160.02730090987976,159.98469515355308,160.0083864491672,0.010664404977941341
2026-06-03 02:30:00+09:00,USDJPY,5m,159.99833329158454,160.02143935135086,159.9891038145978,160.00787107821517,0.01424109850952306
2026-06-03 02:35:00+09:00,USDJPY,5m,160.00451154037418,160.0154158050542,159.98163156413725,160.0070513983766,0.01815108809843939
2026-06-03 02:40:00+09:00,USDJPY,5m,160.0005928705821,160.01497757734663,159.97862730121489,160.0076171049051,0.004451134562508282
2026-06-03 02:45:00+09:00,USDJPY,5m,160.00994044444082,160.03456071321722,159.98395619297062,160.0087727548894,0.0065067149127255985
2026-06-03 02:50:00+09:00,USDJPY,5m,160.01629059237524,160.03590355289714,159.987848537374,160.0079436143451,0.011768622450619612
2026-06-03 02:55:00+09:00,USDJPY,5m,160.0061209904938,160.02953609705622,159.99095785618582,160.0082913958871,0.016382186684342458
2026-06-03 03:00:00+09:00,USDJPY,5m,160.0148100178911,160.01549686321715,160.00190928318693,160.00791101034565,0.002652588117947493
2026-06-03 03:05:00+09:00,USDJPY,5m,159.99763355260575,160.0226794155376,159.97802068564505,160.0076287351154,0.01971232670353449
2026-06-03 03:10:00+09:00,USDJPY,5m,160.00065359163003,160.03050677876348,159.99269627069648,160.00728329876085,0.010188318851883149
2026-06-03 03:15:00+09:00,USDJPY,5m,159.9973833750921,160.03127042639926,159.9979691989511,160.00677490429902,0.008466160531191015
2026-06-03 03:20:00+09:00,USDJPY,5m,160.00337696088613,160.0147694828331,159.9851462958909,160.00681401727581,0.007269039881115894
2026-06-03 03:25:00+09:00,USDJPY,5m,160.0144892391199,160.0113262151771,159.99421823997858,160.00632544720597,0.00513842073771569
2026-06-03 03:30:00+09:00,USDJPY,5m,159.9984367637734,160.02930114744845,159.98685326452815,160.00649772130143,0.016248330360740505
2026-06-03 03:35:00+09:00,USDJPY,5m,160.00860577397063,160.0203924828354,159.98680838073963,160.00647757843575,0.01919745496542974
2026-06-03 03:40:00+09:00,USDJPY,5m,160.00537412839003,160.0177062428981,159.99020096408506,160.00634420960765,0.009445605587217168
2026-06-03 03:45:00+09:00,USDJPY,5m,160.01457903565773,160.01113210815515,159.97990670602178,160.00580967141042,0.019143572505562215
2026-06-03 03:50:00+09:00,USDJPY,5m,159.9979239914628,160.02398109378112,159.9938494320732,160.00547360861208,0.01682835707783062
2026-06-03 03:55:00+09:00,USDJPY,5m,160.00017740035761,160.03221561173322,159.9897210285571,160.00593684334757,0.01065892029457373
2026-06-03 04:00:00+09:00,USDJPY,5m,159.99683823303238,160.03518818481697,159.98780509044536,160.00624739366015,0.014132471224270391
2026-06-03 04:05:00+09:00,USDJPY,5m,160.00434956550586,160.02481448427858,159.98408024249406,160.00567086051325,0.009829715225068335
2026-06-03 04:10:00+09:00,USDJPY,5m,160.00129711788782,160.02360199309,159.98114116363388,160.00574045989651,0.012057021347825944
2026-06-03 04:15:00+09:00,USDJPY,5m,160.01359941084834,160.01332770180778,159.9913311100986,160.00620129217054,0.003044834066333069
2026-06-03 04:20:00+09:00,USDJPY,5m,160.00730846526582,160.02393146904043,159.98405847539945,160.00520964900187,0.014532742555409598
2026-06-03 04:25:00+09:00,USDJPY,5m,160.00782747987682,160.02004514209142,159.99678039129057,160.0055456651173,0.0029508436007144607
2026-06-03 04:30:00+09:00,USDJPY,5m,160.00579630479956,160.02533647288402,159.97684188834836,160.00515809086193,0.016707529044553693
2026-06-03 04:35:00+09:00,USDJPY,5m,159.99734745680766,160.02022860876,159.99093397990254,160.00551045006307,0.016849044730290037
2026-06-03 04:40:00+09:00,USDJPY,5m,160.00396286824366,160.01606997265543,159.98182445901975,160.00506249456916,0.006267391176011864
2026-06-03 04:45:00+09:00,USDJPY,5m,160.01397966910292,160.01136369718947,159.9984810382617,160.00398956530876,0.007825930058644405
2026-06-03 04:50:00+09:00,USDJPY,5m,160.00972762566295,160.01589600096074,159.99289336127342,160.00302303984603,0.01066358681404928
2026-06-03 04:55:00+09:00,USDJPY,5m,160.01093107189737,160.0104780116712,159.98588482720592,160.00306189081402,0.012739932324784669
2026-06-03 05:00:00+09:00,USDJPY,5m,160.00969225149998,160.01265014808564,159.97627141262174,160.00322772431505,0.007172365911355942
2026-06-03 05:05:00+09:00,USDJPY,5m,159.9947559682086,160.0323785383045,159.98451375559122,160.00269513434,0.012664755283374652
2026-06-03 05:10:00+09:00,USDJPY,5m,159.99763725489655,160.01919087873793,159.97484152775792,160.00308828981525,0.00736016731812738
2026-06-03 05:15:00+09:00,USDJPY,5m,159.99216381080504,160.02039817194054,159.98500645536333,160.0021013777779,0.0029988329792790926
2026-06-03 05:20:00+09:00,USDJPY,5m,159.99814193239627,160.02891219311715,159.98481050248031,160.00207172989872,0.002045495896974361
2026-06-03 05:25:00+09:00,USDJPY,5m,159.9935272682258,160.03124434269114,159.99336145046635,160.00135512017886,0.0038207190425317153
2026-06-03 05:30:00+09:00,USDJPY,5m,160.0004298854202,160.02054187974778,159.97590761241037,160.00097401851417,0.01626051260295233
2026-06-03 05:35:00+09:00,USDJPY,5m,160.00455500748845,160.02632430324306,159.9898383224053,160.00101245771697,0.01930576362290007
2026-06-03 05:40:00+09:00,USDJPY,5m,160.00799631559855,160.0136797353062,159.97301589746348,160.0005062096978,0.009685391587061947
2026-06-03 05:45:00+09:00,USDJPY,5m,160.0052698196731,160.01292907530745,159.972514870863,160.00028547637126,0.011228311162098971
2026-06-03 05:50:00+09:00,USDJPY,5m,160.00967096397235,160.01596684508166,159.97231649925993,160.0008992520568,0.0046432670433216704
2026-06-03 05:55:00+09:00,USDJPY,5m,159.99164108274294,160.0223757985019,159.9825573547075,160.00056311693507,0.011918564348242828
2026-06-03 06:00:00+09:00,USDJPY,5m,159.99131812891062,160.02312932443368,159.9791471875827,160.0010745322023,0.004603788236125584
2026-06-03 06:05:00+09:00,USDJPY,5m,160.00363347036622,160.01328769395576,159.97594381108797,160.0004067080895,0.013001857961578942
2026-06-03 06:10:00+09:00,USDJPY,5m,159.99652163880071,160.0090648386997,159.99245922513,160.00073459059627,0.01879865601645537
2026-06-03 06:15:00+09:00,USDJPY,5m,159.99667955209077,160.0224194381803,159.98158560189373,160.00160953176865,0.005522573707454713
2026-06-03 06:20:00+09:00,USDJPY,5m,159.99675428682247,160.0083446916233,159.994279097536,160.00013654506859,0.015762146925027837
2026-06-03 06:25:00+09:00,USDJPY,5m,159.99506432907313,160.01913072062104,159.9822292558306,159.9996684079153,0.0024230436107298328
2026-06-03 06:30:00+09:00,USDJPY,5m,160.00025337931763,160.022360204393,159.9911535841511,160.0000246511916,0.00875895034378918
2026-06-03 06:35:00+09:00,USDJPY,5m,159.99871579290448,160.02242811136986,159.99033975081093,159.99991282396,0.003993473140949163
2026-06-03 06:40:00+09:00,USDJPY,5m,160.00039408251152,160.02398231425047,159.98601932231668,160.000145511484,0.00834455794872259
2026-06-03 06:45:00+09:00,USDJPY,5m,160.003247392602,160.0266146059111,159.98398219120406,159.99979312037198,0.005123664553499904
2026-06-03 06:50:00+09:00,USDJPY,5m,159.99759768442388,160.01735404904358,159.97927576363116,159.99985507424446,0.008719489822211974
2026-06-03 06:55:00+09:00,USDJPY,5m,159.99479782164607,160.02302789764147,159.99291095744226,159.99977166790322,0.009515410509935547
2026-06-03 07:00:00+09:00,USDJPY,5m,159.99380634787641,160.02096165552436,159.98289004310928,160.00048233714023,0.007410640210056532
2026-06-03 07:05:00+09:00,USDJPY,5m,159.99763447203685,160.01031098814113,159.99107936138986,160.0006449896462,0.013819195090516326
2026-06-03 07:10:00+09:00,USDJPY,5m,160.00569368074838,160.0064997923652,159.98150817186766,160.00085755124346,0.018539336922660375
2026-06-03 07:15:00+09:00,USDJPY,5m,160.005754523266,160.01273395970568,159.97968530975723,160.00062042506377,0.009210716733894904
2026-06-03 07:20:00+09:00,USDJPY,5m,160.00367596906304,160.01641370398778,159.98142012991553,160.00033786132934,0.0054621768165503855
2026-06-03 07:25:00+09:00,USDJPY,5m,159.99476888992277,160.02051597502734,159.97663093865467,160.00008832641663,0.006873009647527701
2026-06-03 07:30:00+09:00,USDJPY,5m,160.00209672261914,160.02658398096463,159.98694476659603,160.00033499770205,0.017372014822934642
2026-06-03 07:35:00+09:00,USDJPY,5m,160.0015062002451,160.00999854993123,159.97596474222274,160.00009240701357,0.012289515018862664
2026-06-03 07:40:00+09:00,USDJPY,5m,159.99996159588989,160.00841501667517,159.984457094885,160.0002762719277,0.010190198581525232
2026-06-03 07:45:00+09:00,USDJPY,5m,160.00253109213457,160.03061851109376,159.98442689994883,160.0015315124069,0.004693460987160681
2026-06-03 07:50:00+09:00,USDJPY,5m,160.00189999988143,160.00976530121338,159.98086163404744,160.00206418722897,0.010095091549828076
2026-06-03 07:55:00+09:00,USDJPY,5m,160.00318770043114,160.01884084986233,159.99641961350966,160.00187857310965,0.00701285606043296
2026-06-03 08:00:00+09:00,USDJPY,5m,160.0069194205554,160.0222483946828,159.98125944592746,160.00260930146297,0.01897693630136029
2026-06-03 08:05:00+09:00,USDJPY,5m,159.99456702012722,160.02090881676185,159.98190982751234,160.00237445623915,0.017913261969483167
2026-06-03 08:10:00+09:00,USDJPY,5m,160.006154096561,160.00831238544384,159.9884154035992,160.00116158151803,0.0035102457529075644
2026-06-03 08:15:00+09:00,USDJPY,5m,159.99328445273403,160.00699240258157,159.993421872609,160.00056672973147,0.011299762806702373
2026-06-03 08:20:00+09:00,USDJPY,5m,159.99078681454708,160.0070913402654,159.99218086833105,159.99945425457886,0.006051050219264098
2026-06-03 08:25:00+09:00,USDJPY,5m,160.00877494021287,160.01889303858525,159.9711727528138,159.99925334648844,0.009393987611437232
2026-06-03 08:30:00+09:00,USDJPY,5m,160.00841423289336,160.01788301970683,159.9770424144853,159.99927439751596,0.017783263968526218
2026-06-03 08:35:00+09:00,USDJPY,5m,159.99149899080214,160.01113377970424,159.99211269455907,160.00029025990332,0.011495261357993808
2026-06-03 08:40:00+09:00,USDJPY,5m,159.9993614851571,160.02144076987372,159.98657833709487,160.0004964163276,0.008015875280673677
2026-06-03 08:45:00+09:00,USDJPY,5m,159.9940998547763,160.02587664356167,159.98056288116274,160.0003749560103,0.005741990373889947
2026-06-03 08:50:00+09:00,USDJPY,5m,160.00058949730172,160.00692207335518,159.97499330673176,160.00088259935902,0.01640584746931681
2026-06-03 08:55:00+09:00,USDJPY,5m,160.0061694630336,160.0170191667623,159.99347439495577,159.9995659181736,0.01324132427655825
2026-06-03 09:00:00+09:00,USDJPY,5m,160.0087295224033,160.02195004721102,159.9888014586217,159.99971728690846,0.010425178287672162
2026-06-03 09:05:00+09:00,USDJPY,5m,160.00287485909382,160.01149760420154,159.9729460812674,160.0001898060248,0.005914718369533605
2026-06-03 09:10:00+09:00,USDJPY,5m,159.99639076762156,160.01200692690966,159.99408351552273,159.99931265427733,0.008016434734828364
2026-06-03 09:15:00+09:00,USDJPY,5m,160.00207541801615,160.02034985427798,159.98997392913338,160.00000890670324,0.01927718168129334
2026-06-03 09:20:00+09:00,USDJPY,5m,159.9964620306699,160.02767038688384,159.9712464001484,160.00022200454774,0.01136161887690502
2026-06-03 09:25:00+09:00,USDJPY,5m,160.00817930461605,160.02523094230696,159.97964778563636,159.9999828317994,0.009212587062378555
2026-06-03 09:30:00+09:00,USDJPY,5m,160.0077805101812,160.01995075639655,159.98883071675314,160.00037250091907,0.011385596762269832
2026-06-03 09:35:00+09:00,USDJPY,5m,160.00290955163933,160.02500045957768,159.99507013927385,160.00174491663375,0.016021793106192957
2026-06-03 09:40:00+09:00,USDJPY,5m,159.9983600146944,160.01598459814198,159.9961592528756,160.0018640363868,0.008121960857051639
2026-06-03 09:45:00+09:00,USDJPY,5m,159.99789076225022,160.02304710694105,159.99090434174764,160.00202296873857,0.0052167101767869595
2026-06-03 09:50:00+09:00,USDJPY,5m,159.99242571209294,160.01841189197702,159.97472020670912,160.00175735219884,0.012528850130102862
2026-06-03 09:55:00+09:00,USDJPY,5m,160.0075738625977,160.01100584898862,159.98585960421974,160.00125744557718,0.01397367386265921
2026-06-03 10:00:00+09:00,USDJPY,5m,160.00077331132786,160.02430910391402,159.97875731283793,160.0017656470671,0.014828924053253895
2026-06-03 10:05:00+09:00,USDJPY,5m,159.99776465533955,160.02017361270526,159.97330487088703,160.00126199677155,0.017875776633790336
2026-06-03 10:10:00+09:00,USDJPY,5m,160.00073714361386,160.01528047606274,159.98611392497384,160.0013149365139,0.008681134172404036
2026-06-03 10:15:00+09:00,USDJPY,5m,160.00741310185492,160.0288218217978,159.9912564077699,160.00103834204583,0.003356388132120053
2026-06-03 10:20:00+09:00,USDJPY,5m,159.9938280140954,160.00685908288693,159.98340778166985,160.00133572994127,0.019250274505356962
2026-06-03 10:25:00+09:00,USDJPY,5m,160.00869904696927,160.01444025598568,159.97384383502794,160.00154592720443,0.009830214693874554
2026-06-03 10:30:00+09:00,USDJPY,5m,160.01012862787317,160.00860048611545,159.97706909081757,160.002178451171,0.013218635174116365
2026-06-03 10:35:00+09:00,USDJPY,5m,160.01081659963236,160.0260456242372,159.9952366952476,160.00188244133167,0.013993495816309263
2026-06-03 10:40:00+09:00,USDJPY,5m,159.99968027621895,160.02428320272335,159.97941619636856,160.00173051637051,0.011837246756621664
2026-06-03 10:45:00+09:00,USDJPY,5m,159.9954960662218,160.01443706360945,159.98185582007957,160.00115325814104,0.005694635535252862
2026-06-03 10:50:00+09:00,USDJPY,5m,159.99836949855433,160.02278825474016,159.97321010277633,160.000896682185,0.015592574902090548
2026-06-03 10:55:00+09:00,USDJPY,5m,159.99779130440544,160.01603149313573,159.99307102705956,160.00113306248082,0.01646753553747347
2026-06-03 11:00:00+09:00,USDJPY,5m,159.99512033390087,160.02550360043637,159.9832463528207,160.0015972556508,0.011953560548313917
2026-06-03 11:05:00+09:00,USDJPY,5m,160.00319928985834,160.01740854802472,159.97406738911852,160.0010539564563,0.01079410089052715
2026-06-03 11:10:00+09:00,USDJPY,5m,160.00111820321854,160.01689271320416,159.98633512533982,160.00158572000836,0.004050887296303736
2026-06-03 11:15:00+09:00,USDJPY,5m,160.00972312257014,160.03077735061086,159.98535922978033,160.00240910272365,0.0035111299069961093
2026-06-03 11:20:00+09:00,USDJPY,5m,159.99330935527524,160.01393914116287,159.9959056467239,160.0026671636656,0.008112167220143518
2026-06-03 11:25:00+09:00,USDJPY,5m,160.00668059970423,160.01181442465304,159.9918496501419,160.00380324115312,0.007595230799313079
2026-06-03 11:30:00+09:00,USDJPY,5m,160.0086079452039,160.02296254546513,159.99023630140442,160.00334896763366,0.019165816117338884
2026-06-03 11:35:00+09:00,USDJPY,5m,160.00780190619545,160.03184522011878,159.97398411359305,160.00261217481167,0.016105209363981736
2026-06-03 11:40:00+09:00,USDJPY,5m,160.00927642200423,160.0160009230055,159.9894882586488,160.00155494266232,0.01387863731466308
2026-06-03 11:45:00+09:00,USDJPY,5m,160.0070432441058,160.00901348833995,159.98594085086748,160.00246256924922,0.011317665602316892
2026-06-03 11:50:00+09:00,USDJPY,5m,160.01142138987598,160.01634782032576,159.98108257805393,160.00286518864303,0.005012615553079724
2026-06-03 11:55:00+09:00,USDJPY,5m,159.99949496983692,160.0204901291985,159.9937872535303,160.0028418378405,0.01961222009931711
2026-06-03 12:00:00+09:00,USDJPY,5m,160.0030840073513,160.01206789418208,159.98585875933773,160.0030198190163,0.008750732568323781
2026-06-03 12:05:00+09:00,USDJPY,5m,159.99263611885354,160.0238070810393,159.978891049601,160.0023545255879,0.003924660844050407
2026-06-03 12:10:00+09:00,USDJPY,5m,159.99397112852174,160.03377571150094,159.97716059645,160.00383197677567,0.01088838012288343
2026-06-03 12:15:00+09:00,USDJPY,5m,159.9987220418939,160.0202129963844,159.9832630276183,160.00391950948486,0.0177319642090355
2026-06-03 12:20:00+09:00,USDJPY,5m,159.99601129030438,160.01786336027985,159.9822688084787,160.0039951463616,0.01797123803199193
2026-06-03 12:25:00+09:00,USDJPY,5m,159.99964483369467,160.0194582105068,159.99628351952134,160.00444060633595,0.0021973864890160507
2026-06-03 12:30:00+09:00,USDJPY,5m,159.99828007776557,160.0126178663349,159.97609479944384,160.004739211875,0.017953323405525197
2026-06-03 12:35:00+09:00,USDJPY,5m,159.99545394278636,160.03196538232524,159.99656919035246,160.00488354228958,0.0068867159149974535
2026-06-03 12:40:00+09:00,USDJPY,5m,160.0126053405444,160.01978989900434,159.98005243418675,160.0044192576163,0.0027015025514316154
2026-06-03 12:45:00+09:00,USDJPY,5m,159.99487660125834,160.0193939989162,159.99309173058612,160.00471213863057,0.01726022486653174
2026-06-03 12:50:00+09:00,USDJPY,5m,160.01057299621522,160.02734361015172,159.97751152473595,160.00585135332847,0.01754960160778775
2026-06-03 12:55:00+09:00,USDJPY,5m,159.99971156309456,160.02271944087946,159.98366961687194,160.00666860535617,0.012732159437162301
2026-06-03 13:00:00+09:00,USDJPY,5m,160.01587910977213,160.02884035405233,159.98378917450768,160.00763451733215,0.012339807631334451
2026-06-03 13:05:00+09:00,USDJPY,5m,160.01519370671807,160.01387394517954,159.9968613085998,160.00733778792628,0.01663616490718555
2026-06-03 13:10:00+09:00,USDJPY,5m,160.0098320479615,160.03209710862717,159.99067802561825,160.00675402503413,0.01615357194878504
2026-06-03 13:15:00+09:00,USDJPY,5m,160.01013323587807,160.03520115170403,159.9862432230173,160.00668855288205,0.018021898521968678
2026-06-03 13:20:00+09:00,USDJPY,5m,159.99683877066886,160.02795112248344,159.9824826473743,160.00673198782945,0.011949454056740664
2026-06-03 13:25:00+09:00,USDJPY,5m,160.0170959340628,160.036262650962,159.9997995183427,160.00739850274053,0.01941764766919056
2026-06-03 13:30:00+09:00,USDJPY,5m,160.0139496760342,160.01517883182194,159.97733389105133,160.0063930239627,0.019930642956800096
2026-06-03 13:35:00+09:00,USDJPY,5m,160.01522287866896,160.02425615889138,159.9800652373905,160.00732075415436,0.004097802979975387
2026-06-03 13:40:00+09:00,USDJPY,5m,160.01042084015623,160.02728111776386,159.99547723465284,160.00723594941522,0.0172917876719742
2026-06-03 13:45:00+09:00,USDJPY,5m,160.00388555934634,160.02653323695878,159.98142081469743,160.00698982077324,0.010996800639474603
2026-06-03 13:50:00+09:00,USDJPY,5m,160.0142655311299,160.02142910262532,159.98843446007209,160.0063925581481,0.00897619408939698
2026-06-03 13:55:00+09:00,USDJPY,5m,160.001239982708,160.01886175437915,159.98886448210592,160.00540964414498,0.013035301577888871
2026-06-03 14:00:00+09:00,USDJPY,5m,160.00716777736218,160.01408414705912,159.99305269385007,160.00591354649535,0.0030073800307161267
2026-06-03 14:05:00+09:00,USDJPY,5m,159.99796215672254,160.02076109853974,159.9864433226099,160.00596753727567,0.01111630013780744
2026-06-03 14:10:00+09:00,USDJPY,5m,160.01364267333847,160.01427008111347,159.98195633279323,160.00520356073582,0.01767603026048
2026-06-03 14:15:00+09:00,USDJPY,5m,159.997251922628,160.0277956553849,159.98916319084853,160.0044365134726,0.005842307290501439
2026-06-03 14:20:00+09:00,USDJPY,5m,159.99874297876764,160.0144658160404,159.98351456282782,160.00424504265303,0.009675018105849652
2026-06-03 14:25:00+09:00,USDJPY,5m,160.00641913873073,160.0117205882003,159.98277363253928,160.00525645556817,0.018910655978867763
2026-06-03 14:30:00+09:00,USDJPY,5m,160.01039256076163,160.0239198542028,159.982332655332,160.00511070075737,0.009714149080502553
2026-06-03 14:35:00+09:00,USDJPY,5m,160.00660584110423,160.0240995583035,159.99791966253224,160.0042188149855,0.008450617381983171
2026-06-03 14:40:00+09:00,USDJPY,5m,159.99872404740307,160.03087919567906,159.97758767400492,160.00408136914706,0.00992965966622081
2026-06-03 14:45:00+09:00,USDJPY,5m,159.99394659585573,160.02335227531563,159.98747140213607,160.0039277350052,0.011350149797316016
2026-06-03 14:50:00+09:00,USDJPY,5m,160.00746261462558,160.0159566243625,159.99075920097704,160.00231960301943,0.013375844194366441
2026-06-03 14:55:00+09:00,USDJPY,5m,160.01200117261774,160.02737232313768,159.99125291341252,160.0022970260995,0.016412470416501162
2026-06-03 15:00:00+09:00,USDJPY,5m,160.00836672778752,160.02067543771108,159.9850931125603,160.0021684653814,0.010137839703757657
2026-06-03 15:05:00+09:00,USDJPY,5m,160.00180032156342,160.00957819631606,159.97542540071356,160.0025961892003,0.01671465683162253
2026-06-03 15:10:00+09:00,USDJPY,5m,160.01179090808523,160.0228618268651,159.98925687331518,160.00371556285725,0.011606971904337453
2026-06-03 15:15:00+09:00,USDJPY,5m,160.00259845533733,160.03210196551052,159.9806583582054,160.00440150187498,0.008092649186623599
2026-06-03 15:20:00+09:00,USDJPY,5m,160.0047488503455,160.0191579842981,159.99682970038594,160.00425016866063,0.013843114906149458
2026-06-03 15:25:00+09:00,USDJPY,5m,160.00313884846332,160.0160043981629,159.98669483556162,160.0035962531154,0.014919000585382846
2026-06-03 15:30:00+09:00,USDJPY,5m,160.00410274645066,160.0137370054228,159.97535811548752,160.00515026899734,0.012044881561330777
2026-06-03 15:35:00+09:00,USDJPY,5m,160.01069961544363,160.01398193810613,159.98093485498794,160.00519580005775,0.0030190695164250218
2026-06-03 15:40:00+09:00,USDJPY,5m,160.0057495357783,160.02103344474145,159.9949509454219,160.0052141576329,0.005057891752894849
2026-06-03 15:45:00+09:00,USDJPY,5m,160.00154402502113,160.02510167818468,159.9876736457382,160.00520968258064,0.007135358976024108
2026-06-03 15:50:00+09:00,USDJPY,5m,160.00050169679028,160.01235391856636,159.99449791434589,160.0053385334371,0.007087260907126877
2026-06-03 15:55:00+09:00,USDJPY,5m,159.9960168635293,160.03375113191558,159.9900228940084,160.00526191718996,0.01412157440444367
2026-06-03 16:00:00+09:00,USDJPY,5m,160.0065916232235,160.02880606042197,159.98042561939246,160.00492771998583,0.0023302759101253867
2026-06-03 16:05:00+09:00,USDJPY,5m,159.9992088329291,160.02427520257817,159.9803289842388,160.00460960462107,0.01560227198689136
2026-06-03 16:10:00+09:00,USDJPY,5m,159.99756263109927,160.03031091943242,159.99389744321138,160.00459995265894,0.006776164546524798
2026-06-03 16:15:00+09:00,USDJPY,5m,160.0073604970728,160.01128856671656,159.9762283148424,160.00428389779626,0.007580393231889844
2026-06-03 16:20:00+09:00,USDJPY,5m,160.0074903754831,160.02078716226998,159.98405198575753,160.00386619032665,0.011502376902990639
2026-06-03 16:25:00+09:00,USDJPY,5m,160.00898314630842,160.02469237663482,159.98944194118923,160.00394004846328,0.005886660816901236
2026-06-03 16:30:00+09:00,USDJPY,5m,160.0038686000596,160.0295133847858,159.9862486726133,160.00379706213283,0.017920483644359497
2026-06-03 16:35:00+09:00,USDJPY,5m,160.01259055003004,160.0292961969272,159.98458267659004,160.00470945792597,0.0035366380278781754
2026-06-03 16:40:00+09:00,USDJPY,5m,160.0118557311089,160.01505560728376,159.9841316127448,160.00312887604093,0.009998882521419169
2026-06-03 16:45:00+09:00,USDJPY,5m,160.00994119894793,160.03231578439107,159.98663365426367,160.00379378015208,0.01728960085018802
2026-06-03 16:50:00+09:00,USDJPY,5m,160.00726330090777,160.01266007730337,159.98692811116535,160.0045514312676,0.013085190099582245
2026-06-03 16:55:00+09:00,USDJPY,5m,159.99939181619996,160.03019573759366,159.99390709936745,160.00331739712814,0.007261931285167403
2026-06-03 17:00:00+09:00,USDJPY,5m,160.0127806830041,160.03239529081182,159.9778034619641,160.0031217845717,0.009573683739976295
2026-06-03 17:05:00+09:00,USDJPY,5m,159.99839164339593,160.01233775813267,159.9843649120536,160.0029089200521,0.014720498846165265
2026-06-03 17:10:00+09:00,USDJPY,5m,159.99612755147507,160.02512606464038,159.99379741649267,160.00207441303527,0.019518693380550192
2026-06-03 17:15:00+09:00,USDJPY,5m,160.00046080529845,160.00762486099217,159.97746379548315,160.00161772302272,0.018076496930829807
2026-06-03 17:20:00+09:00,USDJPY,5m,159.99209818892967,160.0160969481439,159.972650278056,160.00096137751544,0.008163790550882783
2026-06-03 17:25:00+09:00,USDJPY,5m,160.01159262907493,160.01992982226145,159.97334006730057,160.0020227397815,0.019967561827181436
2026-06-03 17:30:00+09:00,USDJPY,5m,160.00436281794572,160.02211027746512,159.98836870350712,160.0025941468174,0.002063083943559049
2026-06-03 17:35:00+09:00,USDJPY,5m,160.00450612170766,160.0317655110806,159.99497915803536,160.00336707987438,0.0024973356045514717
2026-06-03 17:40:00+09:00,USDJPY,5m,160.0069260087108,160.02561635029514,159.98585009244698,160.0038100831128,0.016829129273081493
2026-06-03 17:45:00+09:00,USDJPY,5m,160.00308312500562,160.02017460083053,159.99532742131632,160.00314265205006,0.0055903283629949365
2026-06-03 17:50:00+09:00,USDJPY,5m,159.99347921023218,160.02807981579696,159.97448825442748,160.0028379398903,0.0030938468311323356
2026-06-03 17:55:00+09:00,USDJPY,5m,160.00538779040386,160.0319048851509,159.99355207394316,160.00314156462704,0.00626866531825704
2026-06-03 18:00:00+09:00,USDJPY,5m,160.00674176548083,160.00796994165876,159.99109914144293,160.0024182879417,0.009669802771655484
2026-06-03 18:05:00+09:00,USDJPY,5m,160.00119106821228,160.0324191188062,159.98769017382767,160.0028560869998,0.015150192867801289
2026-06-03 18:10:00+09:00,USDJPY,5m,160.00786780320232,160.0098751952375,159.98814278004693,160.0027218917609,0.0132380394779217
2026-06-03 18:15:00+09:00,USDJPY,5m,159.99704702526316,160.02786666875812,159.97764042696645,160.0025069992764,0.006277181916087568
2026-06-03 18:20:00+09:00,USDJPY,5m,159.9973691070786,160.01495194407107,159.9865356547435,160.0029435752573,0.01105886806581052
2026-06-03 18:25:00+09:00,USDJPY,5m,159.99644847299794,160.01152462468804,159.9939509267441,160.00322013324418,0.01867185389717424
2026-06-03 18:30:00+09:00,USDJPY,5m,160.00045344874047,160.01900994453754,159.99133330615754,160.0030135535447,0.01667013998570764
2026-06-03 18:35:00+09:00,USDJPY,5m,160.0106593921345,160.0248180659129,159.98599131679703,160.0037191514267,0.00781741612697228
2026-06-03 18:40:00+09:00,USDJPY,5m,160.00963875467312,160.01760430955574,159.9943941654945,160.00308051343015,0.019680762104402533
2026-06-03 18:45:00+09:00,USDJPY,5m,160.0011165589536,160.0098242100014,159.98316868290317,160.00346007479433,0.014755167207832359
2026-06-03 18:50:00+09:00,USDJPY,5m,160.0056083102687,160.0238124640406,159.98468225288534,160.00382593554912,0.003124088402002072
2026-06-03 18:55:00+09:00,USDJPY,5m,160.00806653401503,160.0312102895883,159.98078264977596,160.00365020768552,0.0026328928391954965
2026-06-03 19:00:00+09:00,USDJPY,5m,159.99868002299144,160.01843627164754,159.9754132721144,160.00385588749887,0.00503134308218054
2026-06-03 19:05:00+09:00,USDJPY,5m,159.99647804107096,160.0135235387938,159.97530885532552,160.00311521935305,0.015101405624902644
2026-06-03 19:10:00+09:00,USDJPY,5m,160.01312155542882,160.0197440692129,159.97502774511284,160.00367963556457,0.005307300665163703
2026-06-03 19:15:00+09:00,USDJPY,5m,160.00592984054688,160.0097877620589,159.99246080435708,160.00357869428268,0.011206761845759004
2026-06-03 19:20:00+09:00,USDJPY,5m,160.01290337490704,160.0287872500824,159.99498592780438,160.00327506047037,0.0036786821632549716
2026-06-03 19:25:00+09:00,USDJPY,5m,160.00066958574854,160.02957298627965,159.99135754849348,160.00391446600588,0.018575950840943517
2026-06-03 19:30:00+09:00,USDJPY,5m,160.00756249379103,160.0232018713773,159.9761247304724,160.00350185979156,0.008191291044504216
2026-06-03 19:35:00+09:00,USDJPY,5m,159.9971188557446,160.0164943552372,159.97336544614816,160.00266678301375,0.01834637701809136
2026-06-03 19:40:00+09:00,USDJPY,5m,159.9969668089351,160.02673738962076,159.97525968173287,160.00174280550962,0.019007761554389796
2026-06-03 19:45:00+09:00,USDJPY,5m,160.00235445390584,160.02098358710015,159.99436596845226,160.00211641148044,0.002110315651646254
2026-06-03 19:50:00+09:00,USDJPY,5m,159.9977505163791,160.0270064615827,159.97267245391745,160.00135815386895,0.010354433369577178
2026-06-03 19:55:00+09:00,USDJPY,5m,159.99577346165492,160.02320750019268,159.98683707969434,160.00242103037812,0.002443809002724072
2026-06-03 20:00:00+09:00,USDJPY,5m,159.99643948677317,160.0257920095637,159.99594911546433,160.00118187273338,0.018356469793452304
2026-06-03 20:05:00+09:00,USDJPY,5m,159.9929247144437,160.02217382138483,159.98614990303565,160.00220974655437,0.011331335805222366
2026-06-03 20:10:00+09:00,USDJPY,5m,160.00643482946424,160.01769988374008,159.99619462779282,160.0023463570347,0.003348992228572943
2026-06-03 20:15:00+09:00,USDJPY,5m,160.00214066230927,160.0312469756657,159.98370138113853,160.00229832916756,0.0039849811089782035
2026-06-03 20:20:00+09:00,USDJPY,5m,159.99386623904357,160.02050922333746,159.98851752702956,160.00198137771548,0.008903162440869304
2026-06-03 20:25:00+09:00,USDJPY,5m,159.99566473924668,160.02235809734762,159.98539498604424,160.0022308593841,0.01892421547171201
2026-06-03 20:30:00+09:00,USDJPY,5m,159.9942689693249,160.01273046954802,159.98188901954407,160.00221827856265,0.014472364728225457
2026-06-03 20:35:00+09:00,USDJPY,5m,160.00514211585735,160.02353152942752,159.9761702322964,160.00289025969184,0.017617139591404388
2026-06-03 20:40:00+09:00,USDJPY,5m,159.9948530035533,160.02225898751811,159.98142125686925,160.00296879628104,0.008596219634119634
2026-06-03 20:45:00+09:00,USDJPY,5m,160.00815462399865,160.0126899372866,159.98721775562598,160.00306897733793,0.0027778465918999696
2026-06-03 20:50:00+09:00,USDJPY,5m,159.993271028397,160.0093504874444,159.97737511366884,160.0028608100106,0.019537717469679458
2026-06-03 20:55:00+09:00,USDJPY,5m,159.9978241583963,160.02294562562923,159.97519708919705,160.00283664263637,0.002309113831922652
2026-06-03 21:00:00+09:00,USDJPY,5m,160.01084465721556,160.02712363043148,159.9950373245369,160.0030313236977,0.019057729755459607
2026-06-03 21:05:00+09:00,USDJPY,5m,160.00638584902455,160.02010025693514,159.98371689822326,160.0020152226621,0.008636193629284606
2026-06-03 21:10:00+09:00,USDJPY,5m,159.99267567806737,160.01188562704183,159.98910351241528,160.00121631140885,0.0021816272903938676
2026-06-03 21:15:00+09:00,USDJPY,5m,160.00809479195496,160.02333531928258,159.99549573991834,160.00167226986525,0.01440483017104115
2026-06-03 21:20:00+09:00,USDJPY,5m,160.00164549155892,160.00878743229336,159.98007112175029,160.00178478912812,0.019649725472564376
2026-06-03 21:25:00+09:00,USDJPY,5m,160.0086200596697,160.0177302417464,159.97511512968984,160.00168439912633,0.01938126301107667
2026-06-03 21:30:00+09:00,USDJPY,5m,160.00372025497515,160.0107896284461,159.9926328931242,160.00170545948615,0.004896866201643532
2026-06-03 21:35:00+09:00,USDJPY,5m,160.00556066915004,160.01153548478587,159.9766136670688,160.00192400850938,0.00526246050919079
2026-06-03 21:40:00+09:00,USDJPY,5m,160.01148018390913,160.01166750143017,159.97527525936277,160.0016101527012,0.012179700463153883
2026-06-03 21:45:00+09:00,USDJPY,5m,159.99579988078443,160.01582084629203,159.9732946587993,160.00115316986594,0.013471486875709841
2026-06-03 21:50:00+09:00,USDJPY,5m,160.0037595885142,160.0075594321595,159.98964854979184,160.001280677019,0.015309522445985583
2026-06-03 21:55:00+09:00,USDJPY,5m,159.9999100811536,160.01564848937568,159.9731048267227,160.00070365335245,0.005258906488498655
2026-06-03 22:00:00+09:00,USDJPY,5m,159.99174764406433,160.01875129118375,159.98794203613747,160.00095860500588,0.019262127561759823
2026-06-03 22:05:00+09:00,USDJPY,5m,159.99023646767338,160.01702941196748,159.98113860450692,159.99994705484332,0.013497306613206283
2026-06-03 22:10:00+09:00,USDJPY,5m,159.99295911978209,160.0151441507358,159.99431186145492,160.00057454822573,0.017246844539669987
2026-06-03 22:15:00+09:00,USDJPY,5m,160.00384994152594,160.02684677191692,159.99477107950594,160.00086810671516,0.011721182875115093
2026-06-03 22:20:00+09:00,USDJPY,5m,160.00237498631404,160.00966489186627,159.97802239423746,160.00103172455576,0.009456983256617889
2026-06-03 22:25:00+09:00,USDJPY,5m,160.0026999303694,160.01927375774065,159.98551933969668,160.00163133914612,0.019589292318709928
2026-06-03 22:30:00+09:00,USDJPY,5m,159.99327775906335,160.0091916592367,159.99123331442857,160.0026406238128,0.01247818467475705
2026-06-03 22:35:00+09:00,USDJPY,5m,160.002645305779,160.01003813782376,159.9934989084512,160.0032592458518,0.017603724490385223
2026-06-03 22:40:00+09:00,USDJPY,5m,160.01065717766988,160.02151136755495,159.98041588404155,160.00216472131302,0.01915926313459322
2026-06-03 22:45:00+09:00,USDJPY,5m,159.99935881251918,160.02055743575517,159.99639693653234,160.00140697513297,0.014156383286155868
2026-06-03 22:50:00+09:00,USDJPY,5m,160.00354053338214,160.02799292180748,159.97589480475645,160.00104208398636,0.011880896213336151
2026-06-03 22:55:00+09:00,USDJPY,5m,160.00666411212896,160.020014580508,159.99408649846325,160.00106773861648,0.0020631953163917113
2026-06-03 23:00:00+09:00,USDJPY,5m,160.0070668396116,160.0303831095389,159.99160109365607,160.00138833402877,0.002720353533302108
2026-06-03 23:05:00+09:00,USDJPY,5m,160.0013484893888,160.00718025895088,159.98630697785842,160.00096288774088,0.005615321888920095
2026-06-03 23:10:00+09:00,USDJPY,5m,160.0082439867076,160.00853513991908,159.98396347930668,160.00108494779957,0.005348151773407915
2026-06-03 23:15:00+09:00,USDJPY,5m,159.99846927990743,160.00674336457942,159.9867668401448,160.00064171804016,0.006585658313597217
2026-06-03 23:20:00+09:00,USDJPY,5m,160.00805867165406,160.0099167286167,159.98726700323374,160.00028480735836,0.007488823478557896
2026-06-03 23:25:00+09:00,USDJPY,5m,159.99425535402816,160.0179825634738,159.97035291039842,159.99945081070024,0.008481178883913108
2026-06-03 23:30:00+09:00,USDJPY,5m,159.99451119889238,160.02004617528826,159.97786737872147,159.99890687075256,0.009569678421239777
2026-06-03 23:35:00+09:00,USDJPY,5m,159.9891682724732,160.00424548893793,159.99252003610502,159.9981058599892,0.0037795940922082643
2026-06-03 23:40:00+09:00,USDJPY,5m,160.00344197276826,160.02617960828354,159.9817759383263,159.9975303360374,0.0027625147751500767
2026-06-03 23:45:00+09:00,USDJPY,5m,159.99651362584004,160.02422665553163,159.97129730362178,159.99817252111538,0.014131000083314423
2026-06-03 23:50:00+09:00,USDJPY,5m,159.99219521406033,160.010028193836,159.98507647712182,159.9976128817821,0.0116720268471754
2026-06-03 23:55:00+09:00,USDJPY,5m,159.9938381165733,160.00613199927665,159.9918384024016,159.99920231102098,0.009994595639962155
2026-06-04 00:00:00+09:00,USDJPY,5m,160.0075363005861,160.008755478592,159.97554868247178,159.99950830176152,0.013419918941030343
2026-06-04 00:05:00+09:00,USDJPY,5m,160.00630753544496,160.00780281377962,159.97947885763733,159.99962920343575,0.01689822932966373
2026-06-04 00:10:00+09:00,USDJPY,5m,160.00019480647475,160.00720628325007,159.97986637607195,159.9991241887676,0.009698472364091684
2026-06-04 00:15:00+09:00,USDJPY,5m,160.00187659070357,160.0175184169119,159.99321496070507,159.99955437469526,0.01354015037093563
2026-06-04 00:20:00+09:00,USDJPY,5m,159.99870550341052,160.01036517806187,159.99070651675464,159.99921899199953,0.01916430002903286
2026-06-04 00:25:00+09:00,USDJPY,5m,159.9971355287459,160.01325569080154,159.978738462983,159.9993021978883,0.017113240925508096
2026-06-04 00:30:00+09:00,USDJPY,5m,160.00915778623565,160.03058588194588,159.9906526525748,160.00084824861128,0.009668014589043372
2026-06-04 00:35:00+09:00,USDJPY,5m,159.99331286674186,160.02290846889457,159.98319886067773,160.00080061267144,0.013604903080665375
2026-06-04 00:40:00+09:00,USDJPY,5m,159.99986911246154,160.03022469334337,159.98287813451648,160.0015001766672,0.005187276594486916
2026-06-04 00:45:00+09:00,USDJPY,5m,159.9979795089719,160.00965218468798,159.98900059105537,160.00108827081215,0.012089399328111618
2026-06-04 00:50:00+09:00,USDJPY,5m,160.00104029212284,160.01563076458865,159.97236664882928,160.00107727771783,0.019663909240491974
2026-06-04 00:55:00+09:00,USDJPY,5m,160.00130239559013,160.02101805318128,159.97608815542833,160.00214975809922,0.011329672073645401
2026-06-04 01:00:00+09:00,USDJPY,5m,160.00216136849758,160.00870252941178,159.97872424017373,160.00178357786456,0.01869748938542265
2026-06-04 01:05:00+09:00,USDJPY,5m,159.9956794265439,160.00798573309004,159.9959312003391,160.00288104699933,0.009332028569058693
2026-06-04 01:10:00+09:00,USDJPY,5m,160.00357852819087,160.02507655650552,159.9956624476779,160.0033156981606,0.019979206889323364
2026-06-04 01:15:00+09:00,USDJPY,5m,159.9978365943728,160.02403370601513,159.98566868444846,160.00298821809508,0.012425960634096043
2026-06-04 01:20:00+09:00,USDJPY,5m,159.99706428971825,160.0186473829885,159.99435982900872,160.0033776627385,0.002760841896246822
2026-06-04 01:25:00+09:00,USDJPY,5m,159.99526787978402,160.0212122973091,159.97451455882006,160.0039711954083,0.012561586340444986
2026-06-04 01:30:00+09:00,USDJPY,5m,160.00960733256073,160.0197403564004,159.99539127553493,160.00435428138562,0.00694230852223274
2026-06-04 01:35:00+09:00,USDJPY,5m,160.0019709849708,160.0090222726748,159.98623545066707,160.00342214655367,0.002584663796646105
2026-06-04 01:40:00+09:00,USDJPY,5m,160.00552873791443,160.01638015440363,159.98889283782717,160.0029958642482,0.01677535948450394
2026-06-04 01:45:00+09:00,USDJPY,5m,160.00740921993298,160.0122844094518,159.98187269253052,160.00285735306687,0.0069631334656536075
2026-06-04 01:50:00+09:00,USDJPY,5m,160.00640902631565,160.01028329773692,159.99459678278717,160.0028226930094,0.016337873972836973
2026-06-04 01:55:00+09:00,USDJPY,5m,160.0026151106497,160.03212310711515,159.98744718556685,160.00320509626792,0.0071879164932056065
2026-06-04 02:00:00+09:00,USDJPY,5m,160.00107968744754,160.02330570999456,159.99145409104833,160.0033217168685,0.005497874369727937
2026-06-04 02:05:00+09:00,USDJPY,5m,160.00004970844606,160.02574691735916,159.97533672213646,160.00253051025325,0.019530840333879695
2026-06-04 02:10:00+09:00,USDJPY,5m,160.0055696049025,160.01565272254552,159.9967539861605,160.00276862896388,0.008509615899590352
2026-06-04 02:15:00+09:00,USDJPY,5m,160.00304086750987,160.0179736586484,159.97530179306088,160.00314498041104,0.01282477180597689
2026-06-04 02:20:00+09:00,USDJPY,5m,160.01047349963957,160.0144139545272,159.97766600121597,160.0034908546798,0.012979666870660489
2026-06-04 02:25:00+09:00,USDJPY,5m,160.01164336280164,160.01157346488924,159.9917100552041,160.00414932311512,0.012088522679123033
2026-06-04 02:30:00+09:00,USDJPY,5m,159.998070883968,160.01413546734392,159.97992741004094,160.00465967640787,0.018464523383381864
2026-06-04 02:35:00+09:00,USDJPY,5m,159.99766985748633,160.02988303558783,159.99916484544693,160.0049451844554,0.014139939284603635
2026-06-04 02:40:00+09:00,USDJPY,5m,160.00752110354927,160.0268517301581,159.9757414462712,160.00491308502853,0.009267194073888745
2026-06-04 02:45:00+09:00,USDJPY,5m,159.99995102342967,160.02259973036806,159.98576163490367,160.00392650846842,0.017522846921436935
2026-06-04 02:50:00+09:00,USDJPY,5m,159.99456569377517,160.02107152622156,159.99161225374826,160.00419427939988,0.00525913218408736
2026-06-04 02:55:00+09:00,USDJPY,5m,160.01210174539943,160.03238974910357,159.9902643116973,160.00432889201218,0.011796261636987515
2026-06-04 03:00:00+09:00,USDJPY,5m,159.9990398546594,160.011320213009,159.997841705478,160.0045018393145,0.01910990669498762
2026-06-04 03:05:00+09:00,USDJPY,5m,160.01233140320272,160.01576081049996,159.97401205231796,160.003745790169,0.01325715733784743
2026-06-04 03:10:00+09:00,USDJPY,5m,160.00745584526234,160.01685560258403,159.997124857616,160.00310715624477,0.016705432108547774
2026-06-04 03:15:00+09:00,USDJPY,5m,160.00900211775502,160.0283096932621,159.98237636987807,160.00374904795677,0.013764093059813473
2026-06-04 03:20:00+09:00,USDJPY,5m,159.99776454478032,160.0335481803685,159.9876669166718,160.00373531486446,0.017108675543682027
2026-06-04 03:25:00+09:00,USDJPY,5m,159.9988381037952,160.01517097815182,159.97543130982817,160.00415421528288,0.01900078183721439
2026-06-04 03:30:00+09:00,USDJPY,5m,160.00460656138503,160.03103888966197,159.99303121280087,160.00418120630854,0.006912591095589263
2026-06-04 03:35:00+09:00,USDJPY,5m,159.99765105704526,160.02997462900305,159.98590688939382,160.00420905999226,0.00505389946262094
2026-06-04 03:40:00+09:00,USDJPY,5m,160.00089066412949,160.0153984652169,159.98772312506125,160.00478203027583,0.010711833505985719
2026-06-04 03:45:00+09:00,USDJPY,5m,160.00091165299787,160.0194657179439,159.98191074233767,160.0044824034389,0.014633523682835888
2026-06-04 03:50:00+09:00,USDJPY,5m,159.99774267457013,160.0197918976374,159.99784982010627,160.0045500759051,0.00608944255727989
2026-06-04 03:55:00+09:00,USDJPY,5m,159.99838636739975,160.033738227445,159.99443798248126,160.00428271073184,0.002073826107743007
2026-06-04 04:00:00+09:00,USDJPY,5m,160.00980304983557,160.01355431052986,159.99366789249308,160.0040320129954,0.008172832085060696
2026-06-04 04:05:00+09:00,USDJPY,5m,159.99720042681227,160.02883545899894,159.98040274085028,160.00385650972132,0.019439468038420192
2026-06-04 04:10:00+09:00,USDJPY,5m,159.99456893782116,160.0173546078386,159.9942713225761,160.00399978998428,0.014509414290905243
2026-06-04 04:15:00+09:00,USDJPY,5m,160.00630963966387,160.02699429945568,159.984385246714,160.00372254081128,0.009223857990942032
2026-06-04 04:20:00+09:00,USDJPY,5m,160.01400565687447,160.01998626959403,159.99410489897411,160.00448599448663,0.005466369752243126
2026-06-04 04:25:00+09:00,USDJPY,5m,160.00058350639776,160.02341822418322,159.97741860635318,160.0039592301053,0.008409614127585447
2026-06-04 04:30:00+09:00,USDJPY,5m,159.99623022118274,160.02967240145196,159.9753024707566,160.00385710711882,0.005057109799422464
2026-06-04 04:35:00+09:00,USDJPY,5m,160.00501101499117,160.02870740760844,159.9856409441103,160.00360326848383,0.003913504783633125
2026-06-04 04:40:00+09:00,USDJPY,5m,160.01260853943637,160.03114203480294,159.99067373310922,160.00448145521446,0.018321362706305973
2026-06-04 04:45:00+09:00,USDJPY,5m,160.01029062367692,160.01109982121397,159.9937579437049,160.00460938808035,0.019957706090758524
2026-06-04 04:50:00+09:00,USDJPY,5m,160.0076888121723,160.02753975863004,159.99899396976596,160.00523849480405,0.004954059912724226
2026-06-04 04:55:00+09:00,USDJPY,5m,160.0006582885124,160.01285684299827,159.9926446566753,160.00435715858023,0.002981406059809035
2026-06-04 05:00:00+09:00,USDJPY,5m,160.00536499220527,160.0199228529402,159.9831714942411,160.00452738873975,0.007935159928631823
2026-06-04 05:05:00+09:00,USDJPY,5m,159.9968960640432,160.0237858775935,159.9867307439344,160.00507116721712,0.010309865253705476
2026-06-04 05:10:00+09:00,USDJPY,5m,160.0087094460963,160.02019902472935,159.97652950565367,160.00513053761068,0.0056867824473653805
2026-06-04 05:15:00+09:00,USDJPY,5m,160.01028174621368,160.0237701177308,159.99087289427345,160.00577982583573,0.007425648412374053
2026-06-04 05:20:00+09:00,USDJPY,5m,160.01478008522386,160.03539261048562,159.98313286920745,160.00547945276566,0.0056156732424498396
2026-06-04 05:25:00+09:00,USDJPY,5m,160.00154300840467,160.0147154940726,159.98910199254289,160.00633506122978,0.015936690231784123
2026-06-04 05:30:00+09:00,USDJPY,5m,159.9980935284848,160.02961080123734,159.98990999470584,160.00772440010394,0.014826402978450694
2026-06-04 05:35:00+09:00,USDJPY,5m,160.00842886625622,160.0224167211273,159.99582233910257,160.00751669696768,0.013429127283697672
2026-06-04 05:40:00+09:00,USDJPY,5m,160.01139520554278,160.01558464042753,159.9908856260338,160.00725939545484,0.008969921427425687
2026-06-04 05:45:00+09:00,USDJPY,5m,160.01394957565878,160.0171098452255,159.9913718012158,160.00814142614112,0.018362736943656248
2026-06-04 05:50:00+09:00,USDJPY,5m,160.00297394808902,160.03783099708468,159.98643310638482,160.00909916942854,0.01945158574763036
2026-06-04 05:55:00+09:00,USDJPY,5m,160.004030510793,160.03578549083005,159.98027945343262,160.00879545341226,0.005125507627257416
2026-06-04 06:00:00+09:00,USDJPY,5m,160.00880515982735,160.03622939033238,159.99532030938494,160.008553341322,0.006014227545413805
2026-06-04 06:05:00+09:00,USDJPY,5m,160.0050062867561,160.03818258995238,160.00233925884217,160.0083942705567,0.011461358504006655
2026-06-04 06:10:00+09:00,USDJPY,5m,160.0148078299818,160.01780548500025,159.99019022211255,160.00759760025005,0.0036425102470804154
2026-06-04 06:15:00+09:00,USDJPY,5m,160.00653161215695,160.02094239251628,159.98844487577844,160.00705640908217,0.009856071178816032
2026-06-04 06:20:00+09:00,USDJPY,5m,160.01245549750416,160.02819440037024,159.99725291084383,160.00646392462212,0.012472242765998783
2026-06-04 06:25:00+09:00,USDJPY,5m,160.0076256412927,160.02310830957958,159.98200163092616,160.00601324608306,0.011397324280471997
2026-06-04 06:30:00+09:00,USDJPY,5m,160.01146423798298,160.0214621734851,159.9763792074396,160.00600243515063,0.00795635449540447
2026-06-04 06:35:00+09:00,USDJPY,5m,160.00280642372076,160.02009824522355,159.97750859606495,160.00615296399016,0.011764024509389725
2026-06-04 06:40:00+09:00,USDJPY,5m,160.01372159672442,160.0269377800844,159.99716561331525,160.00709326428583,0.019258417176659264
2026-06-04 06:45:00+09:00,USDJPY,5m,160.0019956981724,160.0258940875774,159.97962017086388,160.0065042518614,0.005708313277244769
2026-06-04 06:50:00+09:00,USDJPY,5m,160.00802682146056,160.01614129115208,159.9844925043902,160.0071048453005,0.013786964451092067
2026-06-04 06:55:00+09:00,USDJPY,5m,160.00126659425743,160.02377994793193,159.99064028789877,160.00698645199395,0.0027811404948089335
2026-06-04 07:00:00+09:00,USDJPY,5m,160.00647730420067,160.0258035681734,159.98845149891002,160.00696677376814,0.0031954952806658287
2026-06-04 07:05:00+09:00,USDJPY,5m,160.00374516965363,160.02663883893172,159.98114166108888,160.00738166546344,0.011932908036024531
2026-06-04 07:10:00+09:00,USDJPY,5m,160.00205210086327,160.01697071207332,159.98971465875957,160.00671803225052,0.0038889052459030907
2026-06-04 07:15:00+09:00,USDJPY,5m,160.01629717845879,160.03051426290455,159.9926272938706,160.00695747809823,0.002402242191683432
2026-06-04 07:20:00+09:00,USDJPY,5m,160.00026883153288,160.01269732679367,159.9897361620975,160.00706734942315,0.0050872339576644
2026-06-04 07:25:00+09:00,USDJPY,5m,160.0131193369307,160.02124361657013,159.98789457508067,160.00737282018156,0.012167285077992342
2026-06-04 07:30:00+09:00,USDJPY,5m,160.01723962055758,160.03206163758128,159.99782938002343,160.0075563213679,0.014660137181340785
2026-06-04 07:35:00+09:00,USDJPY,5m,159.99943753112663,160.02813682447822,159.98151680819515,160.00903950145184,0.00564461415454484
2026-06-04 07:40:00+09:00,USDJPY,5m,160.01264740574214,160.02019591827406,159.98681218374054,160.0086668574613,0.014028669869747143
2026-06-04 07:45:00+09:00,USDJPY,5m,160.00341649539942,160.03073208727187,159.98752653635484,160.0083582592883,0.005284573959786128
2026-06-04 07:50:00+09:00,USDJPY,5m,159.998804131459,160.02717914857635,160.0005069693179,160.00799437497244,0.013042233679362629
2026-06-04 07:55:00+09:00,USDJPY,5m,160.0057288802801,160.03257717893737,159.98756674024665,160.00767108870096,0.009415274238124379
2026-06-04 08:00:00+09:00,USDJPY,5m,160.01600301262798,160.0306742860793,159.9992746398686,160.00729865642455,0.013768391168005103
2026-06-04 08:05:00+09:00,USDJPY,5m,159.99825736823055,160.02827476439413,160.00105462446334,160.00802206634322,0.019910949544626452
2026-06-04 08:10:00+09:00,USDJPY,5m,160.0106420827306,160.02608881077478,159.99070159650094,160.008884368892,0.018880705374186117
2026-06-04 08:15:00+09:00,USDJPY,5m,160.00857985068768,160.01688147425747,159.99348228276463,160.00855192111578,0.0020770716410498653
2026-06-04 08:20:00+09:00,USDJPY,5m,160.01553019105933,160.01959583321906,159.988342251018,160.0080625077719,0.017937897758521504
2026-06-04 08:25:00+09:00,USDJPY,5m,160.00003539139615,160.02383284392866,160.0011248029043,160.00835535710573,0.0031968343131457974
2026-06-04 08:30:00+09:00,USDJPY,5m,160.01166454387692,160.02801650545433,159.992259446708,160.00803402327918,0.019154838550877212
2026-06-04 08:35:00+09:00,USDJPY,5m,160.0120259763385,160.0262664787502,159.9990541144937,160.00842378236982,0.007072862223794325
2026-06-04 08:40:00+09:00,USDJPY,5m,160.01193713651958,160.02076014933132,159.97887803403424,160.00855553618234,0.008876626947402877
2026-06-04 08:45:00+09:00,USDJPY,5m,160.01650277961204,160.0128176986581,159.98862733440248,160.00765608971335,0.0036494876931631014
2026-06-04 08:50:00+09:00,USDJPY,5m,160.01505634341427,160.02600057338165,159.9864086713106,160.00859459283413,0.004020909649920373
2026-06-04 08:55:00+09:00,USDJPY,5m,160.00052157396286,160.02182276915207,159.99654666242094,160.009682119438,0.015081330174127754
2026-06-04 09:00:00+09:00,USDJPY,5m,160.0087461032378,160.03268965374147,160.00195597335423,160.0093244462237,0.01899798024346925
2026-06-04 09:05:00+09:00,USDJPY,5m,160.00706088641175,160.0147004819195,159.97970505371813,160.00910182528773,0.012993472909177572
2026-06-04 09:10:00+09:00,USDJPY,5m,160.00548628894398,160.02890403980481,159.9971268686376,160.00928334452217,0.014885300279482601
2026-06-04 09:15:00+09:00,USDJPY,5m,160.00852075309925,160.03803087453383,159.99389881396684,160.00949401859617,0.015715455402748765
2026-06-04 09:20:00+09:00,USDJPY,5m,160.0075830288583,160.01925937683757,159.98865254711723,160.00989914515978,0.006730656941952951
2026-06-04 09:25:00+09:00,USDJPY,5m,160.00976194588063,160.0279065051518,160.00549783544088,160.01111526788304,0.0028141333565638686
2026-06-04 09:30:00+09:00,USDJPY,5m,160.0206043368587,160.01830464934196,159.98576262128358,160.01101909954653,0.0020337093905450345
2026-06-04 09:35:00+09:00,USDJPY,5m,160.00232278069478,160.03119216900635,159.9921356664491,160.0105501211998,0.008311687093172336
2026-06-04 09:40:00+09:00,USDJPY,5m,160.0181771470598,160.02849582167792,159.99777709998628,160.009732529663,0.00634635610758589
2026-06-04 09:45:00+09:00,USDJPY,5m,160.00890870590845,160.02448810974437,160.00276377200674,160.00930397163904,0.0031217190508853417
2026-06-04 09:50:00+09:00,USDJPY,5m,160.0117689403653,160.02732852099217,160.00023163506845,160.00929409545532,0.0052315092648860025
2026-06-04 09:55:00+09:00,USDJPY,5m,160.01698448950577,160.03779519663516,159.9830049837021,160.01038083017343,0.004240980168823061
2026-06-04 10:00:00+09:00,USDJPY,5m,160.007289523977,160.01998762095178,159.9879296577956,160.010080263394,0.018467810851112668
2026-06-04 10:05:00+09:00,USDJPY,5m,160.00883297432676,160.01578864895762,159.99897699312407,160.010224536165,0.004524809842265041
2026-06-04 10:10:00+09:00,USDJPY,5m,160.00841505203292,160.03676630454484,160.0035846633037,160.01022468242735,0.011677672351778226
2026-06-04 10:15:00+09:00,USDJPY,5m,160.00844233884212,160.0303756454511,159.98868233558173,160.0109477183914,0.012675907192018963
2026-06-04 10:20:00+09:00,USDJPY,5m,160.02098446427988,160.03974033923348,159.99316368469775,160.01247387784693,0.011782810238755409
2026-06-04 10:25:00+09:00,USDJPY,5m,160.01874395440703,160.03208898716852,159.9970523684717,160.01216535658318,0.003783015815887784
2026-06-04 10:30:00+09:00,USDJPY,5m,160.00406169271494,160.03713572016667,159.99779140668792,160.01188169291768,0.007738370511509923
2026-06-04 10:35:00+09:00,USDJPY,5m,160.00468065649346,160.0282600235278,160.00209783254567,160.0125181894439,0.002922865984336759
2026-06-04 10:40:00+09:00,USDJPY,5m,160.01149471463475,160.0366838226199,159.99119704292426,160.01293732433768,0.009122058453733688
2026-06-04 10:45:00+09:00,USDJPY,5m,160.0060284962678,160.0418813854054,159.9847886480383,160.01405534873314,0.005394780762888657
2026-06-04 10:50:00+09:00,USDJPY,5m,160.01679756754976,160.03371877973737,160.0050228244984,160.01441570564432,0.012109385599118838
2026-06-04 10:55:00+09:00,USDJPY,5m,160.00708396253506,160.0237297591539,159.99428221488947,160.01421013038984,0.014470551089283811
2026-06-04 11:00:00+09:00,USDJPY,5m,160.0150219885676,160.02629446366402,159.99896989689464,160.01457452328827,0.011578157483684718
2026-06-04 11:05:00+09:00,USDJPY,5m,160.00539414437668,160.02521585985906,159.999082527393,160.01524974543662,0.009816260539005124
2026-06-04 11:10:00+09:00,USDJPY,5m,160.01208396171359,160.02692346043523,160.00439835274213,160.01575203474533,0.008972001575420465
2026-06-04 11:15:00+09:00,USDJPY,5m,160.01961021363746,160.02872678539777,159.99043802727246,160.016066399164,0.01715045182574607
2026-06-04 11:20:00+09:00,USDJPY,5m,160.01639718278233,160.0355947486466,159.99958501387408,160.01671640397777,0.0059486251711748615
2026-06-04 11:25:00+09:00,USDJPY,5m,160.026993371052,160.03712777206863,159.99884283502706,160.01742798133202,0.01521593011151964
2026-06-04 11:30:00+09:00,USDJPY,5m,160.02574935264798,160.0339297704077,160.0056482539067,160.01826727672665,0.015634681845322143
2026-06-04 11:35:00+09:00,USDJPY,5m,160.01584791824004,160.03905202215472,160.00912129101752,160.0186665026592,0.009545600130873222
2026-06-04 11:40:00+09:00,USDJPY,5m,160.00948596264047,160.0256156049513,160.01142847210593,160.018576231811,0.0073514107860615085
2026-06-04 11:45:00+09:00,USDJPY,5m,160.02558678602517,160.02586896594931,159.99582128149973,160.01867426002286,0.010469746748827556
2026-06-04 11:50:00+09:00,USDJPY,5m,160.02763285160907,160.0287039019117,160.0095023083606,160.01940816540278,0.0036778506660685734
2026-06-04 11:55:00+09:00,USDJPY,5m,160.02534055186857,160.0368799414512,159.99667612014545,160.01892800400017,0.0028267405801236196
2026-06-04 12:00:00+09:00,USDJPY,5m,160.0117182068039,160.02950907495295,160.00439979683432,160.0191592079855,0.004008857590134052
2026-06-04 12:05:00+09:00,USDJPY,5m,160.02889150738633,160.0310153147854,160.00353883467335,160.0189332046981,0.005368610566320072
2026-06-04 12:10:00+09:00,USDJPY,5m,160.01413213602294,160.0339682724962,160.00223101418956,160.01896045159188,0.011075182766084775
2026-06-04 12:15:00+09:00,USDJPY,5m,160.02422162096562,160.04503417580972,160.00554481000626,160.01973752270945,0.0172844594509002
2026-06-04 12:20:00+09:00,USDJPY,5m,160.02802287967694,160.02520873554806,160.01234668271968,160.01986218215023,0.0062415619759943666
2026-06-04 12:25:00+09:00,USDJPY,5m,160.01461378636577,160.04113451458505,160.00715924882908,160.01990004407915,0.01883291619344201
2026-06-04 12:30:00+09:00,USDJPY,5m,160.0272593014881,160.0408160436706,159.99750077137722,160.01909413039456,0.019188342360830064
2026-06-04 12:35:00+09:00,USDJPY,5m,160.01574151411805,160.04451827704307,159.99790727249743,160.01955188253416,0.019260282887213695
2026-06-04 12:40:00+09:00,USDJPY,5m,160.02947743749053,160.04826799651934,160.00779356536185,160.01994917304285,0.017076129224173828
2026-06-04 12:45:00+09:00,USDJPY,5m,160.01688232628445,160.02676057210059,160.0047545602129,160.02125712587684,0.008548850734358971
2026-06-04 12:50:00+09:00,USDJPY,5m,160.03015117543103,160.0299270515737,160.01124627823557,160.02108245893587,0.003308310398047215
2026-06-04 12:55:00+09:00,USDJPY,5m,160.0122948421503,160.04837823148387,160.01096464709423,160.02122394913246,0.01223873717179691
2026-06-04 13:00:00+09:00,USDJPY,5m,160.02556901957607,160.03784654339736,160.0158074021325,160.02138357934268,0.012056265990870209
2026-06-04 13:05:00+09:00,USDJPY,5m,160.02298227398728,160.0414548172839,159.99492138756287,160.02234005131055,0.01729956380797272
2026-06-04 13:10:00+09:00,USDJPY,5m,160.02185041553358,160.04386855408418,160.01202520736425,160.02229287399112,0.019927838917029893
2026-06-04 13:15:00+09:00,USDJPY,5m,160.0169401731917,160.04444695201897,160.01178193998317,160.02247028690658,0.011146831518082658
2026-06-04 13:20:00+09:00,USDJPY,5m,160.02695694060793,160.0511385348953,160.01085498899627,160.0228450248124,0.008213672558716117
2026-06-04 13:25:00+09:00,USDJPY,5m,160.01678318011523,160.0528907257216,160.01478178849393,160.0229669902863,0.005346230808012806
2026-06-04 13:30:00+09:00,USDJPY,5m,160.02376596603725,160.04571306664084,160.00172755803803,160.02270913011756,0.0020863968467126734
2026-06-04 13:35:00+09:00,USDJPY,5m,160.01790049137412,160.03501611434345,160.01595701028387,160.02283558411332,0.011164046464799826
2026-06-04 13:40:00+09:00,USDJPY,5m,160.03260219075884,160.05048357322056,160.01513470250507,160.0234897631632,0.011999336000646725
2026-06-04 13:45:00+09:00,USDJPY,5m,160.0134564778603,160.0291143768471,160.00176493581884,160.0228838539836,0.016848892636713155
2026-06-04 13:50:00+09:00,USDJPY,5m,160.0169682013903,160.03375065710995,160.00948212027603,160.02297363578808,0.011082385422070412
2026-06-04 13:55:00+09:00,USDJPY,5m,160.01740977542687,160.0499982062357,159.99986486763157,160.02256356329912,0.018496430275989018
2026-06-04 14:00:00+09:00,USDJPY,5m,160.0215719477918,160.03469537913745,160.0043549726597,160.02329059127646,0.01330550257828584
2026-06-04 14:05:00+09:00,USDJPY,5m,160.01704128397097,160.0329029556241,160.01098614980702,160.02238667913358,0.017126052287979497
2026-06-04 14:10:00+09:00,USDJPY,5m,160.0218883078306,160.03051445835374,160.000790627263,160.02206132602524,0.004669431226539449
2026-06-04 14:15:00+09:00,USDJPY,5m,160.02974696361545,160.04877544709146,160.01439081114296,160.02229765315028,0.017396050345441665
2026-06-04 14:20:00+09:00,USDJPY,5m,160.027488235996,160.0407484240476,160.00483670799082,160.02324696756781,0.014152589379989273
2026-06-04 14:25:00+09:00,USDJPY,5m,160.02481675702185,160.0450898474875,160.00728881478503,160.02321751741115,0.00506419458388995
2026-06-04 14:30:00+09:00,USDJPY,5m,160.0146744612548,160.03387105729703,160.0111975581247,160.02289439769515,0.005415744046628196
2026-06-04 14:35:00+09:00,USDJPY,5m,160.0279129341046,160.0479841024621,160.00393296699332,160.02403309193681,0.018677011142795984
2026-06-04 14:40:00+09:00,USDJPY,5m,160.01650256928278,160.0471744222206,159.99639094378804,160.02317428359655,0.0025798764881067118
2026-06-04 14:45:00+09:00,USDJPY,5m,160.02759234774183,160.03467995064528,159.9918923825285,160.0218650000226,0.010325628979322711
2026-06-04 14:50:00+09:00,USDJPY,5m,160.01714014386283,160.0374060745179,160.00194493947404,160.02213900869262,0.007642555218813829
2026-06-04 14:55:00+09:00,USDJPY,5m,160.02018875072443,160.03209003309377,160.00673012929977,160.021847776158,0.013971393919971707
2026-06-04 15:00:00+09:00,USDJPY,5m,160.01825444051408,160.05065906205078,160.0106148589623,160.02124503646772,0.017113328976241855
2026-06-04 15:05:00+09:00,USDJPY,5m,160.0288563286296,160.04282011476255,160.01025264810121,160.0216800503361,0.008486806188018253
2026-06-04 15:10:00+09:00,USDJPY,5m,160.01436721993863,160.05019992778224,160.0048499563106,160.02183633076436,0.009684237571811069
2026-06-04 15:15:00+09:00,USDJPY,5m,160.02282078123363,160.03409252217668,160.00732594105392,160.02150788358594,0.019674520121025454
2026-06-04 15:20:00+09:00,USDJPY,5m,160.0135909331356,160.04529697377166,159.9929043378811,160.02074970094674,0.016110497174225653
2026-06-04 15:25:00+09:00,USDJPY,5m,160.02537909206632,160.0454296414408,160.0070757886523,160.02128317534368,0.018149674356772248
2026-06-04 15:30:00+09:00,USDJPY,5m,160.02978485860635,160.04397468734714,160.00734718127183,160.02168329605047,0.009897719971729337
2026-06-04 15:35:00+09:00,USDJPY,5m,160.02032594360955,160.05077476491388,160.00704542772135,160.0216337905322,0.006213371671714075
2026-06-04 15:40:00+09:00,USDJPY,5m,160.02251361793515,160.0375906561325,159.99683626747066,160.02275177272983,0.009413542376956132
2026-06-04 15:45:00+09:00,USDJPY,5m,160.03066817859968,160.03038765495978,160.00085001384886,160.02211972187004,0.014889654520967244
2026-06-04 15:50:00+09:00,USDJPY,5m,160.02163423454047,160.04300712824858,160.0008601855095,160.02121440676748,0.003969747287047628
2026-06-04 15:55:00+09:00,USDJPY,5m,160.02056123068655,160.0440420069375,160.00745568636597,160.02080926192556,0.00686844390109716
2026-06-04 16:00:00+09:00,USDJPY,5m,160.02235849236985,160.04016842465222,159.99534430589495,160.02079191031575,0.002839446208308627
2026-06-04 16:05:00+09:00,USDJPY,5m,160.0247325087126,160.03111836131367,160.01498881745144,160.02094791398534,0.00978225929008637
2026-06-04 16:10:00+09:00,USDJPY,5m,160.01295083985235,160.03842457089235,159.99404324304217,160.0208131723506,0.01689402324763304
2026-06-04 16:15:00+09:00,USDJPY,5m,160.02745661614335,160.03383914900274,160.00321565809367,160.02103440558852,0.0024439463893641943
2026-06-04 16:20:00+09:00,USDJPY,5m,160.01900358248307,160.03598014513818,160.0053372260624,160.020293481934,0.01415582348252899
2026-06-04 16:25:00+09:00,USDJPY,5m,160.0126167108944,160.04230020509257,160.00374055867852,160.02116974069645,0.018784925741247314
2026-06-04 16:30:00+09:00,USDJPY,5m,160.02685410337338,160.04476081855668,159.99944506172608,160.0211304499894,0.006264701507201282
2026-06-04 16:35:00+09:00,USDJPY,5m,160.01934982692208,160.0326164447609,160.01649169182542,160.02181082748837,0.014485427133097669
2026-06-04 16:40:00+09:00,USDJPY,5m,160.01403381259811,160.03715959671237,159.99523766628474,160.0220264626962,0.01955183421980361
2026-06-04 16:45:00+09:00,USDJPY,5m,160.02498609541857,160.0340395539025,160.0061420264949,160.0223105146277,0.01932100508274434
2026-06-04 16:50:00+09:00,USDJPY,5m,160.0302650020645,160.03262816534237,160.00908821200332,160.02266237499583,0.006228725474524579
2026-06-04 16:55:00+09:00,USDJPY,5m,160.03069607032012,160.04752568063174,160.014484860991,160.02294100013185,0.003805958957817237
2026-06-04 17:00:00+09:00,USDJPY,5m,160.03248990328393,160.05106795114867,160.00734999942878,160.02333663378775,0.004669085682126487
2026-06-04 17:05:00+09:00,USDJPY,5m,160.03149823450119,160.03839992994796,160.00673605602373,160.02414412530584,0.01463664203267856
2026-06-04 17:10:00+09:00,USDJPY,5m,160.01431485639458,160.04805401111702,160.00918087064534,160.02427203800767,0.015063659758158961
2026-06-04 17:15:00+09:00,USDJPY,5m,160.02231226359046,160.0521323224963,160.00274093791654,160.0247074402622,0.014136258109307584
2026-06-04 17:20:00+09:00,USDJPY,5m,160.03103445044377,160.0508167041089,160.00914118562667,160.02466359884565,0.008049410979360287
2026-06-04 17:25:00+09:00,USDJPY,5m,160.0228627292949,160.0351080038884,159.99650222972875,160.02553766917492,0.005055984915646199
2026-06-04 17:30:00+09:00,USDJPY,5m,160.02717280392127,160.05404913083152,160.00515989584807,160.02514183379367,0.012453699655140557
2026-06-04 17:35:00+09:00,USDJPY,5m,160.0283587370009,160.04064930906415,160.00104544966212,160.02623239805342,0.010706248023641599
2026-06-04 17:40:00+09:00,USDJPY,5m,160.0235188093638,160.03969931981237,160.0184844057053,160.02621830328303,0.015119014648201463
2026-06-04 17:45:00+09:00,USDJPY,5m,160.0334593167674,160.03193062140372,160.0104375558981,160.02536983822176,0.009944481416341187
2026-06-04 17:50:00+09:00,USDJPY,5m,160.02552126777843,160.0426110422233,160.01203550833452,160.0254567008707,0.008095514504356431
2026-06-04 17:55:00+09:00,USDJPY,5m,160.02435375399497,160.03278341026726,160.0058210101728,160.02505806987622,0.0072826143924622595
2026-06-04 18:00:00+09:00,USDJPY,5m,160.03552273091887,160.0367859515288,159.9990446180041,160.02557245600562,0.005806465760895438
2026-06-04 18:05:00+09:00,USDJPY,5m,160.0250608888995,160.03811444716223,160.018232426174,160.02519088161804,0.006783434771359906
2026-06-04 18:10:00+09:00,USDJPY,5m,160.01850113659668,160.05015382964538,160.018118801607,160.0249331715581,0.003706947899193825
2026-06-04 18:15:00+09:00,USDJPY,5m,160.0240708355768,160.05069666337943,159.99755150441558,160.02380944711953,0.008243426196720013
2026-06-04 18:20:00+09:00,USDJPY,5m,160.0298283980384,160.03610972126455,160.01322681117705,160.023548063328,0.0026582566225332475
2026-06-04 18:25:00+09:00,USDJPY,5m,160.02764094226998,160.04857118876313,160.00038490437078,160.02210373573203,0.005355449248993883
2026-06-04 18:30:00+09:00,USDJPY,5m,160.0269350293401,160.04759416747217,160.0025914407289,160.02116339403793,0.015441868003149726
2026-06-04 18:35:00+09:00,USDJPY,5m,160.02579011851157,160.04574591659124,159.99580730295943,160.0216296428316,0.007858441796179208
2026-06-04 18:40:00+09:00,USDJPY,5m,160.01719547950816,160.0307785007772,160.0139839001809,160.02211112292682,0.01402826630559219
2026-06-04 18:45:00+09:00,USDJPY,5m,160.0296180791807,160.04463446863642,160.0141318233208,160.0223763974639,0.014903915160750994
2026-06-04 18:50:00+09:00,USDJPY,5m,160.02967508108551,160.05043181339252,160.00288575277105,160.021806211778,0.012461336169178045
2026-06-04 18:55:00+09:00,USDJPY,5m,160.01567063889667,160.04385109693348,159.99312811863035,160.0217875849643,0.019256559344577172
2026-06-04 19:00:00+09:00,USDJPY,5m,160.0144045361719,160.03508584466857,160.0064204794816,160.02179542344086,0.0023859175992160388
2026-06-04 19:05:00+09:00,USDJPY,5m,160.03062250399913,160.03862488756312,160.00793685212096,160.02111040462734,0.01529574771058656
2026-06-04 19:10:00+09:00,USDJPY,5m,160.0293889228814,160.04316556969218,160.00185521052845,160.0220224436084,0.019258159590927346
2026-06-04 19:15:00+09:00,USDJPY,5m,160.03042358392693,160.04032312120094,159.9942976459691,160.02255886098274,0.01752089112835291
2026-06-04 19:20:00+09:00,USDJPY,5m,160.03016381017093,160.0304351060217,159.99651308665733,160.02243628247845,0.00502206845249024
2026-06-04 19:25:00+09:00,USDJPY,5m,160.02329615046253,160.03526401509816,159.99257532371354,160.02246241398186,0.007882765512531177
2026-06-04 19:30:00+09:00,USDJPY,5m,160.02552547839994,160.04765734443046,160.01703322908656,160.02259744366663,0.0051041331177763775
2026-06-04 19:35:00+09:00,USDJPY,5m,160.02228965978824,160.04791785389796,160.01356094912774,160.02138240274556,0.012823550548664676
2026-06-04 19:40:00+09:00,USDJPY,5m,160.01226822329986,160.02967659713394,160.0010074022319,160.02124409631605,0.014819383675630862
2026-06-04 19:45:00+09:00,USDJPY,5m,160.0257549674743,160.04965457457723,159.99533049478393,160.02084490576726,0.007707327848535049
2026-06-04 19:50:00+09:00,USDJPY,5m,160.02036057442805,160.03347449920753,160.00812282520366,160.02025393376132,0.01171111833171732
2026-06-04 19:55:00+09:00,USDJPY,5m,160.02304945508138,160.04165311705384,160.00911499638474,160.02009527358558,0.014436570261281511
2026-06-04 20:00:00+09:00,USDJPY,5m,160.0212366816012,160.0449795141506,159.99650949051716,160.0211838855017,0.009584116698998871
2026-06-04 20:05:00+09:00,USDJPY,5m,160.0214146176649,160.0468770470844,160.0151688448721,160.02157839121844,0.01737227954819827
2026-06-04 20:10:00+09:00,USDJPY,5m,160.01468146601414,160.04988942638025,160.00701111763502,160.0212456838246,0.01588789883518071
2026-06-04 20:15:00+09:00,USDJPY,5m,160.0171735077962,160.0344222221941,160.0039540029286,160.0215992334934,0.003163979789310272
2026-06-04 20:20:00+09:00,USDJPY,5m,160.01562590059422,160.04891150811912,160.00344012989657,160.02244884675534,0.013180255383634924
2026-06-04 20:25:00+09:00,USDJPY,5m,160.01692695287758,160.03130579955098,159.99979824804527,160.02301362696508,0.006235859917275493
2026-06-04 20:30:00+09:00,USDJPY,5m,160.03251895279544,160.04568542784588,160.00918826210128,160.02305940518704,0.012035328764010957
2026-06-04 20:35:00+09:00,USDJPY,5m,160.01574351203587,160.04623068635826,160.00236413450355,160.02268124312042,0.019223991967393397
2026-06-04 20:40:00+09:00,USDJPY,5m,160.01849558559468,160.0450532581386,160.0034757915388,160.02311017710858,0.017823116081940503
2026-06-04 20:45:00+09:00,USDJPY,5m,160.0251680614946,160.03466413674323,160.0046658658235,160.02335626833985,0.009281295256072372
2026-06-04 20:50:00+09:00,USDJPY,5m,160.0261069557966,160.05072946294723,160.0028913019433,160.02390338427185,0.007247249450198362
2026-06-04 20:55:00+09:00,USDJPY,5m,160.01737396994776,160.03351594893712,160.01280825807618,160.02429448735288,0.0062193033993486625
2026-06-04 21:00:00+09:00,USDJPY,5m,160.03080856749776,160.0312750887701,160.01781800014243,160.02493421898205,0.011585267655617362
2026-06-04 21:05:00+09:00,USDJPY,5m,160.03032713521338,160.04755970262042,160.01664128605412,160.02462307785513,0.004056472158645014
2026-06-04 21:10:00+09:00,USDJPY,5m,160.0201698683786,160.04231040717534,160.01480895472818,160.02542351429452,0.011886950146308476
2026-06-04 21:15:00+09:00,USDJPY,5m,160.0213254001108,160.05177952455628,160.00804712566924,160.02555207405732,0.002024005510834256
2026-06-04 21:20:00+09:00,USDJPY,5m,160.03556698789006,160.04139215910735,160.00079616181725,160.02680723058089,0.007829293353425207
2026-06-04 21:25:00+09:00,USDJPY,5m,160.03291714680964,160.03561068260274,160.00387138433783,160.02640371789005,0.005958817648950464
2026-06-04 21:30:00+09:00,USDJPY,5m,160.0314112368332,160.0533663509837,160.0027292810669,160.02745529617195,0.01948193821929408
2026-06-04 21:35:00+09:00,USDJPY,5m,160.01922870707224,160.046306783433,160.01380965204388,160.02758404264202,0.015090361752259623
2026-06-04 21:40:00+09:00,USDJPY,5m,160.0255684734579,160.0369330866496,160.01208684829862,160.02720319183985,0.00829376084832028
2026-06-04 21:45:00+09:00,USDJPY,5m,160.02810889778095,160.0499324603041,160.01208081318967,160.02692286033943,0.0036712115575511695
2026-06-04 21:50:00+09:00,USDJPY,5m,160.02048887771417,160.04451849291672,160.0169438223444,160.0267406519545,0.011302410704431233
2026-06-04 21:55:00+09:00,USDJPY,5m,160.0259696831645,160.04711297607835,160.02047473506875,160.02700515152233,0.005842061863868762
2026-06-04 22:00:00+09:00,USDJPY,5m,160.02934937036494,160.04385131127034,160.0075559504945,160.02732885281517,0.011655731826170442
2026-06-04 22:05:00+09:00,USDJPY,5m,160.0235421664151,160.05271235740824,159.99726421572728,160.0269946328128,0.01703652237522007
2026-06-04 22:10:00+09:00,USDJPY,5m,160.03260891643646,160.05272908794953,160.0178192774337,160.02699002005744,0.013084265937824939
2026-06-04 22:15:00+09:00,USDJPY,5m,160.03509437390537,160.0510201028182,160.02211826177512,160.0282853822726,0.01340819155181004
2026-06-04 22:20:00+09:00,USDJPY,5m,160.02580409756334,160.03696694260958,160.00484361612908,160.02933190817467,0.011738545203130607
2026-06-04 22:25:00+09:00,USDJPY,5m,160.03637684546632,160.05557504892408,160.01828905220935,160.02960370237648,0.018690781387365366
2026-06-04 22:30:00+09:00,USDJPY,5m,160.02170803578545,160.0514118289767,160.00389540932957,160.02963650446338,0.018774248319570863
2026-06-04 22:35:00+09:00,USDJPY,5m,160.03647310523186,160.05214412740952,160.00712010658356,160.02971852325942,0.01122901761932394
2026-06-04 22:40:00+09:00,USDJPY,5m,160.0231516426764,160.04417120505315,160.00145479561678,160.03009663404305,0.0075036707685830805
2026-06-04 22:45:00+09:00,USDJPY,5m,160.02115150155413,160.05647494740785,160.01426977761002,160.02949295850394,0.010272566105829991
2026-06-04 22:50:00+09:00,USDJPY,5m,160.0321840406703,160.05248282258736,160.0077992865952,160.02934853258148,0.005358042419521083
2026-06-04 22:55:00+09:00,USDJPY,5m,160.02779612945227,160.0361721438004,160.01173601261684,160.02835738213716,0.013454197675725608
2026-06-04 23:00:00+09:00,USDJPY,5m,160.03676472801897,160.04380136687087,160.007842198578,160.02860691601072,0.011001662044080198
2026-06-04 23:05:00+09:00,USDJPY,5m,160.02626901749636,160.05616474262354,160.01276526092434,160.02900523357454,0.0038594086006390384
2026-06-04 23:10:00+09:00,USDJPY,5m,160.0244683669659,160.03490523923958,160.01900951553654,160.02872532169715,0.005557660060153076
2026-06-04 23:15:00+09:00,USDJPY,5m,160.029694411878,160.05871512924617,160.01198227835502,160.02967971375512,0.010633375211591484
2026-06-04 23:20:00+09:00,USDJPY,5m,160.0280731780727,160.0509333185653,160.0107396493214,160.02895425435733,0.01797660183293945
2026-06-04 23:25:00+09:00,USDJPY,5m,160.02497419035353,160.04887002887028,160.0028205332227,160.0280856294292,0.012195032971359755
2026-06-04 23:30:00+09:00,USDJPY,5m,160.03210512649432,160.03999428193254,160.0048422828755,160.02823030052033,0.014267630003752476
2026-06-04 23:35:00+09:00,USDJPY,5m,160.0340597961802,160.0400883542204,160.0072737689034,160.02886855950192,0.008102513895390375
2026-06-04 23:40:00+09:00,USDJPY,5m,160.0369485954974,160.058440371604,160.02205423872797,160.0298889161168,0.012285405074796219
2026-06-04 23:45:00+09:00,USDJPY,5m,160.03908071765326,160.0420803969149,160.00660817829245,160.02962358555905,0.010052836807485215
2026-06-04 23:50:00+09:00,USDJPY,5m,160.02561391790175,160.0546684264771,160.01277316515024,160.0302807940591,0.013864338427216894
2026-06-04 23:55:00+09:00,USDJPY,5m,160.0345895586272,160.04509573393258,160.00291520057476,160.0302676889774,0.002910360189422187
2026-06-05 00:00:00+09:00,USDJPY,5m,160.02805927730736,160.03865546436705,160.00217733924418,160.03017411259745,0.010879403892301265
2026-06-05 00:05:00+09:00,USDJPY,5m,160.03425594799896,160.03598219100232,160.0243353937949,160.03071430855994,0.007327867252591406
2026-06-05 00:10:00+09:00,USDJPY,5m,160.03063533609398,160.0497221357124,160.00559966327813,160.031115702287,0.007871331103002368
2026-06-05 00:15:00+09:00,USDJPY,5m,160.04005532904816,160.05957433745652,160.02423743223224,160.0301798669928,0.019296513768045108
2026-06-05 00:20:00+09:00,USDJPY,5m,160.03565383391845,160.04530419604785,160.01689655056026,160.03107579120262,0.00528850662880489
2026-06-05 00:25:00+09:00,USDJPY,5m,160.04096367202382,160.04584365436494,160.0133563466246,160.03191384601513,0.007602414546414745
2026-06-05 00:30:00+09:00,USDJPY,5m,160.03824789938383,160.04515079884047,160.02284598842854,160.03154850839422,0.011178066363155693
2026-06-05 00:35:00+09:00,USDJPY,5m,160.03985401073754,160.04980958644688,160.00813814520004,160.03179599051427,0.01753448506669323
2026-06-05 00:40:00+09:00,USDJPY,5m,160.03839079257034,160.04811903071166,160.02689354102176,160.03210240862606,0.009500061497714669
2026-06-05 00:45:00+09:00,USDJPY,5m,160.03145199549306,160.0592666785537,160.0230538366747,160.03226881288555,0.01538957505598708
2026-06-05 00:50:00+09:00,USDJPY,5m,160.02698439886018,160.04958664958633,160.0124287090469,160.03194862979325,0.017414733767866446
2026-06-05 00:55:00+09:00,USDJPY,5m,160.0289620592815,160.04924960172718,160.00869596672155,160.03155565577248,0.007580294404793282
2026-06-05 01:00:00+09:00,USDJPY,5m,160.02195504798266,160.04000961319787,160.00363424576253,160.03155032332987,0.009069503303696779
2026-06-05 01:05:00+09:00,USDJPY,5m,160.03274382409072,160.0618324492642,160.00962654444308,160.03226396074143,0.008418012026390413
2026-06-05 01:10:00+09:00,USDJPY,5m,160.0327012768396,160.0438494431059,160.01080563907783,160.0326001208342,0.01699140455512258
2026-06-05 01:15:00+09:00,USDJPY,5m,160.03289276153154,160.03922185392142,160.01752922357616,160.03238775223494,0.002798243515164821
2026-06-05 01:20:00+09:00,USDJPY,5m,160.04234139596076,160.0544394276857,160.02782866082313,160.03286077146132,0.007551579598916241
2026-06-05 01:25:00+09:00,USDJPY,5m,160.03939072595804,160.05104580514288,160.02315766442055,160.03116164588894,0.01422935403671234
2026-06-05 01:30:00+09:00,USDJPY,5m,160.02509516087576,160.047239546659,160.01349704169027,160.03186090530917,0.01217798299217617
2026-06-05 01:35:00+09:00,USDJPY,5m,160.02820472747302,160.04638188288894,160.00894882989581,160.03082707704192,0.009853208467286498
2026-06-05 01:40:00+09:00,USDJPY,5m,160.02909873606635,160.05524621050324,160.01518340537964,160.03061961247707,0.01171906808998492
2026-06-05 01:45:00+09:00,USDJPY,5m,160.02716846889732,160.03985062654277,160.00669083525207,160.02995781054028,0.00555652254490973
2026-06-05 01:50:00+09:00,USDJPY,5m,160.03516092092693,160.0546973346285,160.01114444427154,160.02919100165485,0.009752899188944189
2026-06-05 01:55:00+09:00,USDJPY,5m,160.03037825112463,160.05111617557466,160.02304309283744,160.0298974977273,0.011030653715174284
2026-06-05 02:00:00+09:00,USDJPY,5m,160.03106887334593,160.045101121351,160.0198264707323,160.0296268770065,0.018221404195182832
2026-06-05 02:05:00+09:00,USDJPY,5m,160.03690505051532,160.04629549475015,160.00384482375446,160.02984477933555,0.006695032930471575
2026-06-05 02:10:00+09:00,USDJPY,5m,160.0359451900565,160.04124280716786,160.0067038083226,160.0298266269882,0.01762091303896879
2026-06-05 02:15:00+09:00,USDJPY,5m,160.02276708194094,160.05392570980197,160.00275380180923,160.03012285148455,0.013596345214867675
2026-06-05 02:20:00+09:00,USDJPY,5m,160.03445723630085,160.0480008131768,160.02224001339115,160.03017894461917,0.0023661349592168177
2026-06-05 02:25:00+09:00,USDJPY,5m,160.02812787186272,160.04244051285343,159.9996635859193,160.02941914928468,0.015043364064189086
2026-06-05 02:30:00+09:00,USDJPY,5m,160.0259198874376,160.04992816227036,160.0197917415276,160.03002690937635,0.0026399337958829916
2026-06-05 02:35:00+09:00,USDJPY,5m,160.02074103184447,160.0596340167277,160.02444615851925,160.02974065542642,0.019952860282648636
2026-06-05 02:40:00+09:00,USDJPY,5m,160.02856169749415,160.04469826327866,159.9988811328109,160.02881670628724,0.017707460378441564
2026-06-05 02:45:00+09:00,USDJPY,5m,160.02567857080516,160.05658712221015,160.01654299005455,160.02856983719067,0.007352187455720823
2026-06-05 02:50:00+09:00,USDJPY,5m,160.02451055385856,160.04310571406316,160.0077798067522,160.02948029306503,0.0066334021435406985
2026-06-05 02:55:00+09:00,USDJPY,5m,160.03389386070225,160.03636874378344,160.0205833682559,160.03000042611032,0.008865939477900962
2026-06-05 03:00:00+09:00,USDJPY,5m,160.03519094257598,160.0399072874889,160.0102955215247,160.02980123482968,0.008411005375659975
2026-06-05 03:05:00+09:00,USDJPY,5m,160.02449747058765,160.04506905879026,160.0020008055457,160.02960168020707,0.00870208073093686
2026-06-05 03:10:00+09:00,USDJPY,5m,160.02040764790993,160.03990957239122,160.01641416999064,160.02941869917635,0.0077289778301506485
2026-06-05 03:15:00+09:00,USDJPY,5m,160.03764980197778,160.03568042392195,160.00891839856538,160.0306747479665,0.013180401323269966
2026-06-05 03:20:00+09:00,USDJPY,5m,160.0211131040619,160.0587889476815,160.02121631951786,160.03091390923782,0.004956745946971232
2026-06-05 03:25:00+09:00,USDJPY,5m,160.03992418410456,160.0572789195069,160.01056204925817,160.03118193422614,0.01722766326402824
2026-06-05 03:30:00+09:00,USDJPY,5m,160.03436250177822,160.05536741008572,160.01839884550313,160.03181010429856,0.016623244712563677
2026-06-05 03:35:00+09:00,USDJPY,5m,160.028400310498,160.04115874268513,160.02168317132927,160.03196337779397,0.010576697741394869
2026-06-05 03:40:00+09:00,USDJPY,5m,160.02674751069802,160.03982704191174,160.0189884012389,160.0318179525065,0.01734913937501386
2026-06-05 03:45:00+09:00,USDJPY,5m,160.0218902558823,160.03840026133383,160.02223911588433,160.03171014259703,0.00644861126054528
2026-06-05 03:50:00+09:00,USDJPY,5m,160.02638661018162,160.0547779115607,160.00412927914545,160.0316771818414,0.002316178202671405
2026-06-05 03:55:00+09:00,USDJPY,5m,160.02441941452983,160.05988504751667,160.01673517634154,160.03166484849947,0.013145742650536816
2026-06-05 04:00:00+09:00,USDJPY,5m,160.0343547506401,160.04787482174848,160.02097944360128,160.03211142622564,0.010242369325364879
2026-06-05 04:05:00+09:00,USDJPY,5m,160.025483505529,160.04013111055704,160.01594239773172,160.03215259375713,0.012208961833325673
2026-06-05 04:10:00+09:00,USDJPY,5m,160.0331747745542,160.05041199832175,160.0195887736333,160.03260217780345,0.018188109362331256
2026-06-05 04:15:00+09:00,USDJPY,5m,160.0343660763023,160.04628454554185,160.00895326651005,160.0325637478554,0.019458660324186985
2026-06-05 04:20:00+09:00,USDJPY,5m,160.0285817629365,160.04699155207834,160.00334043117243,160.03262092896958,0.013420156515600856
2026-06-05 04:25:00+09:00,USDJPY,5m,160.02213330753926,160.05196527416277,160.01548116714144,160.03143200855888,0.015753000617343894
2026-06-05 04:30:00+09:00,USDJPY,5m,160.02273688277597,160.05495975799525,160.00546597016438,160.0319918051637,0.003508551802768957
2026-06-05 04:35:00+09:00,USDJPY,5m,160.02273664489311,160.03997478822106,160.01306312141026,160.03220969824923,0.004892880528047101
2026-06-05 04:40:00+09:00,USDJPY,5m,160.03760099765788,160.03870826008531,160.0238876126878,160.03281850431514,0.01519768648915358
2026-06-05 04:45:00+09:00,USDJPY,5m,160.02745094518454,160.0609490086554,160.0088251825362,160.03109075108824,0.009764578214984037
2026-06-05 04:50:00+09:00,USDJPY,5m,160.03827977963047,160.043171984634,160.01451791348296,160.0323537759111,0.010027374867279304
2026-06-05 04:55:00+09:00,USDJPY,5m,160.03091467861108,160.03862578525693,160.01101485905292,160.03228002213422,0.00755493826943786
2026-06-05 05:00:00+09:00,USDJPY,5m,160.03201489384082,160.04270181505163,160.00571274650994,160.03295493182424,0.012932414902599389
2026-06-05 05:05:00+09:00,USDJPY,5m,160.03259864031816,160.0383149344267,160.01633012400157,160.03234098826798,0.005332970817491647
2026-06-05 05:10:00+09:00,USDJPY,5m,160.03697928173852,160.04751392497644,160.0051892120306,160.032718652611,0.013284493027650121
2026-06-05 05:15:00+09:00,USDJPY,5m,160.0275666605897,160.0571566478844,160.00832987791608,160.03209660327312,0.005128379428434315
2026-06-05 05:20:00+09:00,USDJPY,5m,160.02416408888735,160.04526345314062,160.01451721874975,160.03173234189669,0.0031488686247748447
2026-06-05 05:25:00+09:00,USDJPY,5m,160.03401190741286,160.04899534588097,160.01281020731759,160.03289076070902,0.0079464383965831
2026-06-05 05:30:00+09:00,USDJPY,5m,160.02932590373342,160.05467602060773,160.0196468229556,160.03278635126856,0.006160526156177259
2026-06-05 05:35:00+09:00,USDJPY,5m,160.0317766372658,160.0506491627442,160.00333687849897,160.03292681099245,0.018001849494013983
2026-06-05 05:40:00+09:00,USDJPY,5m,160.03639778579762,160.0599949937814,160.01177507255463,160.03345885163088,0.002989162169635279
2026-06-05 05:45:00+09:00,USDJPY,5m,160.03364877558647,160.0604171526398,160.02767008945125,160.03376626076366,0.005179046466334212
2026-06-05 05:50:00+09:00,USDJPY,5m,160.03627208844878,160.03911427949404,160.02070096446306,160.03386651210675,0.011876952900494892
2026-06-05 05:55:00+09:00,USDJPY,5m,160.0349794887505,160.0585466463703,160.01351262786426,160.03409548870823,0.010659209435254526
2026-06-05 06:00:00+09:00,USDJPY,5m,160.0403434654981,160.0520658780654,160.0291392061144,160.03554753805938,0.0028253363307446278
2026-06-05 06:05:00+09:00,USDJPY,5m,160.0396416991354,160.06524398031374,160.02992586199818,160.03552296678114,0.0021305437042726007
2026-06-05 06:10:00+09:00,USDJPY,5m,160.03633742404534,160.05273442810608,160.01940302022098,160.03565362620918,0.019785222955300698
2026-06-05 06:15:00+09:00,USDJPY,5m,160.03987207926397,160.0659664174815,160.02297676435447,160.03629401884677,0.013859024606459089
2026-06-05 06:20:00+09:00,USDJPY,5m,160.04443852645198,160.0608315684367,160.0210098692057,160.03696733440654,0.008577310356228024
2026-06-05 06:25:00+09:00,USDJPY,5m,160.03633497834565,160.04890467470523,160.02612221984288,160.03768955258988,0.010467780457938345
2026-06-05 06:30:00+09:00,USDJPY,5m,160.03633805217808,160.05654266520528,160.02896484704954,160.0380827907231,0.0067979021681771655
2026-06-05 06:35:00+09:00,USDJPY,5m,160.0426919001925,160.0672103787624,160.01517840385094,160.03740698777546,0.008207728106477775
2026-06-05 06:40:00+09:00,USDJPY,5m,160.0400481234357,160.06483531188866,160.02053276878817,160.03839704669485,0.013682800410827853
2026-06-05 06:45:00+09:00,USDJPY,5m,160.0291393750635,160.04515341180382,160.0277153841778,160.03771923945905,0.017890612379612675
2026-06-05 06:50:00+09:00,USDJPY,5m,160.045753061052,160.06057012065844,160.02492108508167,160.03791082073818,0.0053143404154613275
2026-06-05 06:55:00+09:00,USDJPY,5m,160.0280839172729,160.05110774487494,160.01767305753657,160.03746825522816,0.017126507096935736
2026-06-05 07:00:00+09:00,USDJPY,5m,160.0424076993444,160.04261432876723,160.0306340385134,160.0374397722202,0.004188019331328844
2026-06-05 07:05:00+09:00,USDJPY,5m,160.04282291252048,160.05273405389207,160.02896070443475,160.0376470296664,0.005869860024591042
2026-06-05 07:10:00+09:00,USDJPY,5m,160.04691206570132,160.0487187045388,160.03101870389298,160.03784984399567,0.0026691551848936276
2026-06-05 07:15:00+09:00,USDJPY,5m,160.02919568461624,160.06358472821123,160.01280506313034,160.0381129964482,0.00453461351767399
2026-06-05 07:20:00+09:00,USDJPY,5m,160.04102836042534,160.0525244884308,160.01528099237936,160.03909122320965,0.018511456618352913
2026-06-05 07:25:00+09:00,USDJPY,5m,160.03793015520307,160.0650614361394,160.01554052049357,160.03937334379054,0.010269897439130815
2026-06-05 07:30:00+09:00,USDJPY,5m,160.03584950890658,160.04425179828024,160.0163287162225,160.03923684980938,0.003397985512010364
2026-06-05 07:35:00+09:00,USDJPY,5m,160.03163167331633,160.05252078086102,160.01809066651862,160.03982530211036,0.019275083084701307
2026-06-05 07:40:00+09:00,USDJPY,5m,160.04180206679712,160.05157811476138,160.02362418651924,160.0405489844037,0.017821861539655703
2026-06-05 07:45:00+09:00,USDJPY,5m,160.0394032342281,160.05066160374133,160.01876546562696,160.03982241971462,0.015584285375626544
2026-06-05 07:50:00+09:00,USDJPY,5m,160.03228194891955,160.04689552525068,160.03423182088684,160.04019085975654,0.01880251025505604
2026-06-05 07:55:00+09:00,USDJPY,5m,160.04287135354386,160.0502996701622,160.0200849528355,160.0406215634019,0.005962329575043755
2026-06-05 08:00:00+09:00,USDJPY,5m,160.04521208770498,160.05934176454704,160.01600608266148,160.0404530252999,0.017054647274181555
2026-06-05 08:05:00+09:00,USDJPY,5m,160.04663401540896,160.0535724762088,160.02377949037827,160.04128844938788,0.014419841534377512
2026-06-05 08:10:00+09:00,USDJPY,5m,160.0493158798009,160.05664328559388,160.02727058282497,160.04120841603566,0.01765566649221839
2026-06-05 08:15:00+09:00,USDJPY,5m,160.03948317674553,160.05571543391642,160.02935809353772,160.04129376190775,0.01634440818336734
2026-06-05 08:20:00+09:00,USDJPY,5m,160.05026137418562,160.0680975419382,160.02012986755915,160.0411999188132,0.008236911137182851
2026-06-05 08:25:00+09:00,USDJPY,5m,160.0485278543434,160.068851741217,160.01889923627598,160.04121926624174,0.0159391736663106
2026-06-05 08:30:00+09:00,USDJPY,5m,160.03650153261006,160.05789542548098,160.01379731119303,160.0405715011896,0.006724213453728026
2026-06-05 08:35:00+09:00,USDJPY,5m,160.03290313140704,160.05297136941792,160.0261591185985,160.03971747066004,0.007914658934504989
2026-06-05 08:40:00+09:00,USDJPY,5m,160.03939196162054,160.04835419129802,160.01643986601334,160.04068417369797,0.003942302910013571
2026-06-05 08:45:00+09:00,USDJPY,5m,160.03822397104813,160.06902106887355,160.02115210128426,160.040185996889,0.01883137908764844
2026-06-05 08:50:00+09:00,USDJPY,5m,160.04111554758595,160.04610683510182,160.01253024921235,160.0396011614793,0.007238060541205069
2026-06-05 08:55:00+09:00,USDJPY,5m,160.0399868520577,160.05076038435035,160.02012382470375,160.03831912741114,0.011371204373086134
2026-06-05 09:00:00+09:00,USDJPY,5m,160.04294549005013,160.05039740539178,160.02000500465257,160.03794575036252,0.009043991056391469
2026-06-05 09:05:00+09:00,USDJPY,5m,160.0373596954506,160.05017192864,160.01771496945045,160.03716189648648,0.019278706170503028
2026-06-05 09:10:00+09:00,USDJPY,5m,160.0302535584014,160.04726427666438,160.01442422170402,160.03815710558257,0.008030885076892685
2026-06-05 09:15:00+09:00,USDJPY,5m,160.04593882254724,160.06335203160927,160.00965573386546,160.03877299583618,0.016013824785608404
2026-06-05 09:20:00+09:00,USDJPY,5m,160.03456539729277,160.04643255217823,160.03153102177367,160.03837010562907,0.017397490783361242
2026-06-05 09:25:00+09:00,USDJPY,5m,160.04915751631842,160.0606042335911,160.0333957020525,160.03973156711228,0.009840916954657388
2026-06-05 09:30:00+09:00,USDJPY,5m,160.03268782857808,160.04842677707214,160.0118918679693,160.04033062640448,0.008807092660152763
2026-06-05 09:35:00+09:00,USDJPY,5m,160.049310751019,160.04690911851418,160.0218988369364,160.04014572757436,0.015459424776787306
2026-06-05 09:40:00+09:00,USDJPY,5m,160.03047632028307,160.06639182173757,160.01828350878125,160.03865608414543,0.018432127645512213
2026-06-05 09:45:00+09:00,USDJPY,5m,160.03466137244794,160.04979386884696,160.02298005964911,160.040040649689,0.015588771195300291
2026-06-05 09:50:00+09:00,USDJPY,5m,160.03014850505068,160.06474816007292,160.03187546989375,160.03921690620894,0.006088274580653581
2026-06-05 09:55:00+09:00,USDJPY,5m,160.04234192989355,160.05685543873847,160.01403743250032,160.03823966696078,0.017989539453878697
2026-06-05 10:00:00+09:00,USDJPY,5m,160.04586918395142,160.04580962221021,160.01518259309276,160.03886320921998,0.008976470013862996
2026-06-05 10:05:00+09:00,USDJPY,5m,160.0390184823001,160.06922326544972,160.02754447762646,160.04033706066377,0.012372129412002818
2026-06-05 10:10:00+09:00,USDJPY,5m,160.0497480658557,160.05235165352968,160.02852164322417,160.04117762435487,0.0169658411472688
2026-06-05 10:15:00+09:00,USDJPY,5m,160.04333195126205,160.06801710346073,160.0155799353043,160.04152596982692,0.00539110581320886
2026-06-05 10:20:00+09:00,USDJPY,5m,160.04449296514085,160.05111307257653,160.03508389098837,160.04189282243192,0.016121182442195958
2026-06-05 10:25:00+09:00,USDJPY,5m,160.04932325580117,160.0687634438207,160.01538724305826,160.04241487176716,0.012730930362392196
2026-06-05 10:30:00+09:00,USDJPY,5m,160.0388162330221,160.0482109492437,160.03146368667367,160.04288022892106,0.018080149552896947
2026-06-05 10:35:00+09:00,USDJPY,5m,160.040144258202,160.06085345518966,160.02323432508155,160.04305894377543,0.005095467233183774
2026-06-05 10:40:00+09:00,USDJPY,5m,160.0512505028217,160.06736752892334,160.01473160996275,160.0431314644378,0.009572280266736713
2026-06-05 10:45:00+09:00,USDJPY,5m,160.05112317848182,160.07147379649837,160.02115084602264,160.04310390856105,0.016991175671603076
2026-06-05 10:50:00+09:00,USDJPY,5m,160.05219118533174,160.07039158321288,160.02730078449605,160.04266152980773,0.002346170662221683
2026-06-05 10:55:00+09:00,USDJPY,5m,160.05053989109047,160.06799374650032,160.02026476953898,160.04250312476162,0.004019624601781572
2026-06-05 11:00:00+09:00,USDJPY,5m,160.03404479139377,160.06870213441462,160.02789785976518,160.0414973506731,0.019830173829621225
2026-06-05 11:05:00+09:00,USDJPY,5m,160.04792283261978,160.05142883904296,160.0295168864883,160.04144834689703,0.00704709521462631
2026-06-05 11:10:00+09:00,USDJPY,5m,160.0390619617949,160.05296979962552,160.01094811028437,160.04086519223273,0.019559777487031166
2026-06-05 11:15:00+09:00,USDJPY,5m,160.05002906576132,160.05243725176544,160.01644328286292,160.0402130386424,0.005285567918156131
2026-06-05 11:20:00+09:00,USDJPY,5m,160.03977659441966,160.05475732340813,160.01921297569854,160.0403309751331,0.008499699974132042
2026-06-05 11:25:00+09:00,USDJPY,5m,160.04225289815494,160.05600919326454,160.0272939354244,160.0411761765049,0.015551650001064272
2026-06-05 11:30:00+09:00,USDJPY,5m,160.04233266477365,160.06035104958488,160.03550814573964,160.04173716646852,0.013840011330287214
2026-06-05 11:35:00+09:00,USDJPY,5m,160.03723960670348,160.04980186019048,160.03502844420544,160.04080486610633,0.012460203198723001
2026-06-05 11:40:00+09:00,USDJPY,5m,160.03172153100223,160.06250225581903,160.02136655783818,160.0402210892244,0.011538185164490138
2026-06-05 11:45:00+09:00,USDJPY,5m,160.0487085765452,160.04998471541978,160.0167447339112,160.04079555193718,0.017181927985965326
2026-06-05 11:50:00+09:00,USDJPY,5m,160.04626957575158,160.05297377155367,160.02178157973998,160.04021605950106,0.00622907413100107
2026-06-05 11:55:00+09:00,USDJPY,5m,160.03288181522225,160.05767490787622,160.0140716528126,160.04009127961106,0.009964476685883333
2026-06-05 12:00:00+09:00,USDJPY,5m,160.04596667629747,160.06534232490856,160.03459564754314,160.04043131087047,0.004798141258816231
2026-06-05 12:05:00+09:00,USDJPY,5m,160.04237723751856,160.06334703502853,160.02569150228692,160.03986030419756,0.01272694872315268
2026-06-05 12:10:00+09:00,USDJPY,5m,160.0381164052596,160.0610718884115,160.0290067697219,160.03993352950124,0.006509799636883764
2026-06-05 12:15:00+09:00,USDJPY,5m,160.03422353718622,160.04803744571882,160.02296129000038,160.0391431142043,0.008009157158180945
2026-06-05 12:20:00+09:00,USDJPY,5m,160.04598686928796,160.0574684272583,160.03198288378806,160.03879229361792,0.010482512899223508
2026-06-05 12:25:00+09:00,USDJPY,5m,160.04299792796428,160.0461803253234,160.01014087173914,160.0389941627784,0.0024818705426563016
2026-06-05 12:30:00+09:00,USDJPY,5m,160.0390031647277,160.05248244595822,160.02746698151157,160.0380483665383,0.003654882846575078
2026-06-05 12:35:00+09:00,USDJPY,5m,160.04051402205903,160.0536605646383,160.01026495699398,160.03832265138107,0.014346725972747955
2026-06-05 12:40:00+09:00,USDJPY,5m,160.03014219234333,160.04431615468783,160.02267353982577,160.0383208687017,0.009721459652915132
2026-06-05 12:45:00+09:00,USDJPY,5m,160.0381407578926,160.05051206516112,160.00902425934297,160.03866236267436,0.01756622399599812
2026-06-05 12:50:00+09:00,USDJPY,5m,160.0326807170105,160.06769794783645,160.0199552515683,160.0388067111548,0.014504096065595593
2026-06-05 12:55:00+09:00,USDJPY,5m,160.03380286899295,160.06847601060852,160.0113643738084,160.03963519541279,0.0021458169496518043
2026-06-05 13:00:00+09:00,USDJPY,5m,160.0429464093601,160.05352850647068,160.034586605397,160.03972033011436,0.013100821953808428
2026-06-05 13:05:00+09:00,USDJPY,5m,160.0476978098264,160.04555018951342,160.0157667166352,160.0394726867897,0.003687047589074896
2026-06-05 13:10:00+09:00,USDJPY,5m,160.0376311975011,160.04903343877473,160.01197979896395,160.03955606529152,0.0160567972362289
2026-06-05 13:15:00+09:00,USDJPY,5m,160.0340470295692,160.05469748894478,160.03139902993448,160.03989204410894,0.019847138389013037
2026-06-05 13:20:00+09:00,USDJPY,5m,160.04290629889587,160.06862585260038,160.03252821385783,160.03993136015114,0.011561578296347208
2026-06-05 13:25:00+09:00,USDJPY,5m,160.04738945609287,160.04849569175428,160.02435139998622,160.03996571516586,0.014290031003494349
2026-06-05 13:30:00+09:00,USDJPY,5m,160.04452089617564,160.0636424162449,160.01121254749987,160.0395545201532,0.006271654896105528
2026-06-05 13:35:00+09:00,USDJPY,5m,160.0465419242134,160.04688384308702,160.0206071155979,160.03916677960265,0.009876759387568285
2026-06-05 13:40:00+09:00,USDJPY,5m,160.0390663098598,160.06786665587435,160.02014880484654,160.03833521643958,0.017409715980254908
2026-06-05 13:45:00+09:00,USDJPY,5m,160.04443248737286,160.0539353749632,160.030866809528,160.0393949624855,0.005013613059432522
2026-06-05 13:50:00+09:00,USDJPY,5m,160.03145993573145,160.06303950801674,160.03363890676692,160.03865864454426,0.006779640901047718
2026-06-05 13:55:00+09:00,USDJPY,5m,160.0352183937328,160.05181767849584,160.0129993991569,160.03825290142555,0.010017806155148544
2026-06-05 14:00:00+09:00,USDJPY,5m,160.03562284035587,160.05852357899522,160.03064249299157,160.03783185706624,0.014820480053192253
2026-06-05 14:05:00+09:00,USDJPY,5m,160.0386047266173,160.0481792138109,160.017532566224,160.03837881169238,0.008765911186322129
2026-06-05 14:10:00+09:00,USDJPY,5m,160.04679336909055,160.04686236736785,160.01034643052253,160.0382118418854,0.018699181036094074
2026-06-05 14:15:00+09:00,USDJPY,5m,160.04645641833346,160.0674220906182,160.02875418930006,160.038970487129,0.0037002269228369454
2026-06-05 14:20:00+09:00,USDJPY,5m,160.03126690260024,160.06651757470206,160.01694457184854,160.03857639275446,0.008674475555807255
2026-06-05 14:25:00+09:00,USDJPY,5m,160.03220958228945,160.06594051275712,160.03178632483412,160.0387537892518,0.014761174221711595
2026-06-05 14:30:00+09:00,USDJPY,5m,160.03541539201163,160.05889841727404,160.01816870242394,160.03826258101986,0.006067761781906864
2026-06-05 14:35:00+09:00,USDJPY,5m,160.03537454781434,160.0647663757769,160.03046137747268,160.03955967049652,0.013815436416134115
2026-06-05 14:40:00+09:00,USDJPY,5m,160.04115253050824,160.0455830348679,160.01545827243223,160.0388571114451,0.004955905248092227
2026-06-05 14:45:00+09:00,USDJPY,5m,160.0471085248265,160.0524227299185,160.02652222150138,160.03905300387123,0.003007645127510355
2026-06-05 14:50:00+09:00,USDJPY,5m,160.04868910083326,160.05228584811871,160.02285849477968,160.0394432699998,0.00417828290147568
2026-06-05 14:55:00+09:00,USDJPY,5m,160.04277360850898,160.0605926825071,160.01971578590758,160.03970154945827,0.018739726096414423
2026-06-05 15:00:00+09:00,USDJPY,5m,160.04636356089097,160.05349932119972,160.0303185415963,160.03960037686295,0.011931515892911925
2026-06-05 15:05:00+09:00,USDJPY,5m,160.04003652844773,160.0482451539842,160.01599153897766,160.0395324844431,0.016334223958633685
2026-06-05 15:10:00+09:00,USDJPY,5m,160.0337353102635,160.05948044821162,160.02700276281035,160.0395687713263,0.007987781016290923
2026-06-05 15:15:00+09:00,USDJPY,5m,160.0399843383672,160.06485016814204,160.01793127362748,160.0394905701253,0.012667855661938041
2026-06-05 15:20:00+09:00,USDJPY,5m,160.04118054962413,160.05463198495687,160.0311218213279,160.04007889759538,0.010909138406689849
2026-06-05 15:25:00+09:00,USDJPY,5m,160.0462643626806,160.0497219292738,160.01921226991618,160.04141521139633,0.01902328326924129
2026-06-05 15:30:00+09:00,USDJPY,5m,160.03548837611947,160.05100792125816,160.03288601450507,160.04109071632533,0.015456343448973987
2026-06-05 15:35:00+09:00,USDJPY,5m,160.03764504217932,160.05121591716681,160.02464492213085,160.0402788345376,0.015149767366938424
2026-06-05 15:40:00+09:00,USDJPY,5m,160.03751641469287,160.05273330513344,160.0290557134651,160.04023586530857,0.0028343588498170318
2026-06-05 15:45:00+09:00,USDJPY,5m,160.050982482826,160.06286356767382,160.01808430967546,160.04179369091116,0.01189405404206644
2026-06-05 15:50:00+09:00,USDJPY,5m,160.04020038537692,160.06134512328381,160.0297706110577,160.04132148617038,0.010405846170232668
2026-06-05 15:55:00+09:00,USDJPY,5m,160.04741683559962,160.06471695279282,160.01527202359375,160.04231495625365,0.0187011607989115
2026-06-05 16:00:00+09:00,USDJPY,5m,160.0483478043696,160.0573941263554,160.01603607145694,160.0433315767421,0.006632155787411581
2026-06-05 16:05:00+09:00,USDJPY,5m,160.03832030749317,160.0686093650941,160.0330983909165,160.0430094237971,0.006857002159239698
2026-06-05 16:10:00+09:00,USDJPY,5m,160.04479820743202,160.05346300517348,160.02301466501942,160.0433608136446,0.00940423247986701
2026-06-05 16:15:00+09:00,USDJPY,5m,160.05223390948484,160.06107387030642,160.03715491057545,160.04434785161845,0.006380654841314769
2026-06-05 16:20:00+09:00,USDJPY,5m,160.043634329363,160.0691538430124,160.02934194748383,160.04413037497386,0.004325310520557492
2026-06-05 16:25:00+09:00,USDJPY,5m,160.05292057690465,160.0535221929511,160.02118518352026,160.0440182267578,0.017433467239714416
2026-06-05 16:30:00+09:00,USDJPY,5m,160.03796838279592,160.05142579605294,160.02219363703819,160.04367921820943,0.012048977439270487
2026-06-05 16:35:00+09:00,USDJPY,5m,160.0345635462865,160.07017246336324,160.02246284743586,160.04308036417103,0.017504528941218206
2026-06-05 16:40:00+09:00,USDJPY,5m,160.0505298751069,160.05627403921298,160.03063727605243,160.042700797644,0.01696042577726653
2026-06-05 16:45:00+09:00,USDJPY,5m,160.0489300574432,160.06407318660666,160.02752580974808,160.04197643348394,0.00707676238621408
2026-06-05 16:50:00+09:00,USDJPY,5m,160.05185868108356,160.04764059867148,160.03443322994738,160.04200688356488,0.011859273997836933
2026-06-05 16:55:00+09:00,USDJPY,5m,160.0451427693885,160.0638060718365,160.0185793291154,160.04155489962625,0.0034979186493212687
2026-06-05 17:00:00+09:00,USDJPY,5m,160.05043892970667,160.054607703962,160.02410795125354,160.04170517117333,0.018474533912553652
2026-06-05 17:05:00+09:00,USDJPY,5m,160.0473206142873,160.04717515512527,160.01806249297695,160.0407816337856,0.009276728871172757
2026-06-05 17:10:00+09:00,USDJPY,5m,160.04787868858733,160.06123548096363,160.029766573805,160.04099016192492,0.009086171310002385
2026-06-05 17:15:00+09:00,USDJPY,5m,160.04288311071096,160.0525203747037,160.028389323586,160.04150027930189,0.007449596671123158
2026-06-05 17:20:00+09:00,USDJPY,5m,160.0379613298747,160.05498421896763,160.02695865448484,160.04031403791635,0.010291947404792669
2026-06-05 17:25:00+09:00,USDJPY,5m,160.04923963330913,160.04756299216544,160.0349049116146,160.04054847185827,0.006531668957818065
2026-06-05 17:30:00+09:00,USDJPY,5m,160.03993741676607,160.0499741545311,160.02776887643296,160.04129507325374,0.008747340910342483
2026-06-05 17:35:00+09:00,USDJPY,5m,160.04135567598752,160.05302871952992,160.0154966743046,160.04057928864253,0.016399046874527874
2026-06-05 17:40:00+09:00,USDJPY,5m,160.04051511821714,160.04883681958864,160.0141603696809,160.04159283207463,0.017016599064533094
2026-06-05 17:45:00+09:00,USDJPY,5m,160.04315060975946,160.0696249000974,160.02389878558935,160.04185424348026,0.007475284597313291
2026-06-05 17:50:00+09:00,USDJPY,5m,160.04085133794666,160.04659241244642,160.02505369398634,160.0414412363668,0.010442259749950184
2026-06-05 17:55:00+09:00,USDJPY,5m,160.0323771260918,160.05851428039182,160.0356471594527,160.0414177749202,0.017728755973040945
2026-06-05 18:00:00+09:00,USDJPY,5m,160.04940373478786,160.04984395752103,160.01478266262808,160.0417627710677,0.002948119972934549
2026-06-05 18:05:00+09:00,USDJPY,5m,160.04070625068087,160.0545103515395,160.03649311896692,160.04181837430255,0.01800460931592414
2026-06-05 18:10:00+09:00,USDJPY,5m,160.04393050086816,160.07030311689348,160.01353287589276,160.04215162789802,0.005945318221741971
2026-06-05 18:15:00+09:00,USDJPY,5m,160.03439297979733,160.050651587574,160.02437881752496,160.04160922374217,0.014213706395858767
2026-06-05 18:20:00+09:00,USDJPY,5m,160.03178859719625,160.07086664822955,160.02817247789721,160.0417208402366,0.012485930534922805
2026-06-05 18:25:00+09:00,USDJPY,5m,160.03578841341132,160.0510274709632,160.01277715066738,160.04088261153845,0.01195293346740654
2026-06-05 18:30:00+09:00,USDJPY,5m,160.0449175965443,160.0643650286133,160.0352161010739,160.04082587590165,0.017468484045550785
2026-06-05 18:35:00+09:00,USDJPY,5m,160.03227742191902,160.05896046293918,160.02075790894503,160.04029353131676,0.003828298585603903
2026-06-05 18:40:00+09:00,USDJPY,5m,160.04803996215895,160.06697418154116,160.02113890023875,160.03986221335123,0.00824650445586145
2026-06-05 18:45:00+09:00,USDJPY,5m,160.03491432064345,160.0594637006439,160.03013085922606,160.04061386925633,0.011688549434205782
2026-06-05 18:50:00+09:00,USDJPY,5m,160.03537052761453,160.05964263580762,160.02555646954497,160.0412786553287,0.016603199371028717
2026-06-05 18:55:00+09:00,USDJPY,5m,160.03528429743366,160.05154058821046,160.02034753805265,160.04165413820124,0.005895975501410088
2026-06-05 19:00:00+09:00,USDJPY,5m,160.03128838480185,160.05016448459372,160.0178304706204,160.04100875054243,0.016452737144736974
2026-06-05 19:05:00+09:00,USDJPY,5m,160.0462650148422,160.06874113425053,160.03581098400497,160.04082890547264,0.009193492684890843
2026-06-05 19:10:00+09:00,USDJPY,5m,160.04906745471752,160.05476271906386,160.01314542834032,160.0415667640926,0.0054004494158065176
2026-06-05 19:15:00+09:00,USDJPY,5m,160.04394504829312,160.0559638506149,160.032548659931,160.0416617942408,0.01566175592798269
2026-06-05 19:20:00+09:00,USDJPY,5m,160.03682739159837,160.06705898342548,160.03222388110922,160.04306339196478,0.003636180226541861
2026-06-05 19:25:00+09:00,USDJPY,5m,160.03901494260722,160.05677996972898,160.03172254652605,160.0433093826684,0.011265812733357973
2026-06-05 19:30:00+09:00,USDJPY,5m,160.04295314608564,160.0722361733043,160.03748910872451,160.04343461213833,0.003149764109513992
2026-06-05 19:35:00+09:00,USDJPY,5m,160.05234606129224,160.06670733648477,160.03518283917003,160.04325914225979,0.008415521392840176
2026-06-05 19:40:00+09:00,USDJPY,5m,160.03829629423902,160.063284997867,160.01369051872905,160.04334926680266,0.01281938238211507
2026-06-05 19:45:00+09:00,USDJPY,5m,160.04790070297923,160.07029016391448,160.0303873664664,160.04326778490085,0.012010079746769837
2026-06-05 19:50:00+09:00,USDJPY,5m,160.0424916145727,160.04994279781556,160.03582012284835,160.04370265010684,0.009283797522283997
2026-06-05 19:55:00+09:00,USDJPY,5m,160.04024361846413,160.05571323880167,160.03661188996756,160.04428667149693,0.009722863891498082
2026-06-05 20:00:00+09:00,USDJPY,5m,160.04294339656107,160.06045098617616,160.02083857862888,160.04382507782063,0.006081851960313798
2026-06-05 20:05:00+09:00,USDJPY,5m,160.03446047239933,160.0537108015353,160.01667212144767,160.0430363380485,0.010205886591633854
2026-06-05 20:10:00+09:00,USDJPY,5m,160.04791836224322,160.06554224450716,160.0305208073369,160.04194461482462,0.01915858740297502
2026-06-05 20:15:00+09:00,USDJPY,5m,160.03712544818043,160.07023961039712,160.0367366718124,160.04225940962078,0.017308152520108228
2026-06-05 20:20:00+09:00,USDJPY,5m,160.04611563212092,160.05720164265534,160.03103013919593,160.04160738965706,0.004614191643374189
2026-06-05 20:25:00+09:00,USDJPY,5m,160.03169262273028,160.0538789703041,160.0339127630314,160.0403256553013,0.0025360541717765767
2026-06-05 20:30:00+09:00,USDJPY,5m,160.0496707735873,160.06960757076746,160.03298392904827,160.040568802464,0.018803437628899355
2026-06-05 20:35:00+09:00,USDJPY,5m,160.03593490188257,160.05819591299516,160.02628689917827,160.04207460217447,0.011481495497853458
2026-06-05 20:40:00+09:00,USDJPY,5m,160.04973580115168,160.0593071696388,160.031333000356,160.04208095962755,0.01168108081668754
2026-06-05 20:45:00+09:00,USDJPY,5m,160.04878351828455,160.05638530090079,160.0246954071291,160.04259405409223,0.016052923922717406
2026-06-05 20:50:00+09:00,USDJPY,5m,160.052010350189,160.07039186353265,160.03131580787593,160.04265315170736,0.007664401529683879
2026-06-05 20:55:00+09:00,USDJPY,5m,160.04216163113438,160.06182770499748,160.01409038538787,160.04260381791545,0.01067433623904804
2026-06-05 21:00:00+09:00,USDJPY,5m,160.04771320968214,160.06721962848476,160.01551666460708,160.04316526380524,0.01943593243664128
2026-06-05 21:05:00+09:00,USDJPY,5m,160.04041531221947,160.06829626703748,160.02383094645344,160.0430010990787,0.01409867636478333
2026-06-05 21:10:00+09:00,USDJPY,5m,160.03685889922755,160.05671776051508,160.02931093466748,160.04317153446715,0.004767410575924147
2026-06-05 21:15:00+09:00,USDJPY,5m,160.04223607180953,160.05921691143388,160.0288458811,160.04337455315087,0.00439808146371836
2026-06-05 21:20:00+09:00,USDJPY,5m,160.03629867918644,160.06919549323885,160.02768739180007,160.0429836988787,0.005676765649994097
2026-06-05 21:25:00+09:00,USDJPY,5m,160.05322981674414,160.0576703080803,160.020399441235,160.0435889242884,0.015800810139572918
2026-06-05 21:30:00+09:00,USDJPY,5m,160.0354188782572,160.06834232677068,160.02720297354642,160.0434939484344,0.007316786069131089
2026-06-05 21:35:00+09:00,USDJPY,5m,160.04483473580777,160.07157530940307,160.01663225267606,160.0430505013387,0.002384999240151436
2026-06-05 21:40:00+09:00,USDJPY,5m,160.04591168434993,160.06396266657154,160.01478003759658,160.04338240724485,0.018995138543101912
2026-06-05 21:45:00+09:00,USDJPY,5m,160.04361491731325,160.06639400864208,160.02945467262128,160.04285332645577,0.005054841495108393
2026-06-05 21:50:00+09:00,USDJPY,5m,160.04612395286443,160.06800766795124,160.0238628731158,160.0428802351502,0.0021720473506652346
2026-06-05 21:55:00+09:00,USDJPY,5m,160.03520837925242,160.0690107549746,160.03550835033138,160.0428847637522,0.006268368842899814
2026-06-05 22:00:00+09:00,USDJPY,5m,160.0446466715758,160.05842263453812,160.03353457489754,160.0435463010917,0.006230518168126407
2026-06-05 22:05:00+09:00,USDJPY,5m,160.03958537145397,160.05012270651082,160.02850447586368,160.04384112003143,0.009596094515223016
2026-06-05 22:10:00+09:00,USDJPY,5m,160.05263962512223,160.05888301063712,160.03368103595864,160.0438361038562,0.018567016967000666
2026-06-05 22:15:00+09:00,USDJPY,5m,160.0495781967045,160.0661806693803,160.01742275136598,160.0443367636357,0.01782532852002376
2026-06-05 22:20:00+09:00,USDJPY,5m,160.0546311778083,160.06143964780964,160.03622373176364,160.0451808881651,0.010224101989683704
2026-06-05 22:25:00+09:00,USDJPY,5m,160.0362766957437,160.06924965312044,160.02913405381008,160.04552557434891,0.009396198289852518
2026-06-05 22:30:00+09:00,USDJPY,5m,160.04124444942443,160.05946634665753,160.0253993049093,160.04554178592082,0.011990163556547324
2026-06-05 22:35:00+09:00,USDJPY,5m,160.0386731359142,160.065633287709,160.0224680864774,160.04476468418142,0.006382172215491784
2026-06-05 22:40:00+09:00,USDJPY,5m,160.0343587077298,160.05379611110493,160.02955888174043,160.04413561598358,0.0029393298553945313
2026-06-05 22:45:00+09:00,USDJPY,5m,160.0388089957659,160.0676967170771,160.01723500444285,160.04396248116097,0.018906034451081723
2026-06-05 22:50:00+09:00,USDJPY,5m,160.04718229351008,160.06224917305997,160.0243987950627,160.04360677383966,0.00536058172778911
2026-06-05 22:55:00+09:00,USDJPY,5m,160.03812636950056,160.05360620077155,160.0275168965467,160.04350459105788,0.005571213126422895
2026-06-05 23:00:00+09:00,USDJPY,5m,160.04372864992246,160.05584636035024,160.0368675651615,160.0435485810128,0.010504285919371059
2026-06-05 23:05:00+09:00,USDJPY,5m,160.05163275896473,160.06759161437998,160.0272591599543,160.04387639666544,0.010849040207125954
2026-06-05 23:10:00+09:00,USDJPY,5m,160.04771925580556,160.06090912829012,160.0183257013782,160.0438440973986,0.002331815774613355
2026-06-05 23:15:00+09:00,USDJPY,5m,160.04203857978302,160.05454678439472,160.02378247292935,160.0441459983849,0.004663185297931473
2026-06-05 23:20:00+09:00,USDJPY,5m,160.041644061812,160.07337646279302,160.01839062169054,160.04419468303377,0.008806786734093353
2026-06-05 23:25:00+09:00,USDJPY,5m,160.0421341193741,160.06589752858937,160.02566911132897,160.04301940309395,0.014307152483189705
2026-06-05 23:30:00+09:00,USDJPY,5m,160.03600663067888,160.07139417267118,160.03450425923032,160.04246580185767,0.0061115322229748454
2026-06-05 23:35:00+09:00,USDJPY,5m,160.04506936467254,160.05806697545825,160.03704835317833,160.04238934932422,0.009614260032351728
2026-06-05 23:40:00+09:00,USDJPY,5m,160.03895658886063,160.05855104099584,160.02909304381058,160.04167353247854,0.012032211164896405
2026-06-05 23:45:00+09:00,USDJPY,5m,160.04909079670176,160.06949237012114,160.01959372792908,160.04204348971652,0.017994664903219257
2026-06-05 23:50:00+09:00,USDJPY,5m,160.0481029934171,160.0610981737221,160.01821544261742,160.04297194021595,0.00786926904188822
2026-06-05 23:55:00+09:00,USDJPY,5m,160.0459234606088,160.0663951701246,160.03131937646145,160.04371319732695,0.004404048785542704
2026-06-06 00:00:00+09:00,USDJPY,5m,160.0408791760574,160.0548994535418,160.02620378358233,160.0435951316044,0.01080690006615695
2026-06-06 00:05:00+09:00,USDJPY,5m,160.03869820391995,160.06066772900405,160.02897159467565,160.0444995672865,0.01544098883031312
2026-06-06 00:10:00+09:00,USDJPY,5m,160.05012180504292,160.05268501440608,160.02933569815204,160.04459876776082,0.003977475626949202
2026-06-06 00:15:00+09:00,USDJPY,5m,160.044134698158,160.05455601707507,160.03362279834815,160.04440651617816,0.009644302850545287
2026-06-06 00:20:00+09:00,USDJPY,5m,160.03854347534357,160.0490720599617,160.0356391969543,160.04404847458002,0.002320132542724702
2026-06-06 00:25:00+09:00,USDJPY,5m,160.03778048506894,160.04985861905936,160.03395977881235,160.04387699276813,0.0026040652696505207
2026-06-06 00:30:00+09:00,USDJPY,5m,160.03696210476704,160.07308618225642,160.03727077699793,160.043654086677,0.010693160537899982
2026-06-06 00:35:00+09:00,USDJPY,5m,160.04930956033456,160.05482517878886,160.03381306786486,160.04376633641044,0.007367551366716731
2026-06-06 00:40:00+09:00,USDJPY,5m,160.03845242450507,160.06545544853668,160.03864265835844,160.04387268079907,0.017211931382097423
2026-06-06 00:45:00+09:00,USDJPY,5m,160.04441735368167,160.06986200088116,160.02320304839526,160.04388450841117,0.012838777510276178
2026-06-06 00:50:00+09:00,USDJPY,5m,160.04318759853246,160.06292318279392,160.03124728612832,160.044156671313,0.010170793311373827
2026-06-06 00:55:00+09:00,USDJPY,5m,160.04647327706243,160.05370967157998,160.01555244129221,160.04488105907788,0.009342836678977335
2026-06-06 01:00:00+09:00,USDJPY,5m,160.05300388956658,160.06866370249256,160.03561786528974,160.04546079155915,0.01095041864341214
2026-06-06 01:05:00+09:00,USDJPY,5m,160.05193480057972,160.06458613803056,160.03093413852034,160.04457985277807,0.002727898961827904
2026-06-06 01:10:00+09:00,USDJPY,5m,160.04207902153365,160.06633876483085,160.0291114711311,160.04305750009715,0.018070280415571884
2026-06-06 01:15:00+09:00,USDJPY,5m,160.0339354170586,160.0678717576153,160.03841680464234,160.0436280920439,0.01996945680321125
2026-06-06 01:20:00+09:00,USDJPY,5m,160.0413468409391,160.07220322401693,160.01683776599884,160.04281796482482,0.005266768247456576
2026-06-06 01:25:00+09:00,USDJPY,5m,160.04481697633216,160.06203218758435,160.03689324408006,160.04269310558368,0.004166893365943156
2026-06-06 01:30:00+09:00,USDJPY,5m,160.04315633295002,160.0555420655853,160.01349654189983,160.04200103776805,0.004584394342074714
2026-06-06 01:35:00+09:00,USDJPY,5m,160.04395657162152,160.06214146342802,160.01362799072817,160.04092984950552,0.01389848704821861
2026-06-06 01:40:00+09:00,USDJPY,5m,160.0343462417919,160.0479757448735,160.02287667924028,160.04126472714242,0.013905935092113946
2026-06-06 01:45:00+09:00,USDJPY,5m,160.04466092221423,160.06916515319665,160.02314033086583,160.0417302202386,0.017262634921011398
2026-06-06 01:50:00+09:00,USDJPY,5m,160.03504734637306,160.04937883928164,160.02004986592428,160.04139431399818,0.01553287499167256
2026-06-06 01:55:00+09:00,USDJPY,5m,160.04486016823682,160.05304575957004,160.02517343832452,160.0398496886229,0.010094414120648116
2026-06-06 02:00:00+09:00,USDJPY,5m,160.03631369421922,160.06492557646962,160.018351384869,160.03953194195395,0.01303139650817574
2026-06-06 02:05:00+09:00,USDJPY,5m,160.04397493302483,160.05970983381545,160.03365781463998,160.0397770243572,0.014389124066624143
2026-06-06 02:10:00+09:00,USDJPY,5m,160.02985698939403,160.05374056542286,160.03254848673217,160.0388996774159,0.011229256465134054
2026-06-06 02:15:00+09:00,USDJPY,5m,160.0371768938796,160.05585558485214,160.02258893287728,160.03901969336778,0.010561717720129461
2026-06-06 02:20:00+09:00,USDJPY,5m,160.04312119790353,160.06538419228832,160.02027994993063,160.03902050745828,0.01361175402156776
2026-06-06 02:25:00+09:00,USDJPY,5m,160.03391549268468,160.05287819200953,160.01218264134965,160.03937808235804,0.012034541881561769
2026-06-06 02:30:00+09:00,USDJPY,5m,160.04536557147503,160.06620107269939,160.0318433147314,160.0394598305791,0.013590961496046388
2026-06-06 02:35:00+09:00,USDJPY,5m,160.04150158387665,160.04608934998896,160.0133197910347,160.03888598921455,0.013031385931340551
2026-06-06 02:40:00+09:00,USDJPY,5m,160.04136516755858,160.06403389304577,160.02936274868327,160.03961393211557,0.014945538089245786
2026-06-06 02:45:00+09:00,USDJPY,5m,160.03659979145584,160.0657175051981,160.024676723159,160.03952881437175,0.01357046315809177
2026-06-06 02:50:00+09:00,USDJPY,5m,160.03917146105567,160.04906787296898,160.02660737077736,160.03952243164804,0.011355364755870812
2026-06-06 02:55:00+09:00,USDJPY,5m,160.04091945689214,160.05473113418188,160.02396858905095,160.03897247087258,0.01427234260311896
2026-06-06 03:00:00+09:00,USDJPY,5m,160.0381657438002,160.0478539958885,160.02995411407008,160.0387165015219,0.010090675373337707
2026-06-06 03:05:00+09:00,USDJPY,5m,160.04216188637227,160.0608607231183,160.02060636803336,160.03819561989346,0.0063500820675068195
2026-06-06 03:10:00+09:00,USDJPY,5m,160.03677579091965,160.05648554645904,160.01306078751173,160.0381018522575,0.002025527962410478
2026-06-06 03:15:00+09:00,USDJPY,5m,160.03318434098045,160.06002196101332,160.02310052708614,160.0391388773456,0.012079354648625178
2026-06-06 03:20:00+09:00,USDJPY,5m,160.03260441231586,160.04823791083373,160.02106039726237,160.03832573665983,0.01263179407895554
2026-06-06 03:25:00+09:00,USDJPY,5m,160.02748367519794,160.0476612463724,160.01114841018907,160.0373675998211,0.019496881365962858
2026-06-06 03:30:00+09:00,USDJPY,5m,160.03427945632876,160.04429773515534,160.01560884915165,160.0382603020176,0.008506610013696961
2026-06-06 03:35:00+09:00,USDJPY,5m,160.04312306062087,160.05119639619122,160.02088334759833,160.0381447078113,0.009094398370909612
2026-06-06 03:40:00+09:00,USDJPY,5m,160.04363651834487,160.05674688070147,160.0263108729634,160.03775326416812,0.005632392464159424
2026-06-06 03:45:00+09:00,USDJPY,5m,160.03243655782248,160.0648355798305,160.01126403830943,160.03838720698056,0.0032696173142717946
2026-06-06 03:50:00+09:00,USDJPY,5m,160.04721471759413,160.05970702384317,160.01860832761446,160.0380338376567,0.015910480871511333
2026-06-06 03:55:00+09:00,USDJPY,5m,160.03918749935443,160.0550243515698,160.02861075323207,160.03913944348483,0.006494259158107851
2026-06-06 04:00:00+09:00,USDJPY,5m,160.04789577398802,160.0683842018675,160.0278282051917,160.03955619900765,0.012960287498540684
2026-06-06 04:05:00+09:00,USDJPY,5m,160.04340875779997,160.06225458217713,160.01419512493933,160.03927345216275,0.014379914639818669
2026-06-06 04:10:00+09:00,USDJPY,5m,160.04502650555116,160.06883196716228,160.03447419803854,160.04057783709072,0.01048226037124966
2026-06-06 04:15:00+09:00,USDJPY,5m,160.03192528056303,160.0584141074687,160.0104221034612,160.0402244081369,0.017774338034489454
2026-06-06 04:20:00+09:00,USDJPY,5m,160.03507948789806,160.05215227222996,160.03242087336727,160.04067966536013,0.009988307137635119
2026-06-06 04:25:00+09:00,USDJPY,5m,160.03104553757424,160.04718990806748,160.01596752777343,160.04086924090836,0.007128355214751773
2026-06-06 04:30:00+09:00,USDJPY,5m,160.04598283849154,160.0648124069691,160.0267909027627,160.041660285682,0.018128279413309203
2026-06-06 04:35:00+09:00,USDJPY,5m,160.0394959581686,160.05063976735016,160.02530178781785,160.04260719240003,0.017508157116499216
2026-06-06 04:40:00+09:00,USDJPY,5m,160.04836944521102,160.05520577309628,160.01562013045287,160.04263639488948,0.004952719047375435
2026-06-06 04:45:00+09:00,USDJPY,5m,160.03897306856604,160.0605061168644,160.02687156442755,160.04219434416729,0.002467298330370577
2026-06-06 04:50:00+09:00,USDJPY,5m,160.048867002499,160.06159074214753,160.0240429836112,160.04248032745303,0.0036197400142931723
2026-06-06 04:55:00+09:00,USDJPY,5m,160.03469766330616,160.06209827815587,160.03585120667094,160.04208369823118,0.007157853173968708
2026-06-06 05:00:00+09:00,USDJPY,5m,160.03676919371486,160.05245811383847,160.03824304373302,160.0433017305797,0.019500676431350797
2026-06-06 05:05:00+09:00,USDJPY,5m,160.04021118257003,160.0578870868989,160.03227365495331,160.04339365177836,0.012053290756894852
2026-06-06 05:10:00+09:00,USDJPY,5m,160.0413542066252,160.06361431452547,160.02116988152457,160.04318445884755,0.008718711176526839
2026-06-06 05:15:00+09:00,USDJPY,5m,160.04027932324794,160.07255073864692,160.0352736446971,160.0433052670311,0.017996889703029435
2026-06-06 05:20:00+09:00,USDJPY,5m,160.04777993190783,160.06569776969985,160.03466294228724,160.04250699125737,0.010156453966612994
2026-06-06 05:25:00+09:00,USDJPY,5m,160.0338730506868,160.0699991167616,160.02666000763335,160.04193402283425,0.007674295311218381
2026-06-06 05:30:00+09:00,USDJPY,5m,160.03968861157182,160.06671957263688,160.02146834521383,160.04266427117904,0.018941951517421833
2026-06-06 05:35:00+09:00,USDJPY,5m,160.04902493460196,160.06207305883396,160.01947833480546,160.04228013461164,0.017291317991468207
2026-06-06 05:40:00+09:00,USDJPY,5m,160.03299792956727,160.05146257225044,160.03220072116957,160.04166198802204,0.017186030757549937
2026-06-06 05:45:00+09:00,USDJPY,5m,160.05084084982698,160.06366112097086,160.03500427598925,160.04199397967355,0.011221125374903837
2026-06-06 05:50:00+09:00,USDJPY,5m,160.05244173901178,160.06329989131535,160.0142054763177,160.04271540216635,0.01620989117867819
2026-06-06 05:55:00+09:00,USDJPY,5m,160.03492813762924,160.0632185034142,160.0316401145887,160.04315677415275,0.005228360466761934
2026-06-06 06:00:00+09:00,USDJPY,5m,160.03958985320935,160.06100904946393,160.01743074032402,160.04376440276422,0.012318013236012386
2026-06-06 06:05:00+09:00,USDJPY,5m,160.04076833903179,160.06153674081082,160.01673303944952,160.04332032571108,0.019709226611255827
2026-06-06 06:10:00+09:00,USDJPY,5m,160.04800506668408,160.05583830248898,160.01816417451698,160.04247723931104,0.007237251749323311
2026-06-06 06:15:00+09:00,USDJPY,5m,160.04530657574455,160.0613708568183,160.0341671993359,160.04338803950222,0.016298341926458154
2026-06-06 06:20:00+09:00,USDJPY,5m,160.04609174560878,160.0531433292409,160.01765939511756,160.04320443159892,0.010828611329745212
2026-06-06 06:25:00+09:00,USDJPY,5m,160.04821412824543,160.06819329172305,160.018832667808,160.04306393178905,0.002716502297997572
2026-06-06 06:30:00+09:00,USDJPY,5m,160.03623042826288,160.0535152721416,160.02395277352147,160.04387084827414,0.015734349160682014
2026-06-06 06:35:00+09:00,USDJPY,5m,160.050878775418,160.05133874352703,160.03078453540056,160.0442145862798,0.005034244599058031
2026-06-06 06:40:00+09:00,USDJPY,5m,160.04861051502664,160.06040426960197,160.03293540383638,160.04449811894304,0.013366524208389505
2026-06-06 06:45:00+09:00,USDJPY,5m,160.0473539548539,160.06726480633762,160.03775989004797,160.04580712034996,0.003541955492845512
2026-06-06 06:50:00+09:00,USDJPY,5m,160.0532257161074,160.06137393003507,160.02768708273922,160.04543100941174,0.01904361315492737
2026-06-06 06:55:00+09:00,USDJPY,5m,160.05000384056626,160.05791656678738,160.02636619160083,160.0459977134886,0.007251029969246497
2026-06-06 07:00:00+09:00,USDJPY,5m,160.04007592061615,160.0649962009608,160.03205844660064,160.04604192136352,0.006076364450193109
2026-06-06 07:05:00+09:00,USDJPY,5m,160.04480798435236,160.05988813511615,160.02932910003884,160.04621307673085,0.004324455273194017
2026-06-06 07:10:00+09:00,USDJPY,5m,160.04702101512544,160.0754618500399,160.03305229635248,160.0471401577867,0.019028039480102864
2026-06-06 07:15:00+09:00,USDJPY,5m,160.0385592117755,160.07552098773056,160.02642970780747,160.04745485924047,0.014814267363943494
2026-06-06 07:20:00+09:00,USDJPY,5m,160.0568805871551,160.0653471323872,160.02025635669298,160.0477878368879,0.015349895996925598
2026-06-06 07:25:00+09:00,USDJPY,5m,160.04101288650622,160.06163844114076,160.03934333473913,160.0484413412903,0.010989282104844404
2026-06-06 07:30:00+09:00,USDJPY,5m,160.0521815949971,160.0716606800015,160.033697149405,160.04823236965257,0.010545100134868703
2026-06-06 07:35:00+09:00,USDJPY,5m,160.04786346457396,160.05365666743924,160.0392171287534,160.04773884385216,0.00398038237384658
2026-06-06 07:40:00+09:00,USDJPY,5m,160.03763460333343,160.06399118348682,160.02649836407554,160.04712195833574,0.012077139720511852
2026-06-06 07:45:00+09:00,USDJPY,5m,160.0544470938994,160.05936022923888,160.0227303816449,160.0459521443821,0.006444496911958229
2026-06-06 07:50:00+09:00,USDJPY,5m,160.05423260483647,160.07520926578763,160.01889805034514,160.04719586866008,0.01958861599040731
2026-06-06 07:55:00+09:00,USDJPY,5m,160.0470291021987,160.05184401932246,160.0345721454841,160.04654394364064,0.016338456920272654
2026-06-06 08:00:00+09:00,USDJPY,5m,160.04100003818928,160.06524156335945,160.01766591131985,160.0464211914665,0.009433857083471978
2026-06-06 08:05:00+09:00,USDJPY,5m,160.03869756130018,160.06978169301325,160.03968353669106,160.04626510348658,0.004724142656447595
2026-06-06 08:10:00+09:00,USDJPY,5m,160.0437273970939,160.06358499719337,160.02638420092114,160.04645954750526,0.016135970440498113
2026-06-06 08:15:00+09:00,USDJPY,5m,160.04206755545368,160.05409406558684,160.04053067184918,160.04695898983277,0.004196967807463688
2026-06-06 08:20:00+09:00,USDJPY,5m,160.04761909794593,160.07679680867648,160.02014091923175,160.0474852739258,0.00540800756294727
2026-06-06 08:25:00+09:00,USDJPY,5m,160.05647361338512,160.06509568824706,160.0289002010359,160.04714542746265,0.005807369319396094
2026-06-06 08:30:00+09:00,USDJPY,5m,160.04855422429898,160.06740981054236,160.02532144566533,160.0470551544344,0.0120240314889157
2026-06-06 08:35:00+09:00,USDJPY,5m,160.05503332352248,160.05814994697235,160.0214453542569,160.04723470240467,0.016167019771826593
2026-06-06 08:40:00+09:00,USDJPY,5m,160.0501130644789,160.06418293985664,160.03833772216686,160.04709548772897,0.007657667817044461
2026-06-06 08:45:00+09:00,USDJPY,5m,160.04757482560632,160.06379863237353,160.04210510602613,160.04806989507458,0.0035240566569552097
2026-06-06 08:50:00+09:00,USDJPY,5m,160.05546663130022,160.05524687609562,160.02140245139773,160.04837448004557,0.010361692343439546
2026-06-06 08:55:00+09:00,USDJPY,5m,160.04825276892063,160.05647941555588,160.03595207603072,160.04882540671719,0.015465984340878841
2026-06-06 09:00:00+09:00,USDJPY,5m,160.05660569888857,160.07516994846884,160.0410086627802,160.04923313547837,0.00598994917557299
2026-06-06 09:05:00+09:00,USDJPY,5m,160.0457787551844,160.06094271859803,160.0332356888657,160.04994721979287,0.005958641864708737
2026-06-06 09:10:00+09:00,USDJPY,5m,160.04264209420336,160.05993978951557,160.0301081808357,160.0500658327281,0.019050086492240798
2026-06-06 09:15:00+09:00,USDJPY,5m,160.0564040228466,160.0669205198406,160.04352346847378,160.04929773355934,0.019174767088145202
2026-06-06 09:20:00+09:00,USDJPY,5m,160.05129584960625,160.07376622461445,160.03767515487397,160.0495475463304,0.019828383177108375
2026-06-06 09:25:00+09:00,USDJPY,5m,160.0569485801591,160.05571539515856,160.04334673533717,160.0491667321941,0.016537872828346043
2026-06-06 09:30:00+09:00,USDJPY,5m,160.0576161063249,160.068279760176,160.03335117745516,160.04885956218504,0.00538731504502302
2026-06-06 09:35:00+09:00,USDJPY,5m,160.04029394840376,160.05720164166735,160.02184387986966,160.04922138059632,0.005815667374386705
2026-06-06 09:40:00+09:00,USDJPY,5m,160.04999373647632,160.0558858767098,160.0204080401518,160.04997435043916,0.008124054347403056
2026-06-06 09:45:00+09:00,USDJPY,5m,160.0474964043667,160.05631571218927,160.02907092454763,160.04999711338522,0.007726385564002836
2026-06-06 09:50:00+09:00,USDJPY,5m,160.05270958113417,160.07604651589799,160.04115147084815,160.05019241319278,0.019217499483404163
2026-06-06 09:55:00+09:00,USDJPY,5m,160.05709556610358,160.05917305425024,160.02357750740956,160.05122374215955,0.016203331691870486
2026-06-06 10:00:00+09:00,USDJPY,5m,160.04698999838672,160.05750697817754,160.03347199848724,160.05137819406724,0.015032158258907972
2026-06-06 10:05:00+09:00,USDJPY,5m,160.05408517162323,160.06889670111434,160.04410547113318,160.05294920393575,0.005347338033046373
2026-06-06 10:10:00+09:00,USDJPY,5m,160.05747308132123,160.07939834652169,160.02525534298684,160.05329850972313,0.018371460068521937
2026-06-06 10:15:00+09:00,USDJPY,5m,160.04494067372437,160.06381226147988,160.02831532579955,160.05225205206764,0.01690166683111113
2026-06-06 10:20:00+09:00,USDJPY,5m,160.05899539515934,160.06825687247846,160.02942142522224,160.0527140570403,0.004945553143902627
2026-06-06 10:25:00+09:00,USDJPY,5m,160.05507494406828,160.05895081538532,160.03022323447638,160.05295275207123,0.017681065975297505
2026-06-06 10:30:00+09:00,USDJPY,5m,160.06272735246594,160.06996356657706,160.04372810819626,160.05373660372368,0.006900455654668483
2026-06-06 10:35:00+09:00,USDJPY,5m,160.05094109091706,160.07359083955038,160.04387534524176,160.05415051253445,0.003455655424977909
2026-06-06 10:40:00+09:00,USDJPY,5m,160.0462403577908,160.07335011528787,160.0318701139834,160.05407743894406,0.013822801517255782
2026-06-06 10:45:00+09:00,USDJPY,5m,160.053482884023,160.06666352730662,160.0428597912495,160.05335286000226,0.013768483868917953
2026-06-06 10:50:00+09:00,USDJPY,5m,160.0449536614821,160.0661257755645,160.03727065362784,160.05323744604792,0.0037087761721811257
2026-06-06 10:55:00+09:00,USDJPY,5m,160.06212766424184,160.06040272424877,160.02818708813552,160.05273713377537,0.007739332560858484
2026-06-06 11:00:00+09:00,USDJPY,5m,160.04317251887065,160.06656877772167,160.02780000675307,160.0523988197055,0.019870660320599698
2026-06-06 11:05:00+09:00,USDJPY,5m,160.0578320447703,160.06024933346995,160.036430422435,160.05276196674814,0.014211680006157265
2026-06-06 11:10:00+09:00,USDJPY,5m,160.0542759574136,160.07793880806858,160.02896916099388,160.05377390945077,0.015141352998859927
2026-06-06 11:15:00+09:00,USDJPY,5m,160.05139312541863,160.08317756981236,160.02805516746372,160.05402071236867,0.005832511140877503
2026-06-06 11:20:00+09:00,USDJPY,5m,160.04463002582162,160.0825650439481,160.03194378874935,160.05331318253144,0.003418077278070458
2026-06-06 11:25:00+09:00,USDJPY,5m,160.05603328261583,160.08021672161675,160.04287929782467,160.05358994413237,0.006984230415336879
2026-06-06 11:30:00+09:00,USDJPY,5m,160.05602232961215,160.07433772675785,160.04246762851471,160.05431792302434,0.006480170933477456
2026-06-06 11:35:00+09:00,USDJPY,5m,160.0495797187431,160.07648369571285,160.04109102439654,160.05396205328177,0.006221793813464957
2026-06-06 11:40:00+09:00,USDJPY,5m,160.06209607700998,160.06602178804877,160.0459715402884,160.05389164298177,0.0054695777939667125
2026-06-06 11:45:00+09:00,USDJPY,5m,160.04999265604545,160.07467971640293,160.04208146538934,160.0539104558986,0.01234560243179728
2026-06-06 11:50:00+09:00,USDJPY,5m,160.05244402512258,160.06984075564674,160.04321153630292,160.05344951691075,0.007905862565152792
2026-06-06 11:55:00+09:00,USDJPY,5m,160.0547237342894,160.07089891866548,160.03746526642584,160.05384848517105,0.01676621027085555
2026-06-06 12:00:00+09:00,USDJPY,5m,160.04579055384542,160.07773033029127,160.0260749775851,160.0537859162819,0.005311053521252912
2026-06-06 12:05:00+09:00,USDJPY,5m,160.06269087013249,160.06609559463814,160.04643562782937,160.05404763574822,0.010363287275633801
2026-06-06 12:10:00+09:00,USDJPY,5m,160.05101586349056,160.0664761307339,160.03051844234284,160.05352514044154,0.0022458410556694397
2026-06-06 12:15:00+09:00,USDJPY,5m,160.04488824973885,160.08138871023957,160.03109059035103,160.05327266546135,0.010670281804193459
2026-06-06 12:20:00+09:00,USDJPY,5m,160.05146191774955,160.06012170164732,160.04632223930946,160.05371609427604,0.003005087975776539
2026-06-06 12:25:00+09:00,USDJPY,5m,160.05550644532664,160.07064325184513,160.02543808426213,160.0535023943848,0.019599023213707586
2026-06-06 12:30:00+09:00,USDJPY,5m,160.05482162613194,160.08236859270573,160.0353367676416,160.05454857269552,0.016230658315707434
2026-06-06 12:35:00+09:00,USDJPY,5m,160.0582096304649,160.0745778661796,160.04022565295577,160.05431879098415,0.010822006579456199
2026-06-06 12:40:00+09:00,USDJPY,5m,160.04557328066096,160.0731237786749,160.0305501372322,160.0544636018196,0.003558572447228305
2026-06-06 12:45:00+09:00,USDJPY,5m,160.0507239685242,160.0662767607995,160.0435990198587,160.05503315631876,0.012664017934227459
2026-06-06 12:50:00+09:00,USDJPY,5m,160.06057674841577,160.0677740241056,160.03185439095282,160.05419213687898,0.015657747512633796
2026-06-06 12:55:00+09:00,USDJPY,5m,160.04474352534763,160.0794468619869,160.0471528714025,160.0531456515918,0.005432910554085416
2026-06-06 13:00:00+09:00,USDJPY,5m,160.05934997689698,160.07122071109725,160.02625505686282,160.05224025780305,0.012227750134174837
2026-06-06 13:05:00+09:00,USDJPY,5m,160.04484573010666,160.07087636310902,160.03680353708958,160.0530078082651,0.016655796170891628
2026-06-06 13:10:00+09:00,USDJPY,5m,160.05937577767543,160.06017618621607,160.03176937051865,160.05268669337758,0.015828459997633694
2026-06-06 13:15:00+09:00,USDJPY,5m,160.05144738097053,160.05963231686036,160.0437006674538,160.05423161294897,0.016453856321608756
2026-06-06 13:20:00+09:00,USDJPY,5m,160.05614724565493,160.08299519410696,160.0319762215733,160.05390306438977,0.017827821647654958
2026-06-06 13:25:00+09:00,USDJPY,5m,160.04708153748467,160.06844844935387,160.02971778827438,160.0540237951717,0.018878277838870465
2026-06-06 13:30:00+09:00,USDJPY,5m,160.04628243557775,160.07503938769574,160.03812873147115,160.05495906114325,0.009299380793663648
2026-06-06 13:35:00+09:00,USDJPY,5m,160.05049148095654,160.06316559370583,160.0357295437746,160.05617271687615,0.012237843845411793
2026-06-06 13:40:00+09:00,USDJPY,5m,160.04997669538028,160.0794974761652,160.04101147092655,160.0574196190221,0.016231871468820998
2026-06-06 13:45:00+09:00,USDJPY,5m,160.05440275671407,160.0864688064781,160.03080235452902,160.05815463876047,0.014548516651024098
2026-06-06 13:50:00+09:00,USDJPY,5m,160.05906674120618,160.0781707076009,160.04133234676308,160.05877907627595,0.019919364108758823
2026-06-06 13:55:00+09:00,USDJPY,5m,160.0609197817168,160.06729747550486,160.03309937471977,160.05914459244548,0.0022461977198835947
2026-06-06 14:00:00+09:00,USDJPY,5m,160.06541897123878,160.07916464727802,160.03458780763444,160.05962160909118,0.008392397875684233
2026-06-06 14:05:00+09:00,USDJPY,5m,160.06242569552634,160.083459577989,160.04403827712767,160.0593008976614,0.0070585026728636445
2026-06-06 14:10:00+09:00,USDJPY,5m,160.06099514483392,160.0739803917457,160.0480678660349,160.05881997833134,0.006721685302979624
2026-06-06 14:15:00+09:00,USDJPY,5m,160.0570635942066,160.0858238973554,160.0436759003429,160.05882795365687,0.006005536084979945
2026-06-06 14:20:00+09:00,USDJPY,5m,160.05821201158258,160.0799529167173,160.03308040848898,160.05873584288338,0.014764229134674125
2026-06-06 14:25:00+09:00,USDJPY,5m,160.05676432264156,160.08595512901098,160.04778309265828,160.05847390605376,0.0035256705189557935
2026-06-06 14:30:00+09:00,USDJPY,5m,160.0657450591235,160.07948937130342,160.04079082987582,160.05890173852225,0.01534895901098009
2026-06-06 14:35:00+09:00,USDJPY,5m,160.05408493069837,160.0677671209475,160.0343325029484,160.0594849216474,0.014481665156292924
2026-06-06 14:40:00+09:00,USDJPY,5m,160.04966238441,160.0722902585568,160.04571102890094,160.05954796577916,0.006514474385016135
2026-06-06 14:45:00+09:00,USDJPY,5m,160.06347088177233,160.07048935753411,160.03938924290273,160.0604444838278,0.006551008096972903
2026-06-06 14:50:00+09:00,USDJPY,5m,160.0538187140321,160.08749013280226,160.0486286810081,160.05976947035933,0.01331949053620104
2026-06-06 14:55:00+09:00,USDJPY,5m,160.06746557740993,160.08367327636594,160.05193128854953,160.05966327468374,0.015719079898706204
2026-06-06 15:00:00+09:00,USDJPY,5m,160.06642410788552,160.08115314051412,160.03438357566407,160.05924318129138,0.01777674103557258
2026-06-06 15:05:00+09:00,USDJPY,5m,160.04966780675971,160.07065741731193,160.05065904373595,160.05813325932115,0.017338512149380564
2026-06-06 15:10:00+09:00,USDJPY,5m,160.0502214190179,160.0676947702109,160.04630911603263,160.05809365090963,0.019367893894949362
2026-06-06 15:15:00+09:00,USDJPY,5m,160.05793403424954,160.08194187960433,160.03165286685467,160.0580306024046,0.012464928116057202
2026-06-06 15:20:00+09:00,USDJPY,5m,160.06113312550593,160.07580262089752,160.0452869400736,160.05894867225055,0.018355800104126477
2026-06-06 15:25:00+09:00,USDJPY,5m,160.05483532601093,160.06998189806504,160.0300110255234,160.05933715926128,0.016553238918687395
2026-06-06 15:30:00+09:00,USDJPY,5m,160.06306860150067,160.07914819662082,160.02923928879736,160.0587326471667,0.018104017237652245
2026-06-06 15:35:00+09:00,USDJPY,5m,160.06175342312486,160.06586344900995,160.04814820219514,160.05985510270648,0.0022092788231365995
2026-06-06 15:40:00+09:00,USDJPY,5m,160.05709420511877,160.073751979277,160.05457326736754,160.0605977229238,0.019386253853584598
2026-06-06 15:45:00+09:00,USDJPY,5m,160.0514644113067,160.07767090641065,160.03833039944072,160.06095698154587,0.01052354293123661
2026-06-06 15:50:00+09:00,USDJPY,5m,160.06583409671256,160.06953004943932,160.04455642852037,160.06083109108658,0.016367293812347174
2026-06-06 15:55:00+09:00,USDJPY,5m,160.05456050086104,160.0898817894843,160.05274660644557,160.06026542754455,0.004289674148080055
2026-06-06 16:00:00+09:00,USDJPY,5m,160.06674157834817,160.07027953759365,160.03736403300445,160.0600521034789,0.009126939724651534
2026-06-06 16:05:00+09:00,USDJPY,5m,160.05912115785182,160.06897418090182,160.05493597992293,160.06071535265073,0.006886291934377837
2026-06-06 16:10:00+09:00,USDJPY,5m,160.0633976532869,160.07194447628143,160.03510118717196,160.06185610443427,0.007249857869016867
2026-06-06 16:15:00+09:00,USDJPY,5m,160.07025102515942,160.08701857888025,160.0543257373234,160.06279205055125,0.004218601159115872
2026-06-06 16:20:00+09:00,USDJPY,5m,160.0697812009166,160.07814638237997,160.0543259439295,160.06250874089818,0.016503748985774128
2026-06-06 16:25:00+09:00,USDJPY,5m,160.0592773619431,160.080982368932,160.052455162989,160.0618469704382,0.002166361662459407
2026-06-06 16:30:00+09:00,USDJPY,5m,160.05611928004066,160.067466731111,160.03293484322407,160.06194150218636,0.007625098225733646
2026-06-06 16:35:00+09:00,USDJPY,5m,160.0663933601216,160.06675122128135,160.03856120456066,160.06089043856701,0.005139389777895471
2026-06-06 16:40:00+09:00,USDJPY,5m,160.05975594326756,160.0772399779412,160.0360600508089,160.0610943391955,0.012602700930950131
2026-06-06 16:45:00+09:00,USDJPY,5m,160.05485661751493,160.0864321587238,160.04607490300043,160.06101577764375,0.00657654324706179
2026-06-06 16:50:00+09:00,USDJPY,5m,160.06883466258896,160.0878771277103,160.04733833755498,160.0607461557426,0.006661972181505794
2026-06-06 16:55:00+09:00,USDJPY,5m,160.05376141778706,160.06696699809214,160.04893723373266,160.05979933390225,0.010790086591915738
2026-06-06 17:00:00+09:00,USDJPY,5m,160.05063363733004,160.07857657151874,160.0431012932584,160.0601174939662,0.013748402708136664
2026-06-06 17:05:00+09:00,USDJPY,5m,160.05021347293774,160.0876386156194,160.04101215512404,160.0598078734624,0.004183484682172946
2026-06-06 17:10:00+09:00,USDJPY,5m,160.06156223049007,160.07381524222095,160.03832155226968,160.059115923361,0.005159206144378931
2026-06-06 17:15:00+09:00,USDJPY,5m,160.06063606724734,160.0831417118187,160.04597460343302,160.057402566033,0.0064491454027013175
2026-06-06 17:20:00+09:00,USDJPY,5m,160.05361689119113,160.06573844844996,160.02867970506742,160.05739605709,0.019527467854123293
2026-06-06 17:25:00+09:00,USDJPY,5m,160.05486962783291,160.08685427028968,160.0492254455928,160.05846940804798,0.009148744998972568
2026-06-06 17:30:00+09:00,USDJPY,5m,160.0562660418779,160.08326174651498,160.03033483420754,160.0594761635767,0.012781821631358478
2026-06-06 17:35:00+09:00,USDJPY,5m,160.06281507675794,160.08774526564244,160.05384050276007,160.05921190582276,0.0063477706288876026
2026-06-06 17:40:00+09:00,USDJPY,5m,160.05002325440708,160.08077600942536,160.04183243629112,160.05886057858655,0.010828271452834784
2026-06-06 17:45:00+09:00,USDJPY,5m,160.06773417019403,160.07323694144017,160.04581764718728,160.0591518431402,0.0033341451389472454
2026-06-06 17:50:00+09:00,USDJPY,5m,160.0530132327602,160.08701734118978,160.04233472652842,160.05856281187667,0.002625358626601885
2026-06-06 17:55:00+09:00,USDJPY,5m,160.0687473511214,160.0706430564243,160.03948727254203,160.05875388701656,0.010437203482786284
2026-06-06 18:00:00+09:00,USDJPY,5m,160.05265398905934,160.07252784823515,160.04333380623328,160.0592235351836,0.009175867175331417
2026-06-06 18:05:00+09:00,USDJPY,5m,160.06540062426419,160.08248990556797,160.0445985238604,160.05996969511793,0.004463845754452899
2026-06-06 18:10:00+09:00,USDJPY,5m,160.05438785357063,160.08405251016018,160.0366015172867,160.05991960267204,0.014376825720573208
2026-06-06 18:15:00+09:00,USDJPY,5m,160.0514243344548,160.08804248551814,160.03766049154476,160.05980739842192,0.01987226283618676
2026-06-06 18:20:00+09:00,USDJPY,5m,160.06678927535688,160.06941066909627,160.033458826819,160.05929060886987,0.009121642781540824
2026-06-06 18:25:00+09:00,USDJPY,5m,160.06597950584126,160.08375443153793,160.04755550612646,160.05880448065744,0.013242055446513102
2026-06-06 18:30:00+09:00,USDJPY,5m,160.0567500011713,160.08214224465726,160.03844038057846,160.05867859332233,0.019333566962560743
2026-06-06 18:35:00+09:00,USDJPY,5m,160.06295693547722,160.06550387653274,160.03927914299157,160.0589090126264,0.016967629504043756
2026-06-06 18:40:00+09:00,USDJPY,5m,160.0606084820558,160.0741477419324,160.0452237181303,160.05946716340213,0.010343940019448345
2026-06-06 18:45:00+09:00,USDJPY,5m,160.0660543783052,160.07106439245823,160.04184381748416,160.05899525603172,0.01527481072027855
2026-06-06 18:50:00+09:00,USDJPY,5m,160.05620198855948,160.07251312978195,160.04705631559045,160.0599008691731,0.004306430724509433
2026-06-06 18:55:00+09:00,USDJPY,5m,160.06022164301245,160.08932186700133,160.05120208507205,160.05974819501247,0.011217869398348387
2026-06-06 19:00:00+09:00,USDJPY,5m,160.05945282205997,160.08081480997288,160.0494003443693,160.05974537463587,0.007023084989238858
2026-06-06 19:05:00+09:00,USDJPY,5m,160.0563851641535,160.0822489515732,160.05166920646835,160.05930704762838,0.0049009463821309
2026-06-06 19:10:00+09:00,USDJPY,5m,160.06569160476334,160.0872779444051,160.03578576409248,160.05786250347222,0.009673056312581628
2026-06-06 19:15:00+09:00,USDJPY,5m,160.0517204892033,160.07283297527147,160.0368847458823,160.05840293071003,0.00435826197980506
2026-06-06 19:20:00+09:00,USDJPY,5m,160.05184520983872,160.08390104125962,160.0300898777588,160.0588550370483,0.014581731947140741
2026-06-06 19:25:00+09:00,USDJPY,5m,160.06023443122047,160.07455951459664,160.03545428017284,160.05869624051402,0.01021232079296004
2026-06-06 19:30:00+09:00,USDJPY,5m,160.06189631954408,160.08548477673975,160.05244528897546,160.05874643494437,0.01156060338616395
2026-06-06 19:35:00+09:00,USDJPY,5m,160.05295838356147,160.06858243700776,160.03195986912675,160.05906599847498,0.004634766896026827
2026-06-06 19:40:00+09:00,USDJPY,5m,160.05595281980592,160.08683062538745,160.0315715918872,160.05813847096084,0.0045158898996829015
2026-06-06 19:45:00+09:00,USDJPY,5m,160.06676231621404,160.06830033206472,160.04174803133515,160.05783103935445,0.012501477834682235
2026-06-06 19:50:00+09:00,USDJPY,5m,160.053249946616,160.07147311083673,160.038671021899,160.0583175981622,0.019730175460930033
2026-06-06 19:55:00+09:00,USDJPY,5m,160.06094223855067,160.081479830361,160.0281730661965,160.0575750245083,0.0037325104982790613
2026-06-06 20:00:00+09:00,USDJPY,5m,160.06256414714156,160.07260503780674,160.0394535501714,160.0577611592676,0.007143165714184063
2026-06-06 20:05:00+09:00,USDJPY,5m,160.05591978417414,160.07716249460398,160.02932416447544,160.05695721018483,0.01765026409768198
2026-06-06 20:10:00+09:00,USDJPY,5m,160.0659975879095,160.07336140570104,160.05017109922903,160.0572470681743,0.0033008962205942653
2026-06-06 20:15:00+09:00,USDJPY,5m,160.06196881798928,160.08079493171215,160.0474593865672,160.05723568328492,0.017765942984605126
2026-06-06 20:20:00+09:00,USDJPY,5m,160.0554350957926,160.06698488550458,160.04025773060934,160.05627660419538,0.011437147700745522
2026-06-06 20:25:00+09:00,USDJPY,5m,160.05837215184357,160.06344689748897,160.0373665275996,160.05698544780805,0.009348801930675665
2026-06-06 20:30:00+09:00,USDJPY,5m,160.06040696173048,160.0690529277988,160.0311489965654,160.05655469286197,0.007574250158326206
2026-06-06 20:35:00+09:00,USDJPY,5m,160.05792234500834,160.07293625802146,160.02637198852116,160.05607854139976,0.007348108846301155
2026-06-06 20:40:00+09:00,USDJPY,5m,160.06378283459463,160.0654093842229,160.04148759550625,160.0562088829181,0.007504446484090619
2026-06-06 20:45:00+09:00,USDJPY,5m,160.05404583857336,160.07077799756917,160.05072267442424,160.05690806532775,0.017926455457283524
2026-06-06 20:50:00+09:00,USDJPY,5m,160.05230628703748,160.0713081476937,160.03127928465398,160.05630857223636,0.015028314143146142
2026-06-06 20:55:00+09:00,USDJPY,5m,160.0506323579362,160.0627903762385,160.03624606216923,160.0563555801463,0.014055014140960711
2026-06-06 21:00:00+09:00,USDJPY,5m,160.04737852940778,160.0762055512511,160.04665929857478,160.05662287004648,0.016377484681136013
2026-06-06 21:05:00+09:00,USDJPY,5m,160.04790901269845,160.08415731911015,160.03967802199531,160.05704873341085,0.00662806393407461
2026-06-06 21:10:00+09:00,USDJPY,5m,160.06456570220618,160.06595817116784,160.03360684220567,160.057164598344,0.013124770617471604
2026-06-06 21:15:00+09:00,USDJPY,5m,160.0605222445687,160.0768995819756,160.03269408696386,160.05695438164057,0.010281192301243119
2026-06-06 21:20:00+09:00,USDJPY,5m,160.0596784758169,160.07808630763094,160.0389773672082,160.05646782750816,0.016083949433603483
2026-06-06 21:25:00+09:00,USDJPY,5m,160.0588223702167,160.0720128808485,160.0438991505848,160.056529513838,0.00756660998851914
2026-06-06 21:30:00+09:00,USDJPY,5m,160.06288061332467,160.0784236701149,160.02655266587982,160.0558962304308,0.013577215103658126
2026-06-06 21:35:00+09:00,USDJPY,5m,160.053758758654,160.06942170872796,160.03256935486678,160.0541534201407,0.017879823412711646
2026-06-06 21:40:00+09:00,USDJPY,5m,160.06183357259437,160.07204128822264,160.03921941803952,160.0544253560232,0.009238708571508717
2026-06-06 21:45:00+09:00,USDJPY,5m,160.0521666174515,160.06016154304172,160.04296613632275,160.05497771692785,0.003199197572614306
2026-06-06 21:50:00+09:00,USDJPY,5m,160.0621041075533,160.07586296031988,160.03029238289145,160.05356995746652,0.01128891480215227
2026-06-06 21:55:00+09:00,USDJPY,5m,160.05694725864532,160.07450768601734,160.04191953290388,160.0529741190437,0.008227504780526466
2026-06-06 22:00:00+09:00,USDJPY,5m,160.04849915432078,160.05931563353346,160.04406286187594,160.0533556116003,0.01410005684984915
2026-06-06 22:05:00+09:00,USDJPY,5m,160.05588180731593,160.06880636156703,160.0363542616581,160.05460010888214,0.019118592645474913
2026-06-06 22:10:00+09:00,USDJPY,5m,160.0552831963365,160.08409838112652,160.04237290029062,160.05462258510673,0.010740949723943247
2026-06-06 22:15:00+09:00,USDJPY,5m,160.0469537597766,160.06971419740623,160.03347315471893,160.054195783342,0.01039142414279961
2026-06-06 22:20:00+09:00,USDJPY,5m,160.05592090359235,160.07164468060563,160.04614757860548,160.05409604547734,0.013782526403446287
2026-06-06 22:25:00+09:00,USDJPY,5m,160.05122668380315,160.08267922528282,160.03355744371464,160.05493097132882,0.0038629550646842184
2026-06-06 22:30:00+09:00,USDJPY,5m,160.04560036815755,160.077484939718,160.0424709796214,160.05455339282136,0.006563111400650264
2026-06-06 22:35:00+09:00,USDJPY,5m,160.0630570007715,160.07363563089547,160.04907780425648,160.05408387761736,0.018541627859007176
2026-06-06 22:40:00+09:00,USDJPY,5m,160.05663403888533,160.07874934853757,160.04563083006218,160.05380423150405,0.014058967040547795
2026-06-06 22:45:00+09:00,USDJPY,5m,160.06078061297652,160.07985139100052,160.02490184989324,160.0532422343391,0.0022419927917014925
2026-06-06 22:50:00+09:00,USDJPY,5m,160.05684695662896,160.06974803832213,160.02664197055083,160.0533258365287,0.005683258506062358
2026-06-06 22:55:00+09:00,USDJPY,5m,160.05145031744658,160.07118835272706,160.04347041780287,160.05431064360377,0.014291070788520184
2026-06-06 23:00:00+09:00,USDJPY,5m,160.05476825261422,160.06916576455896,160.030055193554,160.05451449116765,0.015759185646126335
2026-06-06 23:05:00+09:00,USDJPY,5m,160.05788801427332,160.08354073256683,160.03415878923704,160.05437307906638,0.017117472308132757
2026-06-06 23:10:00+09:00,USDJPY,5m,160.06341303880905,160.07663714866226,160.02493537451878,160.054207992305,0.007259182460876808
2026-06-06 23:15:00+09:00,USDJPY,5m,160.04835346700224,160.060360654475,160.03893993633145,160.0532800778198,0.018758514732996126
2026-06-06 23:20:00+09:00,USDJPY,5m,160.06131948485856,160.0803939342689,160.03178342837316,160.05381994368608,0.011953044084402065
2026-06-06 23:25:00+09:00,USDJPY,5m,160.06226479747377,160.07079723988878,160.04719484830727,160.05378324136788,0.014537702402982074
2026-06-06 23:30:00+09:00,USDJPY,5m,160.0570932637129,160.06040380108027,160.0387787697493,160.05368495341972,0.012741299530038344
2026-06-06 23:35:00+09:00,USDJPY,5m,160.06423615050846,160.0743537493395,160.02651537643072,160.05561081796043,0.004209320984143169
2026-06-06 23:40:00+09:00,USDJPY,5m,160.05375764145498,160.07122917667982,160.03732554784418,160.05580006970544,0.01933606386892784
2026-06-06 23:45:00+09:00,USDJPY,5m,160.0644193185962,160.08230273019697,160.04316200749204,160.0553589950754,0.004211760438094748
2026-06-06 23:50:00+09:00,USDJPY,5m,160.059168838061,160.06521304560792,160.04710640643947,160.05511318051768,0.006587875215401305
2026-06-06 23:55:00+09:00,USDJPY,5m,160.04665236329154,160.0814738631805,160.03322403943864,160.05581224794318,0.016645301844013645
2026-06-07 00:00:00+09:00,USDJPY,5m,160.0640276668259,160.07483242746915,160.03476880910378,160.05589021018952,0.013134745307019828
2026-06-07 00:05:00+09:00,USDJPY,5m,160.0547266995832,160.06140250098287,160.04068877556242,160.05503724340252,0.017086684976774427
2026-06-07 00:10:00+09:00,USDJPY,5m,160.05480532045883,160.0848949132964,160.0268252469666,160.05559878076326,0.011283251390732808
2026-06-07 00:15:00+09:00,USDJPY,5m,160.05653722643152,160.07302327541453,160.04965282398723,160.05520789431193,0.008785878236599428
2026-06-07 00:20:00+09:00,USDJPY,5m,160.0493295639131,160.06861379433346,160.04374877668687,160.05634187297767,0.01859321899186013
2026-06-07 00:25:00+09:00,USDJPY,5m,160.05638322278847,160.07373507286684,160.02897316465962,160.0569999018171,0.0026525417152663076
2026-06-07 00:30:00+09:00,USDJPY,5m,160.06336405301408,160.08318795326767,160.04371812272174,160.05674150867972,0.017410343966354828
2026-06-07 00:35:00+09:00,USDJPY,5m,160.0478297676795,160.07014269660635,160.04621379765035,160.05752011849674,0.00615472013338007
2026-06-07 00:40:00+09:00,USDJPY,5m,160.05302917500956,160.06738774171524,160.0392153215548,160.05757083180308,0.017277253899571424
2026-06-07 00:45:00+09:00,USDJPY,5m,160.048141587737,160.0663192771814,160.03249745226012,160.05809249600813,0.004505539041503941
2026-06-07 00:50:00+09:00,USDJPY,5m,160.05670756188152,160.07083982065828,160.05081466667656,160.05839333569853,0.01244394134642973
2026-06-07 00:55:00+09:00,USDJPY,5m,160.06246183191539,160.08239672388152,160.0293200039644,160.05789552170552,0.0179859425422065
2026-06-07 01:00:00+09:00,USDJPY,5m,160.06349482838843,160.074310050936,160.03264256977658,160.05751939180612,0.01052371364418003
2026-06-07 01:05:00+09:00,USDJPY,5m,160.06705116351924,160.06883440838902,160.0486161119079,160.0581473682967,0.015438200128461074
2026-06-07 01:10:00+09:00,USDJPY,5m,160.06012659535682,160.06711112808765,160.03515630406747,160.05795650309742,0.016484089121400054
2026-06-07 01:15:00+09:00,USDJPY,5m,160.05281685135253,160.07104255093225,160.04310034595355,160.05772431401948,0.015256895756902027
2026-06-07 01:20:00+09:00,USDJPY,5m,160.0656441994546,160.08565934979399,160.04210387351995,160.05716124047186,0.01865593526374277
2026-06-07 01:25:00+09:00,USDJPY,5m,160.06293171498882,160.07100106772597,160.03284314760023,160.0574253999112,0.010043016149358716
2026-06-07 01:30:00+09:00,USDJPY,5m,160.06016148452284,160.08837601676163,160.02960329466325,160.05867291486277,0.005116257904972804
2026-06-07 01:35:00+09:00,USDJPY,5m,160.06195519942858,160.07517315650833,160.04987599829303,160.0580423951142,0.0028605991466446362
2026-06-07 01:40:00+09:00,USDJPY,5m,160.06655325388834,160.06754602474547,160.04255117086623,160.0580669267882,0.006436277653475092
2026-06-07 01:45:00+09:00,USDJPY,5m,160.06317213969092,160.0862027614163,160.04190071891935,160.05892425912145,0.004577555069844358
2026-06-07 01:50:00+09:00,USDJPY,5m,160.0562539644384,160.07539535861508,160.04447867886284,160.0588864742867,0.01204307734582065
2026-06-07 01:55:00+09:00,USDJPY,5m,160.06342846141024,160.08190968095207,160.04508816927157,160.05916789736446,0.005329016069811177
2026-06-07 02:00:00+09:00,USDJPY,5m,160.04934602450228,160.0881332508278,160.05223374455855,160.0585404612476,0.0027008067312086813
2026-06-07 02:05:00+09:00,USDJPY,5m,160.0565357567425,160.0650618292639,160.03666897999182,160.0588074455059,0.0026478169196360217
2026-06-07 02:10:00+09:00,USDJPY,5m,160.05683161958382,160.06612252294158,160.0427997985189,160.0587051589469,0.016968250970567512
2026-06-07 02:15:00+09:00,USDJPY,5m,160.05264336163273,160.08231801548087,160.0494367518782,160.0593065969443,0.012646098765974449
2026-06-07 02:20:00+09:00,USDJPY,5m,160.05049073818628,160.07207465365764,160.0346281910177,160.06002902857526,0.008445535434080808
2026-06-07 02:25:00+09:00,USDJPY,5m,160.05426039149322,160.07120030168423,160.03652874805667,160.06159276676047,0.018096104769324446
2026-06-07 02:30:00+09:00,USDJPY,5m,160.06504297658032,160.06793459365986,160.04479075596217,160.06195054666438,0.003263539005338845
2026-06-07 02:35:00+09:00,USDJPY,5m,160.06820180078162,160.067702192254,160.04969475792564,160.06215602445434,0.01964579730910087
2026-06-07 02:40:00+09:00,USDJPY,5m,160.07204672488982,160.08664479511327,160.04133033689038,160.0622826550353,0.0130932522245803
2026-06-07 02:45:00+09:00,USDJPY,5m,160.05900802532176,160.07044159094383,160.04987695186514,160.0620807552596,0.005302356571439273
2026-06-07 02:50:00+09:00,USDJPY,5m,160.0642814300109,160.07898686096496,160.05139364730758,160.06229384556568,0.014223243781585435
2026-06-07 02:55:00+09:00,USDJPY,5m,160.0708695040559,160.08227402509908,160.03886373836895,160.0621266047196,0.01574086267610413
2026-06-07 03:00:00+09:00,USDJPY,5m,160.05557851693212,160.0779464763196,160.05622955031234,160.06223768130536,0.009728170100673943
2026-06-07 03:05:00+09:00,USDJPY,5m,160.06739115155358,160.0687159061351,160.05566902805086,160.0630382398267,0.017509386912419857
2026-06-07 03:10:00+09:00,USDJPY,5m,160.06754388895052,160.08703185185223,160.05727460993697,160.06244431428755,0.004713183331336466
2026-06-07 03:15:00+09:00,USDJPY,5m,160.0549177521416,160.06840107203774,160.05431466176233,160.0631382414242,0.007019076504396951
2026-06-07 03:20:00+09:00,USDJPY,5m,160.0711634981683,160.08798575782407,160.05721376024687,160.06393851046462,0.0036828625085118163
2026-06-07 03:25:00+09:00,USDJPY,5m,160.07013977029067,160.09121028169315,160.03398261015394,160.06387766934844,0.005795801130932339
2026-06-07 03:30:00+09:00,USDJPY,5m,160.05328261654057,160.07843555443546,160.05039430716016,160.06261455640902,0.006297118614400611
2026-06-07 03:35:00+09:00,USDJPY,5m,160.05408155151437,160.08064842504422,160.05352816290005,160.06225986321678,0.018517397436590782
2026-06-07 03:40:00+09:00,USDJPY,5m,160.05403059782256,160.07997264476015,160.05202315349482,160.06304805994472,0.003405974397520812
2026-06-07 03:45:00+09:00,USDJPY,5m,160.05973920974333,160.07777455457293,160.03464119981882,160.06304433910734,0.00969347216337877
2026-06-07 03:50:00+09:00,USDJPY,5m,160.06264053758153,160.0896403711522,160.04445075219232,160.06245475776794,0.011583176370084434
2026-06-07 03:55:00+09:00,USDJPY,5m,160.06280884737433,160.08951023058196,160.04804144040753,160.06216189281523,0.018176474968438897
2026-06-07 04:00:00+09:00,USDJPY,5m,160.0580296000265,160.07607167394715,160.0358414783834,160.0626762648311,0.019958531935901844
2026-06-07 04:05:00+09:00,USDJPY,5m,160.07124624270324,160.0833910488224,160.0481395482083,160.06301430497203,0.015560986068557046
2026-06-07 04:10:00+09:00,USDJPY,5m,160.06024620150998,160.09105363476618,160.0495057314636,160.06288094571255,0.019474237830242533
2026-06-07 04:15:00+09:00,USDJPY,5m,160.05358185418476,160.091722313539,160.0524887880017,160.06267085106546,0.01616782038564573
2026-06-07 04:20:00+09:00,USDJPY,5m,160.05845033840686,160.0801697721866,160.0480008755783,160.06244579617604,0.0193376475374855
2026-06-07 04:25:00+09:00,USDJPY,5m,160.0625245385162,160.07822297019743,160.0489852411649,160.0619023500653,0.014730873067000194
2026-06-07 04:30:00+09:00,USDJPY,5m,160.06104601193076,160.0748489333772,160.04094897649654,160.062881575479,0.0034357416581192795
2026-06-07 04:35:00+09:00,USDJPY,5m,160.05817503357946,160.09166998002723,160.0504586155807,160.06269818319748,0.009234563365868177
2026-06-07 04:40:00+09:00,USDJPY,5m,160.05606494330524,160.0720088359218,160.0440084846494,160.06343847830996,0.013638751108444468
2026-06-07 04:45:00+09:00,USDJPY,5m,160.07074455794307,160.08385700734232,160.05771396381533,160.06436126794114,0.008312933170176518
2026-06-07 04:50:00+09:00,USDJPY,5m,160.0748931593225,160.077034011168,160.05518802556261,160.06497025448002,0.006920910526048016
2026-06-07 04:55:00+09:00,USDJPY,5m,160.06131212496288,160.0766964895511,160.04953615050212,160.0647212822924,0.012393186808395639
2026-06-07 05:00:00+09:00,USDJPY,5m,160.06260594123012,160.080097735031,160.03654978899888,160.0649735203466,0.01880303378064383
2026-06-07 05:05:00+09:00,USDJPY,5m,160.06732975347632,160.09493882637815,160.05053770333987,160.06496900298276,0.002629673723290764
2026-06-07 05:10:00+09:00,USDJPY,5m,160.06880561136103,160.0708109395373,160.0428349288363,160.0644367818663,0.015846161663745882
2026-06-07 05:15:00+09:00,USDJPY,5m,160.06248198813142,160.08410494289043,160.0532642168748,160.06464139743534,0.01500909100480329
2026-06-07 05:20:00+09:00,USDJPY,5m,160.07204256390028,160.0710082775115,160.0557681341613,160.06394397356064,0.01935116165698917
2026-06-07 05:25:00+09:00,USDJPY,5m,160.06586666097832,160.0735296019435,160.05820316619173,160.06466658119373,0.018752802001985786
2026-06-07 05:30:00+09:00,USDJPY,5m,160.06340561234344,160.08038688435965,160.05176247335177,160.06439781081534,0.015720186116795473
2026-06-07 05:35:00+09:00,USDJPY,5m,160.06746196167205,160.08229000989252,160.05558698093895,160.06452850660887,0.011367357764286778
2026-06-07 05:40:00+09:00,USDJPY,5m,160.0737645562968,160.07617828954093,160.0553582181314,160.0647084793318,0.005676815958203358
2026-06-07 05:45:00+09:00,USDJPY,5m,160.070454182236,160.07747456461942,160.0405441536379,160.06456313634757,0.01181424292986034
2026-06-07 05:50:00+09:00,USDJPY,5m,160.05572541523915,160.07209932813487,160.05952920085483,160.06492515262846,0.015776335890553772
2026-06-07 05:55:00+09:00,USDJPY,5m,160.06129640864927,160.0772307050306,160.0457049572911,160.06465021043448,0.01812204582748208
2026-06-07 06:00:00+09:00,USDJPY,5m,160.06459388251199,160.09434694979745,160.0506964542981,160.06518298881295,0.016214816165789885
2026-06-07 06:05:00+09:00,USDJPY,5m,160.060675752449,160.09300308554663,160.0467216510071,160.0643854010048,0.005514804833438972
2026-06-07 06:10:00+09:00,USDJPY,5m,160.06847497996915,160.07784318600596,160.0454004728222,160.06447122875255,0.012794353656105071
2026-06-07 06:15:00+09:00,USDJPY,5m,160.07216996914923,160.08491593455895,160.05281039379057,160.065644586152,0.007979122271564427
2026-06-07 06:20:00+09:00,USDJPY,5m,160.0696812892609,160.092794272135,160.0526766658526,160.0650543873572,0.002165702013031574
2026-06-07 06:25:00+09:00,USDJPY,5m,160.07444440611147,160.06981233594092,160.04132269414154,160.0646577403749,0.005603976844195989
2026-06-07 06:30:00+09:00,USDJPY,5m,160.06042703804258,160.09024317434316,160.0381941603817,160.0649760850847,0.004037971698802087
2026-06-07 06:35:00+09:00,USDJPY,5m,160.07259362405435,160.09380307297357,160.05527929334238,160.06509383415386,0.017168944223710438
2026-06-07 06:40:00+09:00,USDJPY,5m,160.0706466655169,160.07259735557176,160.05787374320005,160.06531421221342,0.006653112538660616
2026-06-07 06:45:00+09:00,USDJPY,5m,160.0628612996427,160.07465391664235,160.03817282933173,160.06561772449152,0.007124563439976
2026-06-07 06:50:00+09:00,USDJPY,5m,160.07069104824578,160.09502721494192,160.05226117078146,160.06600855737264,0.019278858292379922
2026-06-07 06:55:00+09:00,USDJPY,5m,160.0587658964062,160.08512288086882,160.04790144251126,160.06668437727782,0.00882356101487934
2026-06-07 07:00:00+09:00,USDJPY,5m,160.0727269381188,160.07229518433377,160.05295168985896,160.06694026847197,0.002172541522599102
2026-06-07 07:05:00+09:00,USDJPY,5m,160.06745212593097,160.0782463138483,160.05866045547057,160.06680551387922,0.007109230670230458
2026-06-07 07:10:00+09:00,USDJPY,5m,160.06306486155412,160.08346764995665,160.04748576697625,160.06721905809994,0.0041473924508326244
2026-06-07 07:15:00+09:00,USDJPY,5m,160.07148453329654,160.09069171003648,160.05024046596662,160.06836898726087,0.0038505541112453714
2026-06-07 07:20:00+09:00,USDJPY,5m,160.07113180698732,160.09162841646645,160.05822456803324,160.06829940701303,0.003394771222443491
2026-06-07 07:25:00+09:00,USDJPY,5m,160.06191441388464,160.09761022725337,160.05142796331393,160.06772468943024,0.012678670463156792
2026-06-07 07:30:00+09:00,USDJPY,5m,160.05900688612803,160.0805867178164,160.0434752502314,160.0683989378318,0.005408259025337456
2026-06-07 07:35:00+09:00,USDJPY,5m,160.06700916087146,160.08679221168015,160.04857605655573,160.06833670913343,0.00850237029273819
2026-06-07 07:40:00+09:00,USDJPY,5m,160.0684333447927,160.08537619610232,160.05962017422914,160.06704310740582,0.017516318890340304
2026-06-07 07:45:00+09:00,USDJPY,5m,160.07509366597952,160.0827026918983,160.04886102298138,160.06756156041212,0.009638086516332963
2026-06-07 07:50:00+09:00,USDJPY,5m,160.07581469941348,160.0764794108466,160.0446819060183,160.06725036350053,0.018482444300929476
2026-06-07 07:55:00+09:00,USDJPY,5m,160.06778214789432,160.09664245761076,160.04238845838665,160.06720604353117,0.010962884961120915
2026-06-07 08:00:00+09:00,USDJPY,5m,160.07249130140488,160.09374816139618,160.04668729226367,160.0674152317295,0.009179059067115605
2026-06-07 08:05:00+09:00,USDJPY,5m,160.06632559698392,160.08499785724473,160.05872307742385,160.06753953153736,0.01550700068763263
2026-06-07 08:10:00+09:00,USDJPY,5m,160.07289684575912,160.08805633819475,160.0452208709629,160.06797520262765,0.0033171517778240378
2026-06-07 08:15:00+09:00,USDJPY,5m,160.0618199413041,160.0784054371443,160.04579036465327,160.0677239108053,0.0036106108936835133
2026-06-07 08:20:00+09:00,USDJPY,5m,160.06546306898028,160.086636451044,160.0624311022107,160.0680417742842,0.013735526850613293
2026-06-07 08:25:00+09:00,USDJPY,5m,160.07058060625394,160.0902702996057,160.05260235458792,160.06789604627767,0.010764932838306469
2026-06-07 08:30:00+09:00,USDJPY,5m,160.05871249187837,160.08622850827587,160.05502557639215,160.0683493325662,0.016227474505745784
2026-06-07 08:35:00+09:00,USDJPY,5m,160.0731777792634,160.09848568232124,160.0469932514503,160.06872855305662,0.01849287507218357
2026-06-07 08:40:00+09:00,USDJPY,5m,160.07488799986075,160.08846083124158,160.0577738945276,160.06817728983538,0.008990603798087856
2026-06-07 08:45:00+09:00,USDJPY,5m,160.06682171232694,160.0831132219199,160.04906708103073,160.06883887910507,0.012735380478523633
2026-06-07 08:50:00+09:00,USDJPY,5m,160.06748614938155,160.09283110172842,160.04069715199267,160.06852730103802,0.01101253930031558
2026-06-07 08:55:00+09:00,USDJPY,5m,160.0760477799613,160.0782836985065,160.04407707641175,160.06902213571698,0.01966899180156379
2026-06-07 09:00:00+09:00,USDJPY,5m,160.07476560081153,160.08386540344767,160.0412160646996,160.06925250810502,0.016959519332418717
2026-06-07 09:05:00+09:00,USDJPY,5m,160.06612840809177,160.08403939207054,160.04090276913777,160.0703654183111,0.018411278748992364
2026-06-07 09:10:00+09:00,USDJPY,5m,160.0667208608529,160.08603651609937,160.0649745855465,160.07024133872167,0.006578121576396876
2026-06-07 09:15:00+09:00,USDJPY,5m,160.0736193132918,160.09458624429223,160.04947321673455,160.070041748644,0.0159054756169267
2026-06-07 09:20:00+09:00,USDJPY,5m,160.07130405872945,160.0871444226846,160.05471911193652,160.0700400968805,0.006778518049957681
2026-06-07 09:25:00+09:00,USDJPY,5m,160.0631127804327,160.09471855026743,160.0433718267524,160.06986818901078,0.005757365601711018
2026-06-07 09:30:00+09:00,USDJPY,5m,160.0665567523365,160.08977037673043,160.05906278660171,160.07035815415193,0.018996790873799914
2026-06-07 09:35:00+09:00,USDJPY,5m,160.07739803332444,160.0829501036533,160.039872630559,160.06939836778687,0.0023474795009215997
2026-06-07 09:40:00+09:00,USDJPY,5m,160.07253964706985,160.09402562692748,160.0484334590968,160.0687761583354,0.019376996665941733
2026-06-07 09:45:00+09:00,USDJPY,5m,160.07786496293616,160.0791027183463,160.04330704152673,160.06814547658246,0.004686714145798512
2026-06-07 09:50:00+09:00,USDJPY,5m,160.07406591173722,160.0793352356326,160.06158567231705,160.06872566113762,0.016749885472278826
2026-06-07 09:55:00+09:00,USDJPY,5m,160.07860151780406,160.08737460226254,160.0601755820422,160.06976202916118,0.006966605955225857
2026-06-07 10:00:00+09:00,USDJPY,5m,160.06403313110746,160.0812305907791,160.0457492678042,160.06970935963005,0.008312641893753093
2026-06-07 10:05:00+09:00,USDJPY,5m,160.0750477640925,160.07484524246993,160.06406840354518,160.06961806659615,0.00590163880379573
2026-06-07 10:10:00+09:00,USDJPY,5m,160.06007444829697,160.09087753607648,160.04424814824665,160.069670097894,0.012539252764659435
2026-06-07 10:15:00+09:00,USDJPY,5m,160.07379242530982,160.0881545704124,160.0650284994083,160.07037722487559,0.008265719855141733
2026-06-07 10:20:00+09:00,USDJPY,5m,160.06921645855746,160.08596875835738,160.04840284201853,160.06983081299506,0.013833074710903939
2026-06-07 10:25:00+09:00,USDJPY,5m,160.0669190358231,160.09915804725017,160.05585648637893,160.06998383438471,0.0022816517229571876
2026-06-07 10:30:00+09:00,USDJPY,5m,160.07782704000843,160.08985893256164,160.0502915816446,160.07057895296256,0.0031587479032707134
2026-06-07 10:35:00+09:00,USDJPY,5m,160.07797496331767,160.09747539890927,160.0484888242898,160.07088960946453,0.003793900749162476
2026-06-07 10:40:00+09:00,USDJPY,5m,160.06145939253247,160.07949961433962,160.05745147795483,160.0710133584345,0.00954188633558416
2026-06-07 10:45:00+09:00,USDJPY,5m,160.07381408853902,160.09085414766827,160.06392492488726,160.07162398609003,0.016666331107879573
2026-06-07 10:50:00+09:00,USDJPY,5m,160.06736869120064,160.0967115373825,160.0632709000205,160.07001204671423,0.01798720238681089
2026-06-07 10:55:00+09:00,USDJPY,5m,160.06874199193598,160.09000641583796,160.0507053713419,160.07042877190597,0.006406593321096214
2026-06-07 11:00:00+09:00,USDJPY,5m,160.07668714128044,160.09299668094926,160.05202994265272,160.07004632649608,0.012338655036302253
2026-06-07 11:05:00+09:00,USDJPY,5m,160.06515474218853,160.08325903595326,160.04540292152993,160.06895794675796,0.01583056986846681
2026-06-07 11:10:00+09:00,USDJPY,5m,160.07813564453045,160.07658590624362,160.0515312805676,160.0692746683177,0.007198929738552957
2026-06-07 11:15:00+09:00,USDJPY,5m,160.06370153997221,160.08655637082296,160.054547718694,160.07010886344477,0.009362139261252919
2026-06-07 11:20:00+09:00,USDJPY,5m,160.07329084280337,160.08489837910696,160.05508421488008,160.070036394336,0.011431535648342851
2026-06-07 11:25:00+09:00,USDJPY,5m,160.07406022040462,160.0972946236238,160.0649569464994,160.07061811906433,0.004427747235344859
2026-06-07 11:30:00+09:00,USDJPY,5m,160.06663938924765,160.08269536857793,160.05820655597668,160.0715954860191,0.002467681287064046
2026-06-07 11:35:00+09:00,USDJPY,5m,160.0688894468706,160.10156279037963,160.04299393075314,160.07239443469126,0.004750504567729099
2026-06-07 11:40:00+09:00,USDJPY,5m,160.08008438326047,160.102341866404,160.0465495240032,160.07338841340888,0.013283365182563601
2026-06-07 11:45:00+09:00,USDJPY,5m,160.07907979500263,160.0850344809803,160.06060923822767,160.07384368990353,0.0033251287076062706
2026-06-07 11:50:00+09:00,USDJPY,5m,160.0704808676932,160.0876002489738,160.05420406496023,160.07389895008689,0.00541453456730231
2026-06-07 11:55:00+09:00,USDJPY,5m,160.07362690153843,160.10033666412158,160.04676535196134,160.07294777059974,0.008081369942515468
2026-06-07 12:00:00+09:00,USDJPY,5m,160.06404373903192,160.10197568862927,160.0567782746881,160.07281013310686,0.0034016611575145945
2026-06-07 12:05:00+09:00,USDJPY,5m,160.06648910279765,160.08840016272057,160.06686523855592,160.07231418514968,0.00545058688090942
2026-06-07 12:10:00+09:00,USDJPY,5m,160.07334316195738,160.08665167692118,160.0667639892347,160.07362675078016,0.018402856201703198
2026-06-07 12:15:00+09:00,USDJPY,5m,160.06525069399828,160.091683569624,160.055771401259,160.0735312192927,0.002347384380085726
2026-06-07 12:20:00+09:00,USDJPY,5m,160.08048178927461,160.0958093723359,160.04437915778487,160.07361514217678,0.013761774635138519
2026-06-07 12:25:00+09:00,USDJPY,5m,160.07831615760455,160.08579289628676,160.05162579484693,160.0739560334024,0.00891936075647333
2026-06-07 12:30:00+09:00,USDJPY,5m,160.0828648682832,160.0974040242357,160.06721929008424,160.07399219487021,0.014107677309782681
2026-06-07 12:35:00+09:00,USDJPY,5m,160.07888856361376,160.08131065942234,160.0652852035997,160.0750192254945,0.012596450966541283
2026-06-07 12:40:00+09:00,USDJPY,5m,160.08346366332268,160.08088799819654,160.050372557297,160.07465563587743,0.006022977578383598
2026-06-07 12:45:00+09:00,USDJPY,5m,160.0758726514644,160.08943959297923,160.04874640635168,160.07478240035059,0.017249770776320998
2026-06-07 12:50:00+09:00,USDJPY,5m,160.0763512902204,160.08818374780066,160.05390455334444,160.07434691799915,0.010854926886968421
2026-06-07 12:55:00+09:00,USDJPY,5m,160.08310432558494,160.0864557348766,160.0524543252517,160.07356490449243,0.016805648340442493
2026-06-07 13:00:00+09:00,USDJPY,5m,160.07605042597518,160.09048333710462,160.0674994067783,160.0732078430379,0.009308225651387947
2026-06-07 13:05:00+09:00,USDJPY,5m,160.06381135233687,160.08621396051745,160.04748236447014,160.07319562095967,0.019724339970474306
2026-06-07 13:10:00+09:00,USDJPY,5m,160.07742409515757,160.08275448758664,160.04824115942068,160.07294803962495,0.015868808453023336
2026-06-07 13:15:00+09:00,USDJPY,5m,160.08065196087978,160.08527932576425,160.06106670843442,160.07254258703702,0.01938710369202632
2026-06-07 13:20:00+09:00,USDJPY,5m,160.0776204015547,160.10108140337908,160.0489918785597,160.07170879655882,0.01125787662037746
2026-06-07 13:25:00+09:00,USDJPY,5m,160.07334559866777,160.08694676864013,160.0612975680546,160.07166893321525,0.01052644038123261
2026-06-07 13:30:00+09:00,USDJPY,5m,160.0742021712527,160.08689392041228,160.06476784696454,160.07077610099083,0.015598168567854643
2026-06-07 13:35:00+09:00,USDJPY,5m,160.08104597035407,160.09065575931783,160.0612137210043,160.07124213456905,0.017845242734241748
2026-06-07 13:40:00+09:00,USDJPY,5m,160.063114840191,160.10088511763115,160.06183587650196,160.0713015984208,0.01935462432558005
2026-06-07 13:45:00+09:00,USDJPY,5m,160.07378196409377,160.081477099432,160.05699336760273,160.0704370675211,0.007841934308584996
2026-06-07 13:50:00+09:00,USDJPY,5m,160.0659294959663,160.0922935948382,160.0548003046455,160.0702615420749,0.016376682329167502
2026-06-07 13:55:00+09:00,USDJPY,5m,160.07262205616325,160.09271986557007,160.05210677594408,160.06982024823154,0.00579162075743966
2026-06-07 14:00:00+09:00,USDJPY,5m,160.07217422445547,160.0902048633576,160.05310290605007,160.07002175293778,0.011820338241418015
2026-06-07 14:05:00+09:00,USDJPY,5m,160.06390515984756,160.07805048169632,160.05906915805627,160.0708360232054,0.0052372666713655855
2026-06-07 14:10:00+09:00,USDJPY,5m,160.06385585263843,160.09164272661928,160.06399165300925,160.0697209197236,0.008253152511506101
2026-06-07 14:15:00+09:00,USDJPY,5m,160.07223252693197,160.076402303147,160.04967239481516,160.0697999353711,0.018764450609716266
2026-06-07 14:20:00+09:00,USDJPY,5m,160.06227845463985,160.08961742193253,160.05482023494758,160.06971385569378,0.004629632595915549
2026-06-07 14:25:00+09:00,USDJPY,5m,160.06543027724223,160.09361618917018,160.05765985580493,160.07012665973963,0.013383216112433538
2026-06-07 14:30:00+09:00,USDJPY,5m,160.07696948867135,160.08053882498209,160.04359105164582,160.07026457771659,0.01267317691269326
2026-06-07 14:35:00+09:00,USDJPY,5m,160.06636522623756,160.0958639463061,160.04615481342256,160.06982339611753,0.004173290348761757
2026-06-07 14:40:00+09:00,USDJPY,5m,160.06940316688153,160.07540080889447,160.04319782504683,160.06964196375614,0.007867622787838618
2026-06-07 14:45:00+09:00,USDJPY,5m,160.07799715494497,160.09526966983353,160.05179977837426,160.06917434824206,0.012133667081274785
2026-06-07 14:50:00+09:00,USDJPY,5m,160.06437293430193,160.08633817879127,160.06155667122204,160.0698299525252,0.005369214961792825
2026-06-07 14:55:00+09:00,USDJPY,5m,160.06764525986156,160.0802924380127,160.04744720361137,160.0698527395144,0.01641122581543068
2026-06-07 15:00:00+09:00,USDJPY,5m,160.07313260943673,160.07934790755073,160.06085160942743,160.07100345392587,0.0194988171716255
2026-06-07 15:05:00+09:00,USDJPY,5m,160.07608383602766,160.09980973662712,160.05494631571028,160.07097705743757,0.0058656691993244975
2026-06-07 15:10:00+09:00,USDJPY,5m,160.0785950811117,160.07737865306697,160.06393699365373,160.07056201337744,0.005364415366230367
2026-06-07 15:15:00+09:00,USDJPY,5m,160.07797324449334,160.07964112024027,160.0440310746813,160.06966378474186,0.010188831292354004
2026-06-07 15:20:00+09:00,USDJPY,5m,160.07412470242355,160.08228745962194,160.06044338490992,160.0685919009361,0.01545977498852058
2026-06-07 15:25:00+09:00,USDJPY,5m,160.06221803610217,160.08815729059432,160.04007398169406,160.0676514193703,0.0070688109842345255
2026-06-07 15:30:00+09:00,USDJPY,5m,160.05831788196178,160.08644172249282,160.0412159303044,160.06782169536092,0.0023578383565510475
2026-06-07 15:35:00+09:00,USDJPY,5m,160.06581240898197,160.07627801768518,160.0515223612639,160.06813693037486,0.011741971304592091
2026-06-07 15:40:00+09:00,USDJPY,5m,160.0600291929734,160.07944141554708,160.04358901084603,160.06719821595362,0.01921881021981154
2026-06-07 15:45:00+09:00,USDJPY,5m,160.07195299189084,160.07871403321923,160.04725911209664,160.06774523894208,0.009042983397325021
2026-06-07 15:50:00+09:00,USDJPY,5m,160.07068801404756,160.07780397367333,160.04238851125262,160.06746540231106,0.009562421975295807
2026-06-07 15:55:00+09:00,USDJPY,5m,160.05844291095067,160.08284208653023,160.0517683505986,160.06756347811825,0.019440230908052684
2026-06-07 16:00:00+09:00,USDJPY,5m,160.07527268607785,160.09114159681002,160.0438955983891,160.06854081049522,0.014502937009281111
2026-06-07 16:05:00+09:00,USDJPY,5m,160.06406377941056,160.0795252373902,160.05252749365812,160.06908891408474,0.014945094611158255
2026-06-07 16:10:00+09:00,USDJPY,5m,160.06758233720583,160.08310476768858,160.04041365099994,160.068937795696,0.012128636096679218
2026-06-07 16:15:00+09:00,USDJPY,5m,160.07177175506985,160.08318601603176,160.0512537778401,160.06841308036073,0.019542965795538353
2026-06-07 16:20:00+09:00,USDJPY,5m,160.065720366857,160.09654340435583,160.05056650932158,160.06713199111994,0.014399596719660011
2026-06-07 16:25:00+09:00,USDJPY,5m,160.06553625518438,160.09557715805036,160.0420837025893,160.0667104991284,0.01811058952889305
2026-06-07 16:30:00+09:00,USDJPY,5m,160.0579063808918,160.0915972605539,160.0410543786911,160.0665938209851,0.014588819583197982
2026-06-07 16:35:00+09:00,USDJPY,5m,160.064040384254,160.0770529862893,160.0471492854108,160.06601151326882,0.015232084847127129
2026-06-07 16:40:00+09:00,USDJPY,5m,160.07123971695296,160.07264369194084,160.0564478137512,160.06594275908856,0.007227396598560438
2026-06-07 16:45:00+09:00,USDJPY,5m,160.07430239696205,160.07892147366132,160.04930491444438,160.06599887021832,0.007462616564248742
2026-06-07 16:50:00+09:00,USDJPY,5m,160.06414389937052,160.0775438203651,160.0366721440565,160.06587395662925,0.016093723692368528
2026-06-07 16:55:00+09:00,USDJPY,5m,160.06396567161832,160.0831421000844,160.04166930025477,160.06549395508074,0.007340713205058194
2026-06-07 17:00:00+09:00,USDJPY,5m,160.0696576900104,160.09004834563564,160.04032608278695,160.06560514788393,0.012129861274427571
2026-06-07 17:05:00+09:00,USDJPY,5m,160.07473575229577,160.09233838574562,160.06005967480317,160.06588031227366,0.006488341596320636
2026-06-07 17:10:00+09:00,USDJPY,5m,160.060577291632,160.0913576749625,160.04853958626137,160.06523607282722,0.01670570085456325
2026-06-07 17:15:00+09:00,USDJPY,5m,160.0648955163858,160.0800845212856,160.0449271039136,160.06609263225505,0.00398902432209842
2026-06-07 17:20:00+09:00,USDJPY,5m,160.07196294424674,160.0882243379622,160.04029266228497,160.06604347937568,0.016930039515709962
2026-06-07 17:25:00+09:00,USDJPY,5m,160.0682586605369,160.07888564408753,160.05983294780987,160.06606478914944,0.012849136409136834
2026-06-07 17:30:00+09:00,USDJPY,5m,160.05871144468267,160.07302235638429,160.04018874566236,160.0664997178034,0.0053643716268873915
2026-06-07 17:35:00+09:00,USDJPY,5m,160.0692043021934,160.08918877912225,160.04793962406362,160.06664964748217,0.011756636939110129
2026-06-07 17:40:00+09:00,USDJPY,5m,160.06096645515444,160.07247721827676,160.0572986801981,160.0672315294625,0.007084979063252129
2026-06-07 17:45:00+09:00,USDJPY,5m,160.0676181226432,160.0826433686481,160.0544824235504,160.06741380396164,0.00782241202514894
2026-06-07 17:50:00+09:00,USDJPY,5m,160.06763840689004,160.0802908232694,160.05500810274305,160.06705634153684,0.008327504748743848
2026-06-07 17:55:00+09:00,USDJPY,5m,160.07480731089646,160.08961768211492,160.04901176779475,160.06728324365196,0.003139746445501777
2026-06-07 18:00:00+09:00,USDJPY,5m,160.06585689340784,160.0907631447466,160.0603148659298,160.0666070079276,0.019747310319225518
2026-06-07 18:05:00+09:00,USDJPY,5m,160.06227099219578,160.07928450965034,160.05771873978856,160.06668214375105,0.0025676233063620336
2026-06-07 18:10:00+09:00,USDJPY,5m,160.06129153272096,160.09196288111778,160.04135487967224,160.06667220575665,0.013924943717317013
2026-06-07 18:15:00+09:00,USDJPY,5m,160.07404237317598,160.07890525465493,160.05824223587362,160.0665573356423,0.00868209765963375
2026-06-07 18:20:00+09:00,USDJPY,5m,160.0599104302238,160.0826483721351,160.055655306399,160.06649021313544,0.013628185237040583
2026-06-07 18:25:00+09:00,USDJPY,5m,160.06388847492582,160.0885465668835,160.04903683856804,160.06537110370815,0.008412468555576508
2026-06-07 18:30:00+09:00,USDJPY,5m,160.05879533106202,160.0873748744941,160.04712384656065,160.06505186876348,0.014127511632659458
2026-06-07 18:35:00+09:00,USDJPY,5m,160.07058365650644,160.09480178751198,160.0410273137138,160.06511757570416,0.015126239170430496
2026-06-07 18:40:00+09:00,USDJPY,5m,160.06471094233885,160.07585251514476,160.0490401788727,160.06522348953936,0.014429947527193608
2026-06-07 18:45:00+09:00,USDJPY,5m,160.06163975826595,160.0861748322933,160.03987026892892,160.0646168844548,0.004051315664446741
2026-06-07 18:50:00+09:00,USDJPY,5m,160.06260830197186,160.0856283568662,160.0449276514832,160.06538630915932,0.013824078223784324
2026-06-07 18:55:00+09:00,USDJPY,5m,160.07192088838485,160.09275406561264,160.0570491107648,160.0648766042504,0.007039775890173752
2026-06-07 19:00:00+09:00,USDJPY,5m,160.06654375765663,160.07437733211185,160.05655999261091,160.06546827857073,0.0025184246702480034
2026-06-07 19:05:00+09:00,USDJPY,5m,160.07009195221048,160.08952954927753,160.0498087520516,160.06573459518785,0.009466952094001172
2026-06-07 19:10:00+09:00,USDJPY,5m,160.07329762912696,160.08456357420866,160.05043462397472,160.06535685880195,0.009803775850468419
2026-06-07 19:15:00+09:00,USDJPY,5m,160.07446687885832,160.0782986920822,160.04284343859658,160.0664320453375,0.010409134400344038
2026-06-07 19:20:00+09:00,USDJPY,5m,160.0622960443252,160.0825867360921,160.0462074347435,160.06572586323844,0.014686834977032893
2026-06-07 19:25:00+09:00,USDJPY,5m,160.07533638100554,160.07963177066935,160.05158402871757,160.06628735574262,0.007559188564564265
2026-06-07 19:30:00+09:00,USDJPY,5m,160.05739522277372,160.08638054020315,160.05762869804718,160.06689770513344,0.0076750492358706075
2026-06-07 19:35:00+09:00,USDJPY,5m,160.06404204422833,160.09373034827837,160.05583440544987,160.066505333008,0.0030899406123426907
2026-06-07 19:40:00+09:00,USDJPY,5m,160.07526678933823,160.08658343679835,160.04796328672631,160.06735081218804,0.01436278188786133
2026-06-07 19:45:00+09:00,USDJPY,5m,160.06270352187562,160.08800384473744,160.05162481415678,160.06721078427927,0.012220869645192513
2026-06-07 19:50:00+09:00,USDJPY,5m,160.06285562946326,160.0853626966347,160.04952081273532,160.06739400045683,0.008289652028488186
2026-06-07 19:55:00+09:00,USDJPY,5m,160.06361263926175,160.07383933122122,160.05829325767755,160.0675601935601,0.014693401620512385
2026-06-07 20:00:00+09:00,USDJPY,5m,160.06973587601215,160.0783110722371,160.0459169520066,160.0674896083152,0.011672439486083791
2026-06-07 20:05:00+09:00,USDJPY,5m,160.06675274879143,160.08528613651492,160.04167262475772,160.06798609327913,0.010446409025669715
2026-06-07 20:10:00+09:00,USDJPY,5m,160.07300688323852,160.08122806860507,160.0570236988418,160.06847218651146,0.011203841785900278
2026-06-07 20:15:00+09:00,USDJPY,5m,160.0753312801788,160.07697715727153,160.0501452116817,160.0674330673275,0.013454266254807019
2026-06-07 20:20:00+09:00,USDJPY,5m,160.0717096589721,160.08582899252121,160.0388374882477,160.06822567147324,0.013880046882342793
2026-06-07 20:25:00+09:00,USDJPY,5m,160.06132751068435,160.0803084211166,160.05390713276662,160.0672381762804,0.0072012407445329095
2026-06-07 20:30:00+09:00,USDJPY,5m,160.07652134205023,160.07932039508236,160.04799154537992,160.06786770400302,0.004533380541040759
2026-06-07 20:35:00+09:00,USDJPY,5m,160.06384358455207,160.08515336252114,160.0612988345801,160.06855372708512,0.004819415261429338
2026-06-07 20:40:00+09:00,USDJPY,5m,160.06090703313353,160.07624125367903,160.047758772165,160.06790914722697,0.01350903594625403
2026-06-07 20:45:00+09:00,USDJPY,5m,160.05947200423142,160.0958663019811,160.0604318643216,160.0676726586542,0.01771171914380827
2026-06-07 20:50:00+09:00,USDJPY,5m,160.06828691066644,160.09371178830108,160.03803834997,160.0670192358531,0.009370933010219934
2026-06-07 20:55:00+09:00,USDJPY,5m,160.05917553248457,160.08959079787846,160.04400871693315,160.06690028323496,0.005051362885930323
2026-06-07 21:00:00+09:00,USDJPY,5m,160.05950098034668,160.07438080835414,160.04202146796104,160.06672546266444,0.015618844969289385
2026-06-07 21:05:00+09:00,USDJPY,5m,160.0632038685957,160.09160019034553,160.0446006499645,160.0672032589838,0.016984810539550074
2026-06-07 21:10:00+09:00,USDJPY,5m,160.06363250442516,160.0931983774342,160.04825621832956,160.06799944423148,0.017850483976177403
2026-06-07 21:15:00+09:00,USDJPY,5m,160.0709316447246,160.0930409699608,160.0525990349908,160.06884685451794,0.012922965720447198
2026-06-07 21:20:00+09:00,USDJPY,5m,160.07485445929146,160.07636870087998,160.04206021920797,160.068519553702,0.017493114068985526
2026-06-07 21:25:00+09:00,USDJPY,5m,160.07363101370183,160.08950171950445,160.03948312888917,160.06840402057776,0.0022774692520713385
2026-06-07 21:30:00+09:00,USDJPY,5m,160.06265364675673,160.09326207755615,160.0499280533398,160.0674039576624,0.003930244431851424
2026-06-07 21:35:00+09:00,USDJPY,5m,160.06183664558222,160.086364270653,160.03864205939362,160.0669304356225,0.0036663692069377777
2026-06-07 21:40:00+09:00,USDJPY,5m,160.07683517720452,160.0886795309831,160.04793602385266,160.06751934660238,0.014826884316585196
2026-06-07 21:45:00+09:00,USDJPY,5m,160.05866342112833,160.08495778328216,160.0500390916241,160.0684986962965,0.0032524721037844226
2026-06-07 21:50:00+09:00,USDJPY,5m,160.0753624976346,160.08598576997048,160.05140601864952,160.0677680869734,0.010934558704393528
2026-06-07 21:55:00+09:00,USDJPY,5m,160.06141717880035,160.07328202987668,160.05719041437965,160.0674226084179,0.010508724175453205
2026-06-07 22:00:00+09:00,USDJPY,5m,160.07636245142552,160.08839084051306,160.06232377344327,160.06741676496372,0.007592663424048338
2026-06-07 22:05:00+09:00,USDJPY,5m,160.06444100735553,160.07463104198126,160.0565572059876,160.067594861659,0.017667293058957798
2026-06-07 22:10:00+09:00,USDJPY,5m,160.0659261350249,160.08299446440557,160.04937602025697,160.06711909954706,0.005067797633839928
2026-06-07 22:15:00+09:00,USDJPY,5m,160.07152594845263,160.07969991361543,160.05288453736725,160.06738353617374,0.008344330119186318
2026-06-07 22:20:00+09:00,USDJPY,5m,160.06886261359494,160.0857449313208,160.05089710186542,160.06710923256549,0.015935087000412726
2026-06-07 22:25:00+09:00,USDJPY,5m,160.06346934779708,160.07544596959104,160.03759435571385,160.06711056120295,0.0025476016590791164
2026-06-07 22:30:00+09:00,USDJPY,5m,160.06852495006913,160.0897394168011,160.05369152248502,160.06744833175176,0.014113107204434637
2026-06-07 22:35:00+09:00,USDJPY,5m,160.0720763228009,160.09233747353684,160.05115761162963,160.06746218511364,0.016695159074508272
2026-06-07 22:40:00+09:00,USDJPY,5m,160.0580570524974,160.0762942148229,160.0588724647955,160.06721035357933,0.018780821099087013
2026-06-07 22:45:00+09:00,USDJPY,5m,160.0573785738021,160.07476241488078,160.06095564438607,160.067154587697,0.01777333952884673
2026-06-07 22:50:00+09:00,USDJPY,5m,160.0662729087029,160.07574945699113,160.04272633205665,160.06711156992145,0.0077489141030063335
2026-06-07 22:55:00+09:00,USDJPY,5m,160.0595362956596,160.093827752351,160.04763248392675,160.06689956330354,0.012554554543813148
2026-06-07 23:00:00+09:00,USDJPY,5m,160.0700411714952,160.08495901720983,160.04273666551484,160.06675428566592,0.0033912828767083854
2026-06-07 23:05:00+09:00,USDJPY,5m,160.06200452309275,160.0844049988684,160.05897690399604,160.06772347396821,0.006641660063864155
2026-06-07 23:10:00+09:00,USDJPY,5m,160.0667270477729,160.07573782111453,160.04877430635742,160.06807002563698,0.0036960028174551334
2026-06-07 23:15:00+09:00,USDJPY,5m,160.06185615618364,160.08914163761509,160.05656167558763,160.06790273744616,0.00767337122277135
2026-06-07 23:20:00+09:00,USDJPY,5m,160.06930058180387,160.09503089988627,160.05762936466638,160.0683309100889,0.017753369842257123
2026-06-07 23:25:00+09:00,USDJPY,5m,160.06046168758272,160.09384526512812,160.0628524680437,160.06814061839503,0.008249003114137267
2026-06-07 23:30:00+09:00,USDJPY,5m,160.05931663023333,160.0895058609021,160.06059597508835,160.06885449317758,0.012114165854025676
2026-06-07 23:35:00+09:00,USDJPY,5m,160.06010891125504,160.0759682464092,160.0563545757054,160.0690862784929,0.009800855266068935
2026-06-07 23:40:00+09:00,USDJPY,5m,160.07811706603678,160.07684182288588,160.0611099281917,160.0690318972065,0.010260497437377237
2026-06-07 23:45:00+09:00,USDJPY,5m,160.0621562517342,160.07554325203972,160.0396640663517,160.06931052736198,0.01945229693305805
2026-06-07 23:50:00+09:00,USDJPY,5m,160.07254756673348,160.07981498208304,160.05566218545763,160.06837800167074,0.007330780428749443
2026-06-07 23:55:00+09:00,USDJPY,5m,160.05907046527386,160.0761034778684,160.05945384252183,160.0677119411894,0.013291840451417085
2026-06-08 00:00:00+09:00,USDJPY,5m,160.05916879323027,160.07850678719186,160.05702852836487,160.06700558618556,0.009561128052430048
2026-06-08 00:05:00+09:00,USDJPY,5m,160.0672788770706,160.0817278034354,160.04740877133386,160.0671013520424,0.003100631258858352
2026-06-08 00:10:00+09:00,USDJPY,5m,160.0674482796452,160.0967254306439,160.06154977294548,160.0681508610421,0.010807954969236248
2026-06-08 00:15:00+09:00,USDJPY,5m,160.0785312473186,160.08975904262437,160.0429387878763,160.06949964112982,0.01664017992281195
2026-06-08 00:20:00+09:00,USDJPY,5m,160.07878918085112,160.09576681643276,160.04085497980978,160.0698924717907,0.003777553436270391
2026-06-08 00:25:00+09:00,USDJPY,5m,160.0757951513265,160.09296176599346,160.05903429295898,160.07020297847566,0.0032526532531335617
2026-06-08 00:30:00+09:00,USDJPY,5m,160.0711743804377,160.0769449220983,160.0528799621204,160.06913234383515,0.004765367367078801
2026-06-08 00:35:00+09:00,USDJPY,5m,160.0679159459032,160.09221474971469,160.0632633782796,160.06881673955533,0.01575920200500751
2026-06-08 00:40:00+09:00,USDJPY,5m,160.06547763999075,160.08023154134315,160.047336313686,160.06835406930418,0.015031916914605285
2026-06-08 00:45:00+09:00,USDJPY,5m,160.0769333116847,160.08896925692008,160.0526434092939,160.0679915607452,0.01217031984030999
2026-06-08 00:50:00+09:00,USDJPY,5m,160.06995885068258,160.08142472379515,160.05614921280153,160.06790067445408,0.010428075273667384
2026-06-08 00:55:00+09:00,USDJPY,5m,160.06920887066116,160.09756922668905,160.05745649234203,160.06762742010744,0.0179898646646472
2026-06-08 01:00:00+09:00,USDJPY,5m,160.0610878626566,160.07803862720866,160.04509926327975,160.06644984022122,0.015800560829002688
2026-06-08 01:05:00+09:00,USDJPY,5m,160.0578425427326,160.07888684814424,160.05150316059908,160.0669085863749,0.016614960523432497
2026-06-08 01:10:00+09:00,USDJPY,5m,160.07517871215464,160.09454174694852,160.0567834583337,160.06627494055945,0.01663872142431178
2026-06-08 01:15:00+09:00,USDJPY,5m,160.06270319385482,160.07204459879384,160.04420076164075,160.06642848867793,0.013568908785420046
2026-06-08 01:20:00+09:00,USDJPY,5m,160.06653471874625,160.0901001629766,160.04855613120387,160.06768293827977,0.010244263237687026
2026-06-08 01:25:00+09:00,USDJPY,5m,160.05943410639654,160.09027446729323,160.0406745061516,160.06714130752482,0.01756419954654171
2026-06-08 01:30:00+09:00,USDJPY,5m,160.07237162160936,160.09154259944646,160.05769623753926,160.06563313501118,0.01866813351685851
2026-06-08 01:35:00+09:00,USDJPY,5m,160.05602416913518,160.094832515244,160.04082986742944,160.06547153247806,0.002428508778650174
2026-06-08 01:40:00+09:00,USDJPY,5m,160.07282192350104,160.09553215623797,160.04430418858863,160.06614210825904,0.0029279877187925237
2026-06-08 01:45:00+09:00,USDJPY,5m,160.06013281698733,160.07395903567073,160.05945184331088,160.06732711673158,0.01925737934435187
2026-06-08 01:50:00+09:00,USDJPY,5m,160.07433066922752,160.0921453700437,160.0442288687281,160.0665993869749,0.006988891049195507
2026-06-08 01:55:00+09:00,USDJPY,5m,160.07150285925556,160.08806515485028,160.05086872428686,160.06690740650885,0.01772064991368954
2026-06-08 02:00:00+09:00,USDJPY,5m,160.05993162548492,160.0878217735941,160.0380136005959,160.06663822023478,0.008998312141305248
2026-06-08 02:05:00+09:00,USDJPY,5m,160.06790101107939,160.07479339938757,160.05804436745674,160.0665846512222,0.004143801036968401
2026-06-08 02:10:00+09:00,USDJPY,5m,160.06443438351752,160.08943593639154,160.04711042246,160.0681812572304,0.003447977603768017
2026-06-08 02:15:00+09:00,USDJPY,5m,160.0608541370116,160.0968515395484,160.0527399738968,160.06728947503336,0.004817142183448217
2026-06-08 02:20:00+09:00,USDJPY,5m,160.07463536281847,160.09524718306875,160.0385313520655,160.06745171883026,0.006498077507612565
2026-06-08 02:25:00+09:00,USDJPY,5m,160.06581279006346,160.08372060125342,160.05449296235105,160.0677423347333,0.010793330370754873
2026-06-08 02:30:00+09:00,USDJPY,5m,160.0663746808156,160.07440250586043,160.039349158791,160.0684038065283,0.014626962210184105
2026-06-08 02:35:00+09:00,USDJPY,5m,160.0618703299165,160.08252993367037,160.04093545014285,160.06847259642038,0.0197551743767354
2026-06-08 02:40:00+09:00,USDJPY,5m,160.0663287402658,160.09432718453408,160.0569078458613,160.06866742674407,0.00994712137920508
2026-06-08 02:45:00+09:00,USDJPY,5m,160.07587477453018,160.09097991514022,160.04335389318294,160.0684424376036,0.011327328962175979
2026-06-08 02:50:00+09:00,USDJPY,5m,160.06587648797816,160.08509750515822,160.03872380872326,160.06861391376836,0.011392682624898603
2026-06-08 02:55:00+09:00,USDJPY,5m,160.07745006965308,160.07479553678206,160.0571014233488,160.06841799840308,0.01170981839878285
2026-06-08 03:00:00+09:00,USDJPY,5m,160.07772711952114,160.08447330973257,160.05288151230388,160.06880094153698,0.011319331827880322
2026-06-08 03:05:00+09:00,USDJPY,5m,160.0614871485215,160.0853147988283,160.0505846569212,160.06858917533535,0.002157945591114521
2026-06-08 03:10:00+09:00,USDJPY,5m,160.06237166064216,160.09703932389405,160.0564521571766,160.0688254355717,0.0020310467979771326
2026-06-08 03:15:00+09:00,USDJPY,5m,160.07607135929013,160.08984503047304,160.06343625689232,160.06881787788348,0.0037579937262702126
2026-06-08 03:20:00+09:00,USDJPY,5m,160.06735872641246,160.08229483095033,160.05900027692903,160.06950350803396,0.003828018861725219
2026-06-08 03:25:00+09:00,USDJPY,5m,160.05957015144546,160.08761562841107,160.05743424969125,160.0694826717998,0.014688144361186331
2026-06-08 03:30:00+09:00,USDJPY,5m,160.06390628871299,160.07508023501444,160.05233885978592,160.06842885231887,0.005688488585287996
2026-06-08 03:35:00+09:00,USDJPY,5m,160.07114858508322,160.09851021111055,160.05991844325897,160.0691960052193,0.018104853885601034
2026-06-08 03:40:00+09:00,USDJPY,5m,160.074647885158,160.08266406338706,160.0418312069215,160.0686625658388,0.018714913932386355
2026-06-08 03:45:00+09:00,USDJPY,5m,160.06094807837746,160.08522698990842,160.0456575277173,160.0682803060356,0.01956608008212618
2026-06-08 03:50:00+09:00,USDJPY,5m,160.0601437365475,160.08181500861508,160.06080289732017,160.06793290925916,0.018903463487966364
2026-06-08 03:55:00+09:00,USDJPY,5m,160.0772094251865,160.09083036536796,160.04751526083658,160.06876757211506,0.006893989794533444
2026-06-08 04:00:00+09:00,USDJPY,5m,160.07251913494312,160.08905197154493,160.04615475567655,160.06749616758668,0.011175983204663226
2026-06-08 04:05:00+09:00,USDJPY,5m,160.07118440872244,160.09227187447013,160.0404832873658,160.0693888167069,0.005158189463544939
2026-06-08 04:10:00+09:00,USDJPY,5m,160.07541618659224,160.0817360315326,160.06495692900842,160.07003245079233,0.0165117737931038
2026-06-08 04:15:00+09:00,USDJPY,5m,160.0687534813669,160.0830681061699,160.05897808289563,160.0701763941408,0.01799177069259373
2026-06-08 04:20:00+09:00,USDJPY,5m,160.0753225726866,160.07828473851782,160.04195867075603,160.07015345774042,0.017323199107355268
2026-06-08 04:25:00+09:00,USDJPY,5m,160.06777085001085,160.09172253948148,160.04203144230038,160.07033479018534,0.00980060507654303
2026-06-08 04:30:00+09:00,USDJPY,5m,160.06553935509223,160.07665239182575,160.04764280315808,160.07065746364236,0.015656129924362057
2026-06-08 04:35:00+09:00,USDJPY,5m,160.0756348614198,160.09099665138203,160.04691050996774,160.07105459299393,0.0037564250523728503
2026-06-08 04:40:00+09:00,USDJPY,5m,160.06979140151668,160.09814035279484,160.0641108817253,160.07139795567355,0.0027244058711465126
2026-06-08 04:45:00+09:00,USDJPY,5m,160.0810892461688,160.09873250778952,160.0536148082128,160.07146170408228,0.015558255457557697
2026-06-08 04:50:00+09:00,USDJPY,5m,160.06834300467628,160.08757924503936,160.0605637262479,160.07135330103011,0.009656394937916308
2026-06-08 04:55:00+09:00,USDJPY,5m,160.07970708547055,160.08775512926525,160.06174208596957,160.0712725370599,0.01991988676531225
2026-06-08 05:00:00+09:00,USDJPY,5m,160.07982484306305,160.0780898216669,160.04590800961364,160.07116559209172,0.0037505758853995834
2026-06-08 05:05:00+09:00,USDJPY,5m,160.06669291309112,160.0936249797859,160.0634799007328,160.07185585414982,0.01740129826763421
2026-06-08 05:10:00+09:00,USDJPY,5m,160.07818641181495,160.09775347369253,160.0555056972583,160.0722219881832,0.010639695179521852
2026-06-08 05:15:00+09:00,USDJPY,5m,160.0691292451053,160.08158413136752,160.04200329901275,160.0704677550024,0.01688870351906979
2026-06-08 05:20:00+09:00,USDJPY,5m,160.07922179001292,160.08640381750917,160.0612254940792,160.07087129546832,0.01670829107906261
2026-06-08 05:25:00+09:00,USDJPY,5m,160.07000062263785,160.09696912060429,160.0415483015917,160.07099813718514,0.018487856024517392
2026-06-08 05:30:00+09:00,USDJPY,5m,160.07588298627803,160.09792492362283,160.04113971228725,160.07099691193127,0.0073613002031498505
2026-06-08 05:35:00+09:00,USDJPY,5m,160.0701131490427,160.08185330036602,160.05188337199237,160.07077380085943,0.019096388362316058
2026-06-08 05:40:00+09:00,USDJPY,5m,160.06601428360568,160.09022253435495,160.062204699987,160.07145826849143,0.0047300052864371655
2026-06-08 05:45:00+09:00,USDJPY,5m,160.0660237869476,160.08184911313458,160.05913416217018,160.0720367843687,0.0034754379966828296
2026-06-08 05:50:00+09:00,USDJPY,5m,160.07009168165314,160.0791300268715,160.0559707369511,160.071583057768,0.009769079312702286
2026-06-08 05:55:00+09:00,USDJPY,5m,160.07694718228055,160.09961530167507,160.0591041835313,160.07183728914026,0.01690981343555317
2026-06-08 06:00:00+09:00,USDJPY,5m,160.07336572480318,160.09677698270536,160.05924840560263,160.07126429509955,0.010521580351402021
2026-06-08 06:05:00+09:00,USDJPY,5m,160.07421910999867,160.09444739674575,160.04114078147026,160.07044652420066,0.016927160195549254
2026-06-08 06:10:00+09:00,USDJPY,5m,160.06572702088056,160.07629965183625,160.06124637318052,160.07008049386593,0.015134362504297496
2026-06-08 06:15:00+09:00,USDJPY,5m,160.0702366368685,160.0967011497671,160.04727473223141,160.07060792994935,0.005769710950500804
2026-06-08 06:20:00+09:00,USDJPY,5m,160.06207771027596,160.0871409068742,160.0661795477406,160.07118980497657,0.01907986924819035
2026-06-08 06:25:00+09:00,USDJPY,5m,160.0778583045478,160.085067534311,160.05160308949357,160.07150765622862,0.0030940610353292616
2026-06-08 06:30:00+09:00,USDJPY,5m,160.08175055694554,160.09061462272638,160.0440541386019,160.07195271370074,0.018169034735788313
2026-06-08 06:35:00+09:00,USDJPY,5m,160.07041000192552,160.0795562517411,160.0600740683207,160.07227242067302,0.0074799820818267325
2026-06-08 06:40:00+09:00,USDJPY,5m,160.0621168047785,160.0958136954497,160.06225938233445,160.07189753171588,0.011002665496959189
2026-06-08 06:45:00+09:00,USDJPY,5m,160.0655625380337,160.0917275621649,160.0508746903707,160.07216668524268,0.009602333708613221
2026-06-08 06:50:00+09:00,USDJPY,5m,160.0757074685128,160.08232168337963,160.04984189577536,160.0726569309578,0.005093022024504491
2026-06-08 06:55:00+09:00,USDJPY,5m,160.07536109211978,160.0828253107499,160.0509187427819,160.0731195057557,0.008446643595230476
2026-06-08 07:00:00+09:00,USDJPY,5m,160.0796001481703,160.0834490700679,160.06085993177805,160.0738428537786,0.005472819853270316
2026-06-08 07:05:00+09:00,USDJPY,5m,160.06935551630613,160.08070289577572,160.06297277603292,160.0742778360869,0.00566995655828943
2026-06-08 07:10:00+09:00,USDJPY,5m,160.07977134332236,160.0941936662457,160.04560073501236,160.07449870501142,0.005367023048474847
2026-06-08 07:15:00+09:00,USDJPY,5m,160.0789104755849,160.10115949959413,160.0470683074477,160.07515079515443,0.010802312846238697
2026-06-08 07:20:00+09:00,USDJPY,5m,160.07160117235316,160.08058233774858,160.05871196715157,160.0751448823989,0.01636276461520368
2026-06-08 07:25:00+09:00,USDJPY,5m,160.07553552056928,160.08085087373243,160.04847091095428,160.07462575760815,0.012241460607702339
2026-06-08 07:30:00+09:00,USDJPY,5m,160.06748339359976,160.09385717434697,160.05822983048893,160.07453791742978,0.018077718593915153
2026-06-08 07:35:00+09:00,USDJPY,5m,160.0731522659116,160.09958836797756,160.05849125039109,160.0741009758429,0.013457800794381037
2026-06-08 07:40:00+09:00,USDJPY,5m,160.08132981566902,160.08687434114213,160.06478679518793,160.0737058688779,0.014408122081386882
2026-06-08 07:45:00+09:00,USDJPY,5m,160.07205298527197,160.08736951764567,160.05796900626316,160.07362915767547,0.014016930135086057
2026-06-08 07:50:00+09:00,USDJPY,5m,160.07995503985236,160.09307236816028,160.05472828225786,160.07316370572286,0.010090265477307342
2026-06-08 07:55:00+09:00,USDJPY,5m,160.0747939961103,160.08484425103322,160.06742632061938,160.0729889288051,0.014408098799601492
2026-06-08 08:00:00+09:00,USDJPY,5m,160.06570029426697,160.07752796915688,160.05575993487554,160.07186276000493,0.003254739436441301
2026-06-08 08:05:00+09:00,USDJPY,5m,160.0736228611233,160.09538144918187,160.04746683076945,160.07200073622934,0.017477326494481936
2026-06-08 08:10:00+09:00,USDJPY,5m,160.0721311260977,160.0926527073381,160.0500103081052,160.07201145951456,0.016000618581990513
2026-06-08 08:15:00+09:00,USDJPY,5m,160.06950403303983,160.0910501063123,160.05065228161433,160.07153120633592,0.006414139248170219
2026-06-08 08:20:00+09:00,USDJPY,5m,160.0643293625273,160.0954788569618,160.04419786802606,160.071936753737,0.015824584176573484
2026-06-08 08:25:00+09:00,USDJPY,5m,160.07084346909647,160.0943900667586,160.06705849557392,160.07250929581954,0.002227566825200333
2026-06-08 08:30:00+09:00,USDJPY,5m,160.0630100074257,160.0817018096054,160.05262857024613,160.07155475990092,0.005910438304655848
2026-06-08 08:35:00+09:00,USDJPY,5m,160.06308250606176,160.08491915120737,160.04642340382355,160.0711071250338,0.0031724702960761273
2026-06-08 08:40:00+09:00,USDJPY,5m,160.06897397028257,160.07880839316587,160.0521222550564,160.0706556396239,0.016044084499122105
2026-06-08 08:45:00+09:00,USDJPY,5m,160.06620932740262,160.0783481230987,160.05700430894873,160.07010169776325,0.01560573472121097
2026-06-08 08:50:00+09:00,USDJPY,5m,160.07912026918567,160.09251427632734,160.0622031185411,160.0706093826684,0.016645448428432952
2026-06-08 08:55:00+09:00,USDJPY,5m,160.06801720309275,160.09696808965973,160.04331401018976,160.07050308698516,0.002080670479859519
2026-06-08 09:00:00+09:00,USDJPY,5m,160.0755115405218,160.09942269267688,160.05358531827068,160.07035437808037,0.011022189080211346
2026-06-08 09:05:00+09:00,USDJPY,5m,160.06976701118904,160.08987073860044,160.04220918073707,160.0691620606617,0.014687051555312058
2026-06-08 09:10:00+09:00,USDJPY,5m,160.07363502485268,160.07915584456387,160.049907008419,160.06955331147984,0.004797220317302279
2026-06-08 09:15:00+09:00,USDJPY,5m,160.06402207610324,160.07646101507916,160.04696495352755,160.06881975644293,0.013696233095227245
2026-06-08 09:20:00+09:00,USDJPY,5m,160.07770381547786,160.0941869903095,160.04375918716164,160.0688657160211,0.0035139817875743428
2026-06-08 09:25:00+09:00,USDJPY,5m,160.06964391212216,160.08851105409286,160.04756325356885,160.06904214218386,0.005263865409877637
2026-06-08 09:30:00+09:00,USDJPY,5m,160.07649501876708,160.09032566286672,160.0549171663244,160.06986853734136,0.01056434266990282
2026-06-08 09:35:00+09:00,USDJPY,5m,160.0663941589714,160.09362979732077,160.05125241050368,160.0690932451019,0.013764172748259838
2026-06-08 09:40:00+09:00,USDJPY,5m,160.05929576478943,160.08987346850174,160.04221539969151,160.06729153780842,0.0046256442851701305
2026-06-08 09:45:00+09:00,USDJPY,5m,160.07088608048966,160.09327330385665,160.05307059012594,160.06741184753525,0.005334019954956882
2026-06-08 09:50:00+09:00,USDJPY,5m,160.0586573472109,160.07490750188066,160.05379911782495,160.06850215424416,0.0056800346071819345
2026-06-08 09:55:00+09:00,USDJPY,5m,160.06876138158722,160.09294353797458,160.0618632691545,160.06925552205593,0.006296614484581613
2026-06-08 10:00:00+09:00,USDJPY,5m,160.06324735575842,160.09566263663814,160.04152670682453,160.06939131770508,0.006077969273473243
2026-06-08 10:05:00+09:00,USDJPY,5m,160.07165384608243,160.08125971205519,160.0618304281201,160.06910633599372,0.009112683952957463
2026-06-08 10:10:00+09:00,USDJPY,5m,160.07918900701443,160.09061179140153,160.04839538011547,160.06960060955169,0.013768213715061014
2026-06-08 10:15:00+09:00,USDJPY,5m,160.0683145399583,160.0818805334278,160.05369661986182,160.06902648183188,0.009884572096420454
2026-06-08 10:20:00+09:00,USDJPY,5m,160.075672261624,160.09827157315556,160.0541818117371,160.06932229649348,0.01596753035749799
2026-06-08 10:25:00+09:00,USDJPY,5m,160.069791262328,160.07547116789988,160.04764678267466,160.069635578589,0.014946833107075067
2026-06-08 10:30:00+09:00,USDJPY,5m,160.0701985051556,160.08977652562933,160.06360436121776,160.0702817045335,0.0042774844528833626
2026-06-08 10:35:00+09:00,USDJPY,5m,160.08055597042042,160.08111008923308,160.05210485598303,160.07194750055683,0.002879149219773391
2026-06-08 10:40:00+09:00,USDJPY,5m,160.0799922675121,160.0949984552666,160.04789215548783,160.07219295013715,0.01780294815199291
2026-06-08 10:45:00+09:00,USDJPY,5m,160.0776135812655,160.08129482904718,160.04619225301457,160.07189757196173,0.003436959198131722
2026-06-08 10:50:00+09:00,USDJPY,5m,160.06781734244075,160.08277680892186,160.06262896763957,160.0718922273744,0.004670105252954836
2026-06-08 10:55:00+09:00,USDJPY,5m,160.07174095014594,160.0882000521076,160.0434053055795,160.07084078183146,0.002398398960046125
2026-06-08 11:00:00+09:00,USDJPY,5m,160.06491189861893,160.09830482770275,160.04903030165664,160.07043395395283,0.01331005457537577
2026-06-08 11:05:00+09:00,USDJPY,5m,160.06907671845087,160.08049124379363,160.04315201446943,160.07019838448994,0.012482670136850275
2026-06-08 11:10:00+09:00,USDJPY,5m,160.0695781927664,160.07849993197914,160.05276191352343,160.0698939314512,0.019764265995834605
2026-06-08 11:15:00+09:00,USDJPY,5m,160.07662814517778,160.09396976517075,160.05144451074696,160.0699953443744,0.017964783133709097
2026-06-08 11:20:00+09:00,USDJPY,5m,160.07743245972148,160.08702738072333,160.04153593548924,160.06951189241497,0.009395177194656375
2026-06-08 11:25:00+09:00,USDJPY,5m,160.06848691206332,160.09798913862494,160.04269677223152,160.07019451081538,0.00868854513642563
2026-06-08 11:30:00+09:00,USDJPY,5m,160.06055872395578,160.07886999898332,160.0540006132201,160.07020463505432,0.0073433366170397325
2026-06-08 11:35:00+09:00,USDJPY,5m,160.07744453165742,160.0913572521872,160.05834873907074,160.07020905486164,0.004743324560681865
2026-06-08 11:40:00+09:00,USDJPY,5m,160.06350789160177,160.08084429668554,160.05519305716763,160.07002231803173,0.004485505818836163
2026-06-08 11:45:00+09:00,USDJPY,5m,160.07256307171986,160.07904444315832,160.0554313242288,160.07012543244204,0.004381106744172898
2026-06-08 11:50:00+09:00,USDJPY,5m,160.06112990940954,160.0927162267798,160.0584588195263,160.07063049140086,0.004054065629362015
2026-06-08 11:55:00+09:00,USDJPY,5m,160.06811034277663,160.08996232876913,160.0584057231631,160.07012021327142,0.006329216763299665
2026-06-08 12:00:00+09:00,USDJPY,5m,160.0794545494203,160.09360602983702,160.043208769966,160.06973534337797,0.007520035345636097
2026-06-08 12:05:00+09:00,USDJPY,5m,160.06157697978279,160.08229967217184,160.0628165597436,160.0695631077607,0.019308421478700488
2026-06-08 12:10:00+09:00,USDJPY,5m,160.06723944824662,160.08496487661617,160.04682530565412,160.06876558520662,0.012412518518033945
2026-06-08 12:15:00+09:00,USDJPY,5m,160.0644270294946,160.08342082239903,160.05896352920436,160.0682840304908,0.019776723941239062
2026-06-08 12:20:00+09:00,USDJPY,5m,160.07611006043442,160.09761053456583,160.05439565063182,160.06800829796666,0.00870440506086212
2026-06-08 12:25:00+09:00,USDJPY,5m,160.07592973363325,160.08084915539357,160.06200435562172,160.0685429314751,0.010237279386609939
2026-06-08 12:30:00+09:00,USDJPY,5m,160.0634644434786,160.08108089923115,160.0569611273511,160.06871046827249,0.007842415864975026
2026-06-08 12:35:00+09:00,USDJPY,5m,160.06046037796034,160.08270032744005,160.0446260954414,160.06883662221932,0.005291977716137949
2026-06-08 12:40:00+09:00,USDJPY,5m,160.07189992887783,160.08847201302888,160.04223177788293,160.06935716099662,0.0045769647399964255
2026-06-08 12:45:00+09:00,USDJPY,5m,160.06601211216125,160.08059280653015,160.058746559126,160.06928473792357,0.019011425560540973
2026-06-08 12:50:00+09:00,USDJPY,5m,160.07297070464566,160.09741126534303,160.05294032085206,160.06952901683354,0.01976259227237761
2026-06-08 12:55:00+09:00,USDJPY,5m,160.06011947890315,160.08111922290342,160.05271898258334,160.06947708378178,0.002808370937157168
2026-06-08 13:00:00+09:00,USDJPY,5m,160.06231428589498,160.09704169448042,160.04280691854743,160.06964630119143,0.004706225745171798
2026-06-08 13:05:00+09:00,USDJPY,5m,160.0730340906523,160.07689352258802,160.04523666967495,160.06930664599685,0.009623433661418407
2026-06-08 13:10:00+09:00,USDJPY,5m,160.06210076880794,160.08926742326187,160.0500264252427,160.06785335570189,0.005354002574199332
2026-06-08 13:15:00+09:00,USDJPY,5m,160.0749345417198,160.09545742616552,160.04601410819276,160.06778278820457,0.0085498470852839
2026-06-08 13:20:00+09:00,USDJPY,5m,160.05981825484045,160.0778651730462,160.0424625607385,160.06864643708624,0.004323734297473401
2026-06-08 13:25:00+09:00,USDJPY,5m,160.0635218059833,160.09842034033008,160.06397369247696,160.0692121663276,0.010217211620992225
2026-06-08 13:30:00+09:00,USDJPY,5m,160.07977260978802,160.08612348882872,160.05472915404206,160.06980140481832,0.006890503091046668
2026-06-08 13:35:00+09:00,USDJPY,5m,160.06921460530316,160.09919596096245,160.0428720040695,160.0705530832514,0.008334291003655896
2026-06-08 13:40:00+09:00,USDJPY,5m,160.07467559107687,160.09253677889674,160.04710845203488,160.07061627780598,0.003697627726329457
2026-06-08 13:45:00+09:00,USDJPY,5m,160.06439792820757,160.08328433897728,160.05217363287207,160.07074466723043,0.009706304912782552
2026-06-08 13:50:00+09:00,USDJPY,5m,160.07258145079288,160.0800916392161,160.0521429629173,160.07038407609318,0.019698636997308262
2026-06-08 13:55:00+09:00,USDJPY,5m,160.07472655374696,160.0827978085352,160.05651017993947,160.07020443237957,0.007918994843861427
2026-06-08 14:00:00+09:00,USDJPY,5m,160.06687342778676,160.077909330301,160.0525708817284,160.07058389506943,0.017775726947163832
2026-06-08 14:05:00+09:00,USDJPY,5m,160.07789416797124,160.0799129248903,160.04993164574515,160.07131622573172,0.017177584549226334
2026-06-08 14:10:00+09:00,USDJPY,5m,160.07331090953576,160.07885906897496,160.0557834820056,160.07124255796631,0.019137051529349795
2026-06-08 14:15:00+09:00,USDJPY,5m,160.0687649045997,160.08655603300093,160.0481286157476,160.0709824444074,0.0162219712208077
2026-06-08 14:20:00+09:00,USDJPY,5m,160.07214560904958,160.09588222058915,160.0444619555012,160.0709927611827,0.01387274288705867
2026-06-08 14:25:00+09:00,USDJPY,5m,160.0728987021808,160.07989807408748,160.06249636402745,160.07136348523207,0.01741851999609424
2026-06-08 14:30:00+09:00,USDJPY,5m,160.06381787819626,160.0787651831717,160.05421849677197,160.0705071723424,0.0033616042518322935
2026-06-08 14:35:00+09:00,USDJPY,5m,160.06719411116785,160.09022518750845,160.0539389614884,160.0691394637705,0.010330951829578541
2026-06-08 14:40:00+09:00,USDJPY,5m,160.0656877534212,160.07874871621001,160.04663252155956,160.0688191416608,0.01980661229507106
2026-06-08 14:45:00+09:00,USDJPY,5m,160.06611476865686,160.075536965158,160.05685002757383,160.06809671420527,0.015852802723305182
2026-06-08 14:50:00+09:00,USDJPY,5m,160.0730240418564,160.07697304454183,160.04679555721287,160.0678018300867,0.01931735680467002
2026-06-08 14:55:00+09:00,USDJPY,5m,160.06737393004474,160.09581644679233,160.0407859308521,160.0677231618954,0.016033418410402626
2026-06-08 15:00:00+09:00,USDJPY,5m,160.07626753591475,160.09299799416937,160.05200792285513,160.06746121284996,0.0177478754139586
2026-06-08 15:05:00+09:00,USDJPY,5m,160.06421622163782,160.08219430742952,160.04056730087117,160.06834269337065,0.01471753338145744
2026-06-08 15:10:00+09:00,USDJPY,5m,160.06686281179512,160.08994425941262,160.0387196467561,160.06854874022943,0.01568903607951032
2026-06-08 15:15:00+09:00,USDJPY,5m,160.07447816105474,160.0871709166869,160.06108672359647,160.06873902484517,0.011417204177111014
2026-06-08 15:20:00+09:00,USDJPY,5m,160.07004284099804,160.0910504557187,160.058296019432,160.06912234913162,0.018636278614654396
2026-06-08 15:25:00+09:00,USDJPY,5m,160.06938961218944,160.0905158280725,160.0396895554739,160.06844904926095,0.01685070039122051
2026-06-08 15:30:00+09:00,USDJPY,5m,160.0601493195935,160.0898008667099,160.04012432417136,160.0690825163334,0.017189929381981384
2026-06-08 15:35:00+09:00,USDJPY,5m,160.06701905101585,160.0806995919749,160.0616043758768,160.06904705776148,0.014114163817334944
2026-06-08 15:40:00+09:00,USDJPY,5m,160.06487402078025,160.07543450665088,160.0640843836224,160.06945934613182,0.007482439047570483
2026-06-08 15:45:00+09:00,USDJPY,5m,160.07881293424862,160.08521540134174,160.0597987312106,160.068826231792,0.0026413363170225083
2026-06-08 15:50:00+09:00,USDJPY,5m,160.06407107794504,160.09517832364966,160.03800365694784,160.0679039765324,0.018841792329371804
2026-06-08 15:55:00+09:00,USDJPY,5m,160.07609464102308,160.08764214179016,160.05890471991194,160.0684047103272,0.012550166278498946
2026-06-08 16:00:00+09:00,USDJPY,5m,160.07216523074365,160.0944503320854,160.0510768658748,160.06864055604285,0.007366573480666525
2026-06-08 16:05:00+09:00,USDJPY,5m,160.0649276532941,160.09789993368426,160.0418988819495,160.06810932511024,0.00468443194125568
2026-06-08 16:10:00+09:00,USDJPY,5m,160.06846821482895,160.07668793236493,160.06208748699427,160.06759752726148,0.016931416979013583
2026-06-08 16:15:00+09:00,USDJPY,5m,160.07509350573113,160.0905772291107,160.04817056357567,160.06828278813214,0.01705736350005642
2026-06-08 16:20:00+09:00,USDJPY,5m,160.07524650695703,160.0894364803389,160.05565350477465,160.0675791409964,0.01666114342634957
2026-06-08 16:25:00+09:00,USDJPY,5m,160.06178262226848,160.0980736309523,160.0420163718574,160.06857474476837,0.013611488455402153
2026-06-08 16:30:00+09:00,USDJPY,5m,160.06483583515174,160.0976843906764,160.05595784359596,160.06804437232756,0.008588276976653767
2026-06-08 16:35:00+09:00,USDJPY,5m,160.0651418710872,160.09060437277606,160.0462685144759,160.06843740748295,0.007473265126044627
2026-06-08 16:40:00+09:00,USDJPY,5m,160.059091132319,160.07934060619704,160.0463947455863,160.0682502363975,0.0021539858621270635
2026-06-08 16:45:00+09:00,USDJPY,5m,160.0705869040532,160.09358604480943,160.05808481013466,160.06862214885615,0.01700493605638833
2026-06-08 16:50:00+09:00,USDJPY,5m,160.0754020815147,160.07598140881015,160.06243570045817,160.06830568045487,0.0035737885548855646
2026-06-08 16:55:00+09:00,USDJPY,5m,160.06584949246772,160.0927354873155,160.05298676536657,160.0682180047112,0.013353589964733818
2026-06-08 17:00:00+09:00,USDJPY,5m,160.07305327511614,160.09600745932008,160.05602272741731,160.06825255621646,0.011073349043121591
2026-06-08 17:05:00+09:00,USDJPY,5m,160.07021525201503,160.0822320786122,160.04243680000266,160.067661243743,0.011480408460674323
2026-06-08 17:10:00+09:00,USDJPY,5m,160.0656287130601,160.08888162072483,160.04310663363887,160.06811573835026,0.01868083121553992
2026-06-08 17:15:00+09:00,USDJPY,5m,160.0606390062002,160.08357137851277,160.05139221140553,160.06781781021036,0.002569070202882358
2026-06-08 17:20:00+09:00,USDJPY,5m,160.0718771273167,160.08363477663588,160.0475278446281,160.06769065026117,0.015921060043317906
2026-06-08 17:25:00+09:00,USDJPY,5m,160.0741953440152,160.0798633128641,160.0469975527367,160.0671040406364,0.0029369431706115284
2026-06-08 17:30:00+09:00,USDJPY,5m,160.06929373028916,160.08962988095237,160.03989768673043,160.06557664044112,0.0026867649068367896
2026-06-08 17:35:00+09:00,USDJPY,5m,160.05582959346427,160.09387643788773,160.0498469634305,160.06547202378357,0.009736718566544875
2026-06-08 17:40:00+09:00,USDJPY,5m,160.06125425092435,160.09544836451738,160.05504342604175,160.06692959303652,0.003135353138173401
2026-06-08 17:45:00+09:00,USDJPY,5m,160.05879995530694,160.07677988773113,160.05578448265575,160.06741035560927,0.016204591123272417
2026-06-08 17:50:00+09:00,USDJPY,5m,160.06881652137292,160.09427739062284,160.04900399239935,160.0674087993814,0.01153213568567007
2026-06-08 17:55:00+09:00,USDJPY,5m,160.0723906184607,160.09069685091958,160.0510323598156,160.0672610648839,0.0025226980878759403
2026-06-08 18:00:00+09:00,USDJPY,5m,160.05949612816096,160.07860547943685,160.05128152514496,160.06728454441958,0.0027290123566745513
2026-06-08 18:05:00+09:00,USDJPY,5m,160.07438957230056,160.0743049312117,160.06034438241144,160.06762281588868,0.01302803353531063
2026-06-08 18:10:00+09:00,USDJPY,5m,160.06803450776744,160.07862425987162,160.04395923468226,160.06692432819952,0.01651001271785129
2026-06-08 18:15:00+09:00,USDJPY,5m,160.07140230145916,160.09540812713587,160.05725950401677,160.06760292121632,0.009880391562945925
2026-06-08 18:20:00+09:00,USDJPY,5m,160.07747018697773,160.08887161687795,160.05811830925035,160.06804215000557,0.01198245208764124
2026-06-08 18:25:00+09:00,USDJPY,5m,160.06015668120594,160.09150942796344,160.05316410343406,160.068483061441,0.01639693017289823
2026-06-08 18:30:00+09:00,USDJPY,5m,160.07678062734385,160.08018495566202,160.05806168834383,160.06875614688428,0.012989111132752746
2026-06-08 18:35:00+09:00,USDJPY,5m,160.06129997079864,160.09176262076826,160.0491814601962,160.0687779168789,0.006045684277858751
2026-06-08 18:40:00+09:00,USDJPY,5m,160.0670508097532,160.07489467127743,160.0549050501371,160.06919163362048,0.013034936465650616
2026-06-08 18:45:00+09:00,USDJPY,5m,160.07658549602735,160.08393975574504,160.0533339290359,160.0695567221007,0.013309030263173845
2026-06-08 18:50:00+09:00,USDJPY,5m,160.0774793824089,160.0900231313877,160.05092506463404,160.06935429767415,0.015213925655860282
2026-06-08 18:55:00+09:00,USDJPY,5m,160.06914757008133,160.07767255074896,160.05893174854836,160.06902013661042,0.013175735376022424
2026-06-08 19:00:00+09:00,USDJPY,5m,160.07097334315307,160.09466633974876,160.06019745981592,160.06909125038757,0.019446358348244687
2026-06-08 19:05:00+09:00,USDJPY,5m,160.07419360917044,160.08090644494877,160.04302011490662,160.07003066247847,0.005551189556907234
2026-06-08 19:10:00+09:00,USDJPY,5m,160.0759523716021,160.09060422605353,160.0534541056623,160.06929719823307,0.019119632232207376
2026-06-08 19:15:00+09:00,USDJPY,5m,160.06085690646438,160.08355661163802,160.0531243428328,160.06842668307362,0.011690110826300294
2026-06-08 19:20:00+09:00,USDJPY,5m,160.07473692574294,160.0884366294653,160.06264523582155,160.06853553957836,0.014095210528908417
2026-06-08 19:25:00+09:00,USDJPY,5m,160.0682015952097,160.0762623360152,160.05112666463478,160.06857607219948,0.0037903087541394176
2026-06-08 19:30:00+09:00,USDJPY,5m,160.06770254570029,160.07411289719616,160.04983583415785,160.0686900771981,0.008850366944805926
2026-06-08 19:35:00+09:00,USDJPY,5m,160.06732444415678,160.09658555980135,160.04987542734298,160.06884644911685,0.01584882463633711
2026-06-08 19:40:00+09:00,USDJPY,5m,160.06890675946897,160.08046327798326,160.04604674853098,160.06872252776407,0.014724398271781828
2026-06-08 19:45:00+09:00,USDJPY,5m,160.07852745689513,160.09511837089673,160.06018939995246,160.06962644582723,0.0027225089869773833
2026-06-08 19:50:00+09:00,USDJPY,5m,160.069639978896,160.09865966095197,160.05737032508438,160.06867590344015,0.011838696742950404
2026-06-08 19:55:00+09:00,USDJPY,5m,160.07725235599054,160.07847458667524,160.0429205435945,160.06818880522528,0.0035890074734313705
2026-06-08 20:00:00+09:00,USDJPY,5m,160.0617426549815,160.07976612089877,160.0394575869481,160.06813685236918,0.019925415725206924
2026-06-08 20:05:00+09:00,USDJPY,5m,160.07164365865916,160.08873243377337,160.0587626203983,160.0671609390825,0.018151338593599305
2026-06-08 20:10:00+09:00,USDJPY,5m,160.073310217212,160.09620164230483,160.0496241875772,160.06706542643983,0.0023794518877136655
2026-06-08 20:15:00+09:00,USDJPY,5m,160.07165488516597,160.09596766724405,160.0577179022208,160.06807230853929,0.017455692420247356
2026-06-08 20:20:00+09:00,USDJPY,5m,160.0702332860368,160.0856667284339,160.06159301122338,160.06809484043225,0.018549732810051338
2026-06-08 20:25:00+09:00,USDJPY,5m,160.06953951659742,160.09312101803886,160.05510567752253,160.0682432609757,0.008363868006142193
2026-06-08 20:30:00+09:00,USDJPY,5m,160.07471577176815,160.0758908084441,160.05890497148698,160.06749716211658,0.014951029790859787
2026-06-08 20:35:00+09:00,USDJPY,5m,160.07357027721505,160.09657329987687,160.0443890184359,160.06713734527176,0.009957867431740021
2026-06-08 20:40:00+09:00,USDJPY,5m,160.05936800186717,160.09603105829447,160.0485790921018,160.06692222744357,0.013794184722374194
2026-06-08 20:45:00+09:00,USDJPY,5m,160.07371335152612,160.0758348223325,160.05814573661075,160.0667415983855,0.008125713277367448
2026-06-08 20:50:00+09:00,USDJPY,5m,160.06580195705132,160.08000616278258,160.06228954495236,160.0675205846625,0.007806066259398831
2026-06-08 20:55:00+09:00,USDJPY,5m,160.06293913589886,160.07536907423662,160.04266127307335,160.06786519929895,0.009639809999436423
2026-06-08 21:00:00+09:00,USDJPY,5m,160.07460369588506,160.07900126449724,160.05780346437066,160.06720832452478,0.004620219655745021
2026-06-08 21:05:00+09:00,USDJPY,5m,160.0660067233845,160.09276512212722,160.0472108113363,160.06736622739183,0.01696050135983689
2026-06-08 21:10:00+09:00,USDJPY,5m,160.07384245424447,160.08213305062006,160.05425211261402,160.06767516044093,0.00827656211650946
2026-06-08 21:15:00+09:00,USDJPY,5m,160.06363732210318,160.07557917404273,160.04873210140616,160.06836924986405,0.009202691970305214
2026-06-08 21:20:00+09:00,USDJPY,5m,160.05940616070444,160.08288321239547,160.05643623360143,160.069327574276,0.018092983028638605
2026-06-08 21:25:00+09:00,USDJPY,5m,160.06863770161894,160.0982631011169,160.06155502874358,160.0687285177609,0.010939228653137085
2026-06-08 21:30:00+09:00,USDJPY,5m,160.06025656838702,160.08899409313565,160.05767825304022,160.06825200325417,0.011796570368315534
2026-06-08 21:35:00+09:00,USDJPY,5m,160.07259497564934,160.082911480199,160.05780599237687,160.06750745653883,0.019216966245987774
2026-06-08 21:40:00+09:00,USDJPY,5m,160.06289854734476,160.07654050746078,160.05167656081235,160.06737704462336,0.017961074896609808
2026-06-08 21:45:00+09:00,USDJPY,5m,160.0665397725801,160.09732127958011,160.04620976506237,160.06766685964803,0.0050504007599919114
2026-06-08 21:50:00+09:00,USDJPY,5m,160.06000993165983,160.09379048558958,160.05667410848434,160.068269260358,0.010517870538525893
2026-06-08 21:55:00+09:00,USDJPY,5m,160.06396687471275,160.08027062230508,160.06293194136128,160.0682336897438,0.01948333209371382
2026-06-08 22:00:00+09:00,USDJPY,5m,160.07368158609503,160.07480349862288,160.05007834712325,160.06805178122985,0.00870259336811485
2026-06-08 22:05:00+09:00,USDJPY,5m,160.0611845942632,160.07456847495962,160.0480088487912,160.06815283602518,0.008688315953291602
2026-06-08 22:10:00+09:00,USDJPY,5m,160.07060494150673,160.07567120402183,160.03858998793416,160.0676617502842,0.005510544172204779
2026-06-08 22:15:00+09:00,USDJPY,5m,160.0772739905733,160.0884446881076,160.04918870343988,160.06892547351723,0.004057816054144254
2026-06-08 22:20:00+09:00,USDJPY,5m,160.07156761209612,160.0961899624311,160.05119156291653,160.06797087690097,0.015325486233607674
2026-06-08 22:25:00+09:00,USDJPY,5m,160.07431215503414,160.08551030694844,160.04875668060086,160.0680917212483,0.0158605484366273
2026-06-08 22:30:00+09:00,USDJPY,5m,160.0614953175659,160.09538952204124,160.0411183692333,160.06931588497983,0.019442233343053998
2026-06-08 22:35:00+09:00,USDJPY,5m,160.06434460140662,160.08547713038308,160.04362051124653,160.06932996488658,0.015921527796296533
2026-06-08 22:40:00+09:00,USDJPY,5m,160.07711671851038,160.09194053010975,160.05615147313148,160.06922594146556,0.006380344892604777
2026-06-08 22:45:00+09:00,USDJPY,5m,160.07332358648426,160.09231829264405,160.05809011512048,160.0690214742119,0.0027220984091932783
2026-06-08 22:50:00+09:00,USDJPY,5m,160.0717143157304,160.07827233185043,160.05735739889369,160.06892323920283,0.019737872918653886
2026-06-08 22:55:00+09:00,USDJPY,5m,160.07303228301006,160.08378734976202,160.05214642229473,160.06975694828762,0.008128112519784904
2026-06-08 23:00:00+09:00,USDJPY,5m,160.06672384222693,160.08937238505428,160.04483859486012,160.06843983114084,0.007615487763783574
2026-06-08 23:05:00+09:00,USDJPY,5m,160.06026102399397,160.07613730656624,160.05178941118206,160.06936989136162,0.018307193775488888
2026-06-08 23:10:00+09:00,USDJPY,5m,160.07421434791155,160.0825640217642,160.06183060717441,160.06852551707013,0.012531798173809752
2026-06-08 23:15:00+09:00,USDJPY,5m,160.0719497903969,160.08674551232963,160.04528600816158,160.0683755256726,0.005867681129284423
2026-06-08 23:20:00+09:00,USDJPY,5m,160.0675840683027,160.09803359134654,160.04297872580366,160.06812797902043,0.018003732368892314
2026-06-08 23:25:00+09:00,USDJPY,5m,160.07648630328964,160.08535445004784,160.05625366435427,160.06849111098228,0.01988049539098538
2026-06-08 23:30:00+09:00,USDJPY,5m,160.06426542967088,160.09294365529902,160.04593909288909,160.06754223637117,0.0035602141007149532
2026-06-08 23:35:00+09:00,USDJPY,5m,160.06371597485543,160.08363122209747,160.05216474244443,160.0678295399708,0.017520529309444772
2026-06-08 23:40:00+09:00,USDJPY,5m,160.07651005224636,160.09396389381027,160.04182614185157,160.06905412574477,0.009029282558319092
2026-06-08 23:45:00+09:00,USDJPY,5m,160.0741859744372,160.0881315913825,160.042115582388,160.068246221342,0.01143330403712068
2026-06-08 23:50:00+09:00,USDJPY,5m,160.06866964125555,160.09553493108015,160.05023424508485,160.0683700450426,0.01846668756376966
2026-06-08 23:55:00+09:00,USDJPY,5m,160.06059755052507,160.08325641954468,160.04569521709058,160.06798285573592,0.01952082552395211
2026-06-09 00:00:00+09:00,USDJPY,5m,160.06254981748893,160.08835599855516,160.04116464553408,160.06824838805963,0.00671895038735839
2026-06-09 00:05:00+09:00,USDJPY,5m,160.07139443653426,160.08902034374154,160.05087695147412,160.06826987672608,0.005831313877278449
2026-06-09 00:10:00+09:00,USDJPY,5m,160.06559580933745,160.08332955812566,160.05506371606842,160.06789498458065,0.003449298054647214
2026-06-09 00:15:00+09:00,USDJPY,5m,160.0749271717849,160.07680550904377,160.04435605450385,160.06819770795158,0.012112361347918486
2026-06-09 00:20:00+09:00,USDJPY,5m,160.0782894170041,160.07662930199027,160.05878866044782,160.06929031681744,0.002244879118112029
2026-06-09 00:25:00+09:00,USDJPY,5m,160.0752985130479,160.0746025633074,160.05447249584225,160.0691857745424,0.00941416935697886
2026-06-09 00:30:00+09:00,USDJPY,5m,160.0671785377676,160.09646598591382,160.04298444838003,160.0696276293077,0.003320912299736154
2026-06-09 00:35:00+09:00,USDJPY,5m,160.0746353941176,160.07977353833894,160.04575110702623,160.06886166553298,0.009294064092728012
2026-06-09 00:40:00+09:00,USDJPY,5m,160.0653266371763,160.07858547243893,160.0532025285757,160.06829780370688,0.0027187794067809667
2026-06-09 00:45:00+09:00,USDJPY,5m,160.06193324922893,160.09199213248428,160.05822263491342,160.06859124747362,0.017033910690957842
2026-06-09 00:50:00+09:00,USDJPY,5m,160.06015958118803,160.0824921199179,160.05559250731991,160.06949171709073,0.005775301890894187
2026-06-09 00:55:00+09:00,USDJPY,5m,160.06742941935522,160.0873662024103,160.05761248136932,160.0697150851,0.007909556786442416
2026-06-09 01:00:00+09:00,USDJPY,5m,160.07760843635563,160.07860002691413,160.0601350180831,160.06953725028168,0.017660863938915056
2026-06-09 01:05:00+09:00,USDJPY,5m,160.06432655688005,160.0985404681615,160.04596350228582,160.06954682512495,0.015432789103979693
2026-06-09 01:10:00+09:00,USDJPY,5m,160.06293684378315,160.095096115485,160.05750483331332,160.06880658048456,0.005942690509557053
2026-06-09 01:15:00+09:00,USDJPY,5m,160.0785757053852,160.0957740302545,160.05282510292616,160.06917928968036,0.003294189535834929
2026-06-09 01:20:00+09:00,USDJPY,5m,160.06021877177477,160.08488803323206,160.05507220334687,160.06971868951777,0.014882127983396113
2026-06-09 01:25:00+09:00,USDJPY,5m,160.07517307832595,160.09351646566074,160.03990550085217,160.06945743531807,0.009032645912385968
2026-06-09 01:30:00+09:00,USDJPY,5m,160.06561280914423,160.07778231391416,160.0544081039257,160.0691854100294,0.015789439984127983
2026-06-09 01:35:00+09:00,USDJPY,5m,160.06010469610462,160.07457041203202,160.0623553748973,160.06935493696722,0.010015305902753789
2026-06-09 01:40:00+09:00,USDJPY,5m,160.07745895592979,160.07460222844003,160.06185726131127,160.0691029051256,0.008228043433500976
2026-06-09 01:45:00+09:00,USDJPY,5m,160.061866072161,160.0887382689919,160.04930438252296,160.0690732255568,0.010121697347823139
2026-06-09 01:50:00+09:00,USDJPY,5m,160.07137864430481,160.0867279312615,160.05035896983685,160.0703430586303,0.015474061742072182
2026-06-09 01:55:00+09:00,USDJPY,5m,160.06568592735846,160.08815522693257,160.0547358684478,160.07020484320986,0.018239965157726738
2026-06-09 02:00:00+09:00,USDJPY,5m,160.06130369516234,160.07518641762908,160.05420374681086,160.06999983911865,0.0028958095385943597
2026-06-09 02:05:00+09:00,USDJPY,5m,160.06061976374852,160.0851884795267,160.06327299946423,160.06962131403526,0.011434007742085193
2026-06-09 02:10:00+09:00,USDJPY,5m,160.06238896319488,160.09302953324817,160.05216416645843,160.07007782921815,0.002591037723509797
2026-06-09 02:15:00+09:00,USDJPY,5m,160.06140643499202,160.0860464372634,160.0523606078297,160.06997909471423,0.010431371810438458
2026-06-09 02:20:00+09:00,USDJPY,5m,160.07481063320162,160.09290495104904,160.0608607379273,160.06959947089123,0.017935090923744207
2026-06-09 02:25:00+09:00,USDJPY,5m,160.07011357735627,160.0812277274205,160.06280626865782,160.0704022533106,0.008508624795565575
2026-06-09 02:30:00+09:00,USDJPY,5m,160.06812185694028,160.09659256522536,160.06317470284833,160.07126401511331,0.01878410757945158
2026-06-09 02:35:00+09:00,USDJPY,5m,160.0692811391765,160.0906245419852,160.06338805481158,160.07091376097387,0.01335095248971097
2026-06-09 02:40:00+09:00,USDJPY,5m,160.07838277171453,160.08007291448882,160.04956113211463,160.06980383700306,0.018814796188274113
2026-06-09 02:45:00+09:00,USDJPY,5m,160.07863338147172,160.0813363571133,160.06050627890687,160.07041834521695,0.015628999257425356
2026-06-09 02:50:00+09:00,USDJPY,5m,160.07433109692394,160.09071832893574,160.0587318135168,160.07001756732149,0.0038618329996777216
2026-06-09 02:55:00+09:00,USDJPY,5m,160.07819559022943,160.0962504325113,160.06116263907722,160.070501942681,0.006160724616128188
2026-06-09 03:00:00+09:00,USDJPY,5m,160.06572284094213,160.0847205749411,160.04038399777914,160.06932988039037,0.009095068182503111
2026-06-09 03:05:00+09:00,USDJPY,5m,160.06749762531354,160.08133294952154,160.04351000221456,160.06987543879336,0.005061923876217369
2026-06-09 03:10:00+09:00,USDJPY,5m,160.07143297927286,160.09583402580853,160.058396364702,160.06915873563577,0.01090840888597989
2026-06-09 03:15:00+09:00,USDJPY,5m,160.07207971305317,160.091338901401,160.05641803675917,160.06960719410722,0.010484626802626832
2026-06-09 03:20:00+09:00,USDJPY,5m,160.06925975470818,160.08582789513,160.0593784368903,160.06962575794793,0.019212665564492866
2026-06-09 03:25:00+09:00,USDJPY,5m,160.06707655126505,160.08626089917826,160.05176649530975,160.06906339429628,0.0098071018921276
2026-06-09 03:30:00+09:00,USDJPY,5m,160.0785527787407,160.07893558420693,160.06333890919666,160.06882917250852,0.016141282477183962
2026-06-09 03:35:00+09:00,USDJPY,5m,160.07567343610506,160.08992102933433,160.0474667633603,160.0692509635827,0.018954389807326638
2026-06-09 03:40:00+09:00,USDJPY,5m,160.06802410421233,160.08329306301815,160.05124554650914,160.06932450025457,0.01778579895753174
2026-06-09 03:45:00+09:00,USDJPY,5m,160.07423099758765,160.0995762774597,160.0422191748353,160.06968514804285,0.005756017241208653
2026-06-09 03:50:00+09:00,USDJPY,5m,160.0662722462586,160.08788560027511,160.06177119528536,160.07088101239356,0.010928538096563798
2026-06-09 03:55:00+09:00,USDJPY,5m,160.06195585395128,160.08709960758128,160.044849736275,160.06995246742653,0.008259316081326663
2026-06-09 04:00:00+09:00,USDJPY,5m,160.0679814154826,160.0900790896568,160.04613376960987,160.07093279497153,0.009197456512469879
2026-06-09 04:05:00+09:00,USDJPY,5m,160.0690648645365,160.098924308612,160.0628258788036,160.07100540853403,0.008494522872423523
2026-06-09 04:10:00+09:00,USDJPY,5m,160.06080688059626,160.09549659060156,160.05551215750145,160.07047613810505,0.016874465783150078
2026-06-09 04:15:00+09:00,USDJPY,5m,160.07598378996232,160.08596620167455,160.060434133901,160.0696879499296,0.010138502992204056
2026-06-09 04:20:00+09:00,USDJPY,5m,160.0667683457429,160.09255195934443,160.05821646518368,160.06958447769512,0.011426497980404389
2026-06-09 04:25:00+09:00,USDJPY,5m,160.07175583107787,160.0898033552318,160.0585663133915,160.07014746776227,0.019684052426847343
2026-06-09 04:30:00+09:00,USDJPY,5m,160.06156020203548,160.0873901145076,160.05117502843942,160.07008093829006,0.0030796268994472964
2026-06-09 04:35:00+09:00,USDJPY,5m,160.0644975678232,160.0808055255678,160.05571235795418,160.0709976312482,0.010783237516233479
2026-06-09 04:40:00+09:00,USDJPY,5m,160.0779308003407,160.08673533242055,160.041443605734,160.07013692583416,0.015933110725030092
2026-06-09 04:45:00+09:00,USDJPY,5m,160.07231342302313,160.08128513714104,160.0619804189168,160.07013967246547,0.004720915247388078
2026-06-09 04:50:00+09:00,USDJPY,5m,160.07840391740223,160.0972692901451,160.04005593302756,160.06939823639883,0.013007568703065932
2026-06-09 04:55:00+09:00,USDJPY,5m,160.07960141621624,160.08301158586582,160.05886044952305,160.0696264155284,0.006310366031620402
2026-06-09 05:00:00+09:00,USDJPY,5m,160.0676057502691,160.0989751483258,160.0458466995529,160.07016854796245,0.01761327403804222
2026-06-09 05:05:00+09:00,USDJPY,5m,160.0659021521679,160.0882524731386,160.05645184273192,160.06992609088624,0.007887793977201428
2026-06-09 05:10:00+09:00,USDJPY,5m,160.07554068367546,160.08916217203918,160.05979652768684,160.06837356257228,0.007923130704216373
2026-06-09 05:15:00+09:00,USDJPY,5m,160.0784751600011,160.08707644257257,160.04205570182918,160.06850293146033,0.012767489813322085
2026-06-09 05:20:00+09:00,USDJPY,5m,160.07136779927603,160.07700949001554,160.05605345211046,160.06877497459138,0.005304132346158357
2026-06-09 05:25:00+09:00,USDJPY,5m,160.07493036589457,160.08342308191956,160.04755616633867,160.06902755144435,0.007127995500255099
2026-06-09 05:30:00+09:00,USDJPY,5m,160.07541393793576,160.0772576735664,160.05061792863228,160.06977902075946,0.009499373302149408
2026-06-09 05:35:00+09:00,USDJPY,5m,160.06625318271605,160.08972023965626,160.0523524808169,160.06914638855167,0.008365481536521988
2026-06-09 05:40:00+09:00,USDJPY,5m,160.0710499258201,160.08573637309496,160.05216903139873,160.06956451821495,0.011447789924100485
2026-06-09 05:45:00+09:00,USDJPY,5m,160.0769511615477,160.0947396470117,160.04698407487012,160.07029002272242,0.012793522593241393
2026-06-09 05:50:00+09:00,USDJPY,5m,160.07299514769724,160.079744632197,160.06203854731893,160.06923287017202,0.012200014167502963
2026-06-09 05:55:00+09:00,USDJPY,5m,160.0598579375472,160.0785488127283,160.04773014471863,160.06943466126756,0.013775029615854782
2026-06-09 06:00:00+09:00,USDJPY,5m,160.06587626674693,160.08430045914307,160.04174685083402,160.06914215336897,0.007539491298940765
2026-06-09 06:05:00+09:00,USDJPY,5m,160.06199275369698,160.09726787434556,160.0626585348396,160.0691032397651,0.004275672088790506
2026-06-09 06:10:00+09:00,USDJPY,5m,160.0639812898968,160.09208239103054,160.06080551217437,160.06932184565522,0.015694535745759387
2026-06-09 06:15:00+09:00,USDJPY,5m,160.0771492980666,160.0845125991366,160.0461237100992,160.06903950851677,0.017314046887352278
2026-06-09 06:20:00+09:00,USDJPY,5m,160.05938194944747,160.0865758879131,160.05271204246313,160.06864408366926,0.006626112180003781
2026-06-09 06:25:00+09:00,USDJPY,5m,160.063070589359,160.0757799003992,160.05358585959942,160.06867457511976,0.009327655210844357
2026-06-09 06:30:00+09:00,USDJPY,5m,160.06422361460122,160.09764662496585,160.05960806169284,160.06803222755644,0.010974245905343996
2026-06-09 06:35:00+09:00,USDJPY,5m,160.06972841391843,160.0890509150965,160.04972148146118,160.0673907324791,0.011599883169552856
2026-06-09 06:40:00+09:00,USDJPY,5m,160.06849039025062,160.07994345816047,160.05964472366898,160.0678083564489,0.013870823079577734
2026-06-09 06:45:00+09:00,USDJPY,5m,160.06149446968487,160.08677428988318,160.05021356862002,160.0671290800278,0.0027488582003957845
2026-06-09 06:50:00+09:00,USDJPY,5m,160.0608236888728,160.07527592668006,160.04344848505428,160.06753886752833,0.014986587489212307
2026-06-09 06:55:00+09:00,USDJPY,5m,160.06256238299596,160.09697233902423,160.05636981335687,160.06782642230405,0.003115478125629385
2026-06-09 07:00:00+09:00,USDJPY,5m,160.0668515308008,160.07617056296385,160.04978128406228,160.06680093826677,0.010429194218111622
2026-06-09 07:05:00+09:00,USDJPY,5m,160.06182795518959,160.08760515742676,160.03660400024046,160.06640439947537,0.016898080440245496
2026-06-09 07:10:00+09:00,USDJPY,5m,160.07608291514936,160.07826722668068,160.04496460453336,160.0671308651172,0.010121875639011133
2026-06-09 07:15:00+09:00,USDJPY,5m,160.06582947022707,160.0894912003647,160.04051824651586,160.0665521657985,0.00468361547782846
2026-06-09 07:20:00+09:00,USDJPY,5m,160.05745944357201,160.09070405742213,160.0509123330771,160.0662835232411,0.019730609210107275
2026-06-09 07:25:00+09:00,USDJPY,5m,160.07115608789383,160.08840625299987,160.04237423669892,160.06657075977708,0.01800713831733674
2026-06-09 07:30:00+09:00,USDJPY,5m,160.06362769984682,160.087413280589,160.0610380647591,160.06705079408263,0.015883645398050254
2026-06-09 07:35:00+09:00,USDJPY,5m,160.0699796493922,160.09422159809984,160.05883709118748,160.06690987075103,0.009407208852185787
2026-06-09 07:40:00+09:00,USDJPY,5m,160.06215325204465,160.07352703240895,160.0564845998112,160.0665613646342,0.00530922308400736
2026-06-09 07:45:00+09:00,USDJPY,5m,160.06883966138588,160.08069765569573,160.05237598843584,160.06742478655121,0.018945401265533027
2026-06-09 07:50:00+09:00,USDJPY,5m,160.07392117644565,160.07968531334026,160.04233450439136,160.0684781263495,0.011582320277308503
2026-06-09 07:55:00+09:00,USDJPY,5m,160.07763561601544,160.0987757902316,160.05541878991028,160.06907544117996,0.017342398286974734
2026-06-09 08:00:00+09:00,USDJPY,5m,160.06435917495418,160.0838713765572,160.04777110222764,160.06913663206552,0.008157710103669665
2026-06-09 08:05:00+09:00,USDJPY,5m,160.0653588116525,160.09197699011352,160.04592881526244,160.06866167263252,0.008035189707430472
2026-06-09 08:10:00+09:00,USDJPY,5m,160.0674587343943,160.09029153508564,160.0485188471364,160.0681734059886,0.019739728652132707
2026-06-09 08:15:00+09:00,USDJPY,5m,160.07704041120647,160.07879894538868,160.0545658652475,160.06849691445174,0.011392994872907297
2026-06-09 08:20:00+09:00,USDJPY,5m,160.0767856905205,160.07973289538955,160.04933161984144,160.06875795338428,0.004532517629493434
2026-06-09 08:25:00+09:00,USDJPY,5m,160.06140647814206,160.0816410266289,160.0560522727203,160.06960891254005,0.005954144203904734
2026-06-09 08:30:00+09:00,USDJPY,5m,160.06264777911065,160.08528736455207,160.06291233913177,160.07000918259558,0.010674997029068975
2026-06-09 08:35:00+09:00,USDJPY,5m,160.06902751796113,160.0799754610558,160.0392972349599,160.06911733441453,0.002764476388791404
2026-06-09 08:40:00+09:00,USDJPY,5m,160.06189088844124,160.07524979005382,160.0615789416443,160.06975850298514,0.01032561173680941
2026-06-09 08:45:00+09:00,USDJPY,5m,160.06608128407572,160.09615449302893,160.06236095701286,160.06916966660876,0.009540935157442297
2026-06-09 08:50:00+09:00,USDJPY,5m,160.06191699140996,160.09808952963013,160.0419860151154,160.0689492838456,0.016028052775750767
2026-06-09 08:55:00+09:00,USDJPY,5m,160.07183021107198,160.08264866364513,160.05656353744703,160.06910940396935,0.008388955360806354
2026-06-09 09:00:00+09:00,USDJPY,5m,160.079306713098,160.08377947644885,160.04905938011137,160.0703168044632,0.01968587770771279
2026-06-09 09:05:00+09:00,USDJPY,5m,160.0821274310027,160.07737005091616,160.05896761235525,160.0721927555968,0.0052538585474162566
2026-06-09 09:10:00+09:00,USDJPY,5m,160.07007161208224,160.09457305664057,160.05778043266244,160.0725667894323,0.012637760329426428
2026-06-09 09:15:00+09:00,USDJPY,5m,160.07444712420337,160.0981028688548,160.06091404716065,160.07246687146107,0.0036145873461485836
2026-06-09 09:20:00+09:00,USDJPY,5m,160.07992292792062,160.08146278235915,160.0592214747053,160.07279757485014,0.015209551711891678
2026-06-09 09:25:00+09:00,USDJPY,5m,160.06568940956163,160.08233182683986,160.05807265809102,160.0733401681057,0.019905566385115488
2026-06-09 09:30:00+09:00,USDJPY,5m,160.07694905575138,160.09790984877964,160.05014736580304,160.07315776753035,0.01674449547952938
2026-06-09 09:35:00+09:00,USDJPY,5m,160.0724217675784,160.09465216305273,160.056456489488,160.07424489434388,0.012002663732965425
2026-06-09 09:40:00+09:00,USDJPY,5m,160.068515860005,160.08051445074008,160.0458038063705,160.0743929367994,0.010725344433194457
2026-06-09 09:45:00+09:00,USDJPY,5m,160.0727566550278,160.0952652574144,160.0686545728069,160.07470158265286,0.017030539302803245
2026-06-09 09:50:00+09:00,USDJPY,5m,160.0666303429434,160.08783408027517,160.0575344291383,160.0751111372041,0.018847533524793042
2026-06-09 09:55:00+09:00,USDJPY,5m,160.07928223214225,160.08959221805722,160.05576846944965,160.07537408917045,0.01980571746436568
2026-06-09 10:00:00+09:00,USDJPY,5m,160.07094230684572,160.1001307389282,160.0478825288189,160.07588745347076,0.009137706096160715
2026-06-09 10:05:00+09:00,USDJPY,5m,160.0717552144597,160.10080048137561,160.06929813846827,160.0755271015588,0.019836514546301226
2026-06-09 10:10:00+09:00,USDJPY,5m,160.06762374647127,160.09021103617744,160.05586463088306,160.07520212050645,0.004806672539128967
2026-06-09 10:15:00+09:00,USDJPY,5m,160.08184521024447,160.10323085136682,160.04821127975347,160.07455202796666,0.0065638959667743664
2026-06-09 10:20:00+09:00,USDJPY,5m,160.07469461429068,160.08998729665385,160.06377753550206,160.07482572870504,0.003602290245210132
2026-06-09 10:25:00+09:00,USDJPY,5m,160.0767460281629,160.0995989914879,160.04839578189404,160.07530309060715,0.00689129329672067
2026-06-09 10:30:00+09:00,USDJPY,5m,160.07697640798875,160.09268468594095,160.07011166909498,160.07558775432685,0.0158228759291242
2026-06-09 10:35:00+09:00,USDJPY,5m,160.07481231207765,160.1040407579499,160.0532910840585,160.07660244978683,0.017352638447212097
2026-06-09 10:40:00+09:00,USDJPY,5m,160.0704596904843,160.1043031232668,160.04828126164634,160.07660909217554,0.016020067611846295
2026-06-09 10:45:00+09:00,USDJPY,5m,160.08192299213889,160.08420575736568,160.0555903956279,160.0770203371689,0.013359184007018535
2026-06-09 10:50:00+09:00,USDJPY,5m,160.06891644195036,160.10478764992595,160.0603995855437,160.0763753166432,0.011251397225407621
2026-06-09 10:55:00+09:00,USDJPY,5m,160.06823053262733,160.10179142785975,160.0700310314099,160.07615305682174,0.014756677205845638
2026-06-09 11:00:00+09:00,USDJPY,5m,160.0807832802282,160.1013631473341,160.0485775341432,160.07658037947627,0.009035003886809993
2026-06-09 11:05:00+09:00,USDJPY,5m,160.07127658115178,160.08712262423487,160.06034243517544,160.07709984074273,0.017143550326994633
2026-06-09 11:10:00+09:00,USDJPY,5m,160.07306891560117,160.10206144079297,160.07120854196572,160.0769334605741,0.01418942169158214
2026-06-09 11:15:00+09:00,USDJPY,5m,160.07640505036304,160.10315381939014,160.05465497423978,160.076900501023,0.014560484572899355
2026-06-09 11:20:00+09:00,USDJPY,5m,160.0749868031096,160.08822853513635,160.0589538454356,160.075999776775,0.011646847876323283
2026-06-09 11:25:00+09:00,USDJPY,5m,160.07996714175582,160.10460206121357,160.06768692631846,160.07579555925452,0.01793412171580111
2026-06-09 11:30:00+09:00,USDJPY,5m,160.0788084250215,160.0825862928126,160.06598299391987,160.07633978915263,0.006536265206222945
2026-06-09 11:35:00+09:00,USDJPY,5m,160.0795828354079,160.08544264349345,160.07008264515088,160.07669491216228,0.008860657760498915
2026-06-09 11:40:00+09:00,USDJPY,5m,160.08128639820822,160.0954448400464,160.0576479731024,160.07700531159512,0.015997566254198403
2026-06-09 11:45:00+09:00,USDJPY,5m,160.0728974303559,160.09643998758548,160.05649443882612,160.07704517580743,0.010869480130328079
2026-06-09 11:50:00+09:00,USDJPY,5m,160.07350607993862,160.09818816578513,160.05941585624373,160.0770594137026,0.018005852241635437
2026-06-09 11:55:00+09:00,USDJPY,5m,160.07543317597683,160.08209744925182,160.05124566769385,160.07667322101892,0.008235187755731344
2026-06-09 12:00:00+09:00,USDJPY,5m,160.0732517615317,160.1061116874366,160.05057729753833,160.07710251807103,0.008647943038753606
2026-06-09 12:05:00+09:00,USDJPY,5m,160.0870638592171,160.083479804156,160.05697449192058,160.07736510183767,0.017997244208959255
2026-06-09 12:10:00+09:00,USDJPY,5m,160.08395135167493,160.08624686196458,160.0723514011538,160.07767031314648,0.01035866576327674
2026-06-09 12:15:00+09:00,USDJPY,5m,160.070657786006,160.08271505517902,160.05498395084717,160.07736469224088,0.011290242515644762
2026-06-09 12:20:00+09:00,USDJPY,5m,160.06619456960658,160.0952541473213,160.06063270606595,160.07608268648895,0.00798974687604223
2026-06-09 12:25:00+09:00,USDJPY,5m,160.06760664348093,160.105057650214,160.05761204103533,160.076750978116,0.006980058959223475
2026-06-09 12:30:00+09:00,USDJPY,5m,160.07135494466326,160.0981223547944,160.05524666059193,160.0764736756424,0.013807076795091057
2026-06-09 12:35:00+09:00,USDJPY,5m,160.06825183590072,160.101532446896,160.0622100948258,160.07596601018398,0.00415713190774167
2026-06-09 12:40:00+09:00,USDJPY,5m,160.07705885982895,160.08172412761758,160.04846463490182,160.0763920975311,0.017826907541292368
2026-06-09 12:45:00+09:00,USDJPY,5m,160.0833267944017,160.09471727240916,160.06781751827842,160.07616688994716,0.016025656461771943
2026-06-09 12:50:00+09:00,USDJPY,5m,160.08154785619584,160.09330192621522,160.05502505659555,160.0768128517776,0.00543346874670445
2026-06-09 12:55:00+09:00,USDJPY,5m,160.071505236609,160.09466725395288,160.07208406584843,160.07719305534735,0.014492359024842178
2026-06-09 13:00:00+09:00,USDJPY,5m,160.07559918206178,160.08441852657464,160.04949691930614,160.07761319694126,0.012847392583141428
2026-06-09 13:05:00+09:00,USDJPY,5m,160.07696150770516,160.09891450754128,160.06899102018357,160.07680362351454,0.005321630913259595
2026-06-09 13:10:00+09:00,USDJPY,5m,160.08374490689584,160.09512130027724,160.0701686841521,160.07754078990578,0.006917663108904185
2026-06-09 13:15:00+09:00,USDJPY,5m,160.08448997228663,160.10183626147105,160.06438234939822,160.0777075402245,0.00936175706720902
2026-06-09 13:20:00+09:00,USDJPY,5m,160.0856903401791,160.09462823979248,160.06315681678998,160.07749597394096,0.014586369234418532
2026-06-09 13:25:00+09:00,USDJPY,5m,160.07777691203142,160.08632654792703,160.0672345052133,160.07759200702137,0.013497021358706108
2026-06-09 13:30:00+09:00,USDJPY,5m,160.08042176081034,160.09774268973356,160.05690822435844,160.07653626588163,0.011580227258180564
2026-06-09 13:35:00+09:00,USDJPY,5m,160.0690274649932,160.08610111662117,160.06071860511747,160.07679145756853,0.01583138977605262
2026-06-09 13:40:00+09:00,USDJPY,5m,160.07748961386267,160.10299369874747,160.07032944493756,160.0761838346636,0.015642879312910987
2026-06-09 13:45:00+09:00,USDJPY,5m,160.07035606868152,160.09571013846883,160.06239093093572,160.0753822324921,0.013121464773120607
2026-06-09 13:50:00+09:00,USDJPY,5m,160.0731131546809,160.08340891406928,160.04921799414103,160.07447881698036,0.016165821500926856
2026-06-09 13:55:00+09:00,USDJPY,5m,160.0778374401715,160.1042148814424,160.0529138916338,160.07515643000536,0.008016740746025767
2026-06-09 14:00:00+09:00,USDJPY,5m,160.06992859072625,160.09274800855255,160.05166710062966,160.07478887196916,0.017862491509806906
2026-06-09 14:05:00+09:00,USDJPY,5m,160.06676280975105,160.0825415698919,160.05326618549302,160.0757191085951,0.013068381544434935
2026-06-09 14:10:00+09:00,USDJPY,5m,160.06561230484544,160.09607845032767,160.06263330218272,160.07540762771728,0.01680254324862375
2026-06-09 14:15:00+09:00,USDJPY,5m,160.0648364036536,160.08572318561804,160.06690161489078,160.0743932129427,0.011833023886225112
2026-06-09 14:20:00+09:00,USDJPY,5m,160.063900293029,160.09882563457566,160.0619216186779,160.07373329827874,0.005931888409796247
2026-06-09 14:25:00+09:00,USDJPY,5m,160.0666918863819,160.0999303370899,160.0486901527461,160.07448478525075,0.011763382316209556
2026-06-09 14:30:00+09:00,USDJPY,5m,160.0691910206354,160.10387493024035,160.04488947639942,160.074401246344,0.008680009947978587
2026-06-09 14:35:00+09:00,USDJPY,5m,160.06850670424976,160.09162901224173,160.05673609859755,160.0740822739661,0.014554982648667702
2026-06-09 14:40:00+09:00,USDJPY,5m,160.0839242167852,160.0905622068948,160.06894577602853,160.0741882849016,0.010564288251225245
2026-06-09 14:45:00+09:00,USDJPY,5m,160.07061947664747,160.09833624467944,160.06599823423994,160.0744993545433,0.01705003048869838
2026-06-09 14:50:00+09:00,USDJPY,5m,160.06772820950005,160.0834915602414,160.06212777944995,160.07517979383286,0.0142053052217945
2026-06-09 14:55:00+09:00,USDJPY,5m,160.07697014425412,160.0947317812156,160.05659425965595,160.07605889337077,0.014321799794563833
2026-06-09 15:00:00+09:00,USDJPY,5m,160.08301218129128,160.0945092221866,160.0689756910382,160.07585303218332,0.00590879600283917
2026-06-09 15:05:00+09:00,USDJPY,5m,160.07862861110743,160.08230423164193,160.04648347110393,160.07506740357167,0.01971649579684323
2026-06-09 15:10:00+09:00,USDJPY,5m,160.0707509662577,160.09027892661265,160.06070223264288,160.074829324475,0.0171501537668868
2026-06-09 15:15:00+09:00,USDJPY,5m,160.07622781597476,160.1013276127431,160.0471808873308,160.07499549277892,0.016202087922092503
2026-06-09 15:20:00+09:00,USDJPY,5m,160.07872435690723,160.10083107797308,160.0499141923543,160.0744272374232,0.007943874052880495
2026-06-09 15:25:00+09:00,USDJPY,5m,160.07842503672163,160.08134388849726,160.0499770150614,160.07386294687427,0.011641369751250175
2026-06-09 15:30:00+09:00,USDJPY,5m,160.07740998870915,160.0813472416719,160.05391123010864,160.0740792196032,0.0044678573853379165
2026-06-09 15:35:00+09:00,USDJPY,5m,160.08147623668776,160.0856274151173,160.05339043276598,160.07406002819226,0.011692567579928708
2026-06-09 15:40:00+09:00,USDJPY,5m,160.0814918155564,160.10095885795337,160.05313962550912,160.07408970638951,0.004626006436699172
2026-06-09 15:45:00+09:00,USDJPY,5m,160.07522334037682,160.0818671738155,160.05292657451304,160.07364460918868,0.011954681191812823
2026-06-09 15:50:00+09:00,USDJPY,5m,160.07211349614238,160.09651628882582,160.0546731629752,160.07351636876015,0.013676993842788303
2026-06-09 15:55:00+09:00,USDJPY,5m,160.0758032347849,160.08050096936392,160.0433114784115,160.0729718288736,0.009023527410498243
2026-06-09 16:00:00+09:00,USDJPY,5m,160.07988018794768,160.09409439426398,160.05020868373464,160.07351594792027,0.010973807809963279
2026-06-09 16:05:00+09:00,USDJPY,5m,160.06426013961794,160.0880487799991,160.0497234378113,160.07414709752112,0.017761760978142548
2026-06-09 16:10:00+09:00,USDJPY,5m,160.08288932498405,160.09777223387792,160.04623781442666,160.07304938480377,0.003954136604650569
2026-06-09 16:15:00+09:00,USDJPY,5m,160.06615955373425,160.0833439395083,160.0621106842195,160.07250167828767,0.016251192073993753
2026-06-09 16:20:00+09:00,USDJPY,5m,160.0710187404478,160.09259380646935,160.06451865675723,160.0716137607346,0.005073581917931535
2026-06-09 16:25:00+09:00,USDJPY,5m,160.0786743410708,160.08212580973836,160.054161385459,160.07123374637396,0.0026607436904833113
2026-06-09 16:30:00+09:00,USDJPY,5m,160.06569449157294,160.09403519066987,160.0533416662016,160.07119368359207,0.005340342849410861
2026-06-09 16:35:00+09:00,USDJPY,5m,160.06986980093825,160.09717584732428,160.0446043519615,160.07033389646026,0.015770777419468817
2026-06-09 16:40:00+09:00,USDJPY,5m,160.06244242417603,160.07796082555055,160.05369619109032,160.0697907805724,0.009292269320063481
2026-06-09 16:45:00+09:00,USDJPY,5m,160.0670999326569,160.095863298364,160.0499270805105,160.06919840614913,0.01770536930323128
2026-06-09 16:50:00+09:00,USDJPY,5m,160.06287547564264,160.08917214790714,160.05115599308394,160.06933276654678,0.011444735741280786
2026-06-09 16:55:00+09:00,USDJPY,5m,160.06665692812442,160.0775621354207,160.06342930355507,160.069384373149,0.002400506334673957
2026-06-09 17:00:00+09:00,USDJPY,5m,160.06643061495285,160.08464987700097,160.04858095820205,160.068961330617,0.014900844972834682
2026-06-09 17:05:00+09:00,USDJPY,5m,160.07894083893223,160.0780989304774,160.0433763409959,160.06907742314027,0.003984192356982189
2026-06-09 17:10:00+09:00,USDJPY,5m,160.0786556756756,160.09126811231118,160.0598219013876,160.06875941508952,0.01620883340231464
2026-06-09 17:15:00+09:00,USDJPY,5m,160.06090214759652,160.09257812538377,160.04874812867516,160.06860642202332,0.005025845896493241
2026-06-09 17:20:00+09:00,USDJPY,5m,160.07413986886408,160.07726540628434,160.04978022966634,160.0696204932775,0.008218034944499242
2026-06-09 17:25:00+09:00,USDJPY,5m,160.06146967950198,160.08808826622595,160.06133014580718,160.0704347699086,0.015702885733256487
2026-06-09 17:30:00+09:00,USDJPY,5m,160.06026886147316,160.09503064756709,160.06157843182316,160.06966502116643,0.019176164434575593
2026-06-09 17:35:00+09:00,USDJPY,5m,160.06227953850205,160.09857693665595,160.04067156204275,160.07017286061716,0.008685811111641184
2026-06-09 17:40:00+09:00,USDJPY,5m,160.07997941169003,160.0885076452184,160.05582671930853,160.07066969854986,0.016929203963580844
2026-06-09 17:45:00+09:00,USDJPY,5m,160.0788080115345,160.0987477211669,160.0593051973585,160.0699907405766,0.005434260778565098
2026-06-09 17:50:00+09:00,USDJPY,5m,160.06437056356845,160.08888423142423,160.06120889355148,160.07049200716284,0.01652923586364484
2026-06-09 17:55:00+09:00,USDJPY,5m,160.06465821302498,160.0862795286789,160.0497347234743,160.0714247663139,0.01383489306661252
2026-06-09 18:00:00+09:00,USDJPY,5m,160.06557194116047,160.09696631764396,160.05052510699696,160.07076123943014,0.005469383129822632
2026-06-09 18:05:00+09:00,USDJPY,5m,160.07053167761904,160.087545305499,160.04913193466285,160.07022073773754,0.007445071286325409
2026-06-09 18:10:00+09:00,USDJPY,5m,160.07223542725836,160.08763889738177,160.06364118392986,160.07084133461765,0.004371875994746649
2026-06-09 18:15:00+09:00,USDJPY,5m,160.06544610041294,160.0882720440394,160.0436758672167,160.07101423180416,0.008893406199157641
2026-06-09 18:20:00+09:00,USDJPY,5m,160.0764875733311,160.09752474261603,160.05662345764907,160.07135511756928,0.005665675540218994
2026-06-09 18:25:00+09:00,USDJPY,5m,160.06776053448718,160.09736800964134,160.05873523593837,160.07156947109914,0.013591963165348525
2026-06-09 18:30:00+09:00,USDJPY,5m,160.0802565151623,160.0869018884627,160.05525485247048,160.0718138886517,0.019901091875970056
2026-06-09 18:35:00+09:00,USDJPY,5m,160.07416245950384,160.08436050187146,160.05627635373102,160.0710280053747,0.0022161649355167544
2026-06-09 18:40:00+09:00,USDJPY,5m,160.07039341988474,160.08896459659965,160.0450769709202,160.07166639599868,0.011736556639171378
2026-06-09 18:45:00+09:00,USDJPY,5m,160.0781763900282,160.09169746273756,160.0441466256142,160.07237814999414,0.012325998755882176
2026-06-09 18:50:00+09:00,USDJPY,5m,160.07860880806862,160.0832089458134,160.05966418513646,160.0722505155477,0.018455758214254617
2026-06-09 18:55:00+09:00,USDJPY,5m,160.06804406148999,160.09708330649568,160.0456360341913,160.0722344293778,0.011108096025804877
2026-06-09 19:00:00+09:00,USDJPY,5m,160.06812005575298,160.0884878340196,160.04678768663794,160.07132576487626,0.011786625553608515
2026-06-09 19:05:00+09:00,USDJPY,5m,160.08036342080447,160.0849954564404,160.04337412592128,160.0716443177299,0.010489750423910996
2026-06-09 19:10:00+09:00,USDJPY,5m,160.06529237296218,160.07966807701902,160.06085379439025,160.07199755219492,0.006840277482106666
2026-06-09 19:15:00+09:00,USDJPY,5m,160.06281324592396,160.0829413665948,160.05254625883168,160.0719702375847,0.0030085243984804464
2026-06-09 19:20:00+09:00,USDJPY,5m,160.07173595605283,160.10138687889454,160.06079123498213,160.07265484960064,0.00935583827977705
2026-06-09 19:25:00+09:00,USDJPY,5m,160.0784886012669,160.08509189543253,160.04686204099994,160.07246440326205,0.002946646482332214
2026-06-09 19:30:00+09:00,USDJPY,5m,160.0782465289438,160.08203464905176,160.0676800620533,160.07281316681758,0.011908864450386521
2026-06-09 19:35:00+09:00,USDJPY,5m,160.08060198079264,160.08872818800575,160.0530908891422,160.07221136821437,0.007531285578361277
2026-06-09 19:40:00+09:00,USDJPY,5m,160.07287125021122,160.08488443050786,160.05872715114205,160.07220723692384,0.011604843227457702
2026-06-09 19:45:00+09:00,USDJPY,5m,160.06411391780043,160.07799160562587,160.05904553169214,160.07211262436908,0.00441734535911336
2026-06-09 19:50:00+09:00,USDJPY,5m,160.07403158860902,160.08533643955428,160.05113515102568,160.0722578091223,0.018787339383308475
2026-06-09 19:55:00+09:00,USDJPY,5m,160.0776140052521,160.09064880856351,160.04575898173218,160.07204609296502,0.01810138238389883
2026-06-09 20:00:00+09:00,USDJPY,5m,160.063843771813,160.0907700187081,160.05174732462277,160.0719772094076,0.005419937165641122
2026-06-09 20:05:00+09:00,USDJPY,5m,160.06593598573244,160.0863968107399,160.04615351324432,160.07248283771048,0.008181997099292179
2026-06-09 20:10:00+09:00,USDJPY,5m,160.06247659239125,160.08841334807445,160.06061585137113,160.07223077916814,0.013042869893335633
2026-06-09 20:15:00+09:00,USDJPY,5m,160.07314988449664,160.10041478086356,160.0532892865386,160.0712768329077,0.003722351731506313
2026-06-09 20:20:00+09:00,USDJPY,5m,160.0800712710891,160.08677029518097,160.05607316977353,160.0723365832502,0.008382220780090715
2026-06-09 20:25:00+09:00,USDJPY,5m,160.07658872201748,160.0846311260289,160.06788433320983,160.07317545569742,0.0065200211627421106
2026-06-09 20:30:00+09:00,USDJPY,5m,160.0820508998322,160.08349677418204,160.05348979450187,160.07241009808038,0.01847930111690054
2026-06-09 20:35:00+09:00,USDJPY,5m,160.06409459581351,160.08927803808112,160.05129581465988,160.07283392276352,0.017345191453205698
2026-06-09 20:40:00+09:00,USDJPY,5m,160.0806021596042,160.09653014161913,160.0527442777907,160.0725421379012,0.01243698934280355
2026-06-09 20:45:00+09:00,USDJPY,5m,160.0789915959781,160.08285993483508,160.0493032327608,160.07271023023037,0.011366234063688337
2026-06-09 20:50:00+09:00,USDJPY,5m,160.06918159511778,160.0956291678863,160.05361327649646,160.0728967647078,0.018753064301817154
2026-06-09 20:55:00+09:00,USDJPY,5m,160.08223665106436,160.07829486561135,160.06609736365635,160.0727661200276,0.018783700093618676
2026-06-09 21:00:00+09:00,USDJPY,5m,160.06806461559168,160.08777918507786,160.06439472252615,160.07230586062826,0.01944794225632989
2026-06-09 21:05:00+09:00,USDJPY,5m,160.07968763047342,160.09629816262694,160.05198967155826,160.07190153599686,0.004256819913947378
2026-06-09 21:10:00+09:00,USDJPY,5m,160.07897679238906,160.08483014474194,160.05948734104825,160.07136182084759,0.004890040593737065
2026-06-09 21:15:00+09:00,USDJPY,5m,160.0760258798547,160.0899661550588,160.06388159929676,160.07087272752264,0.014181260576237961
2026-06-09 21:20:00+09:00,USDJPY,5m,160.07211183002488,160.08096690136927,160.0551023519624,160.07084242054862,0.011745820578977209
2026-06-09 21:25:00+09:00,USDJPY,5m,160.0628230195475,160.0939728493333,160.05156489960305,160.07042296455515,0.0023323862880782475
2026-06-09 21:30:00+09:00,USDJPY,5m,160.0714816304845,160.07714917337628,160.05762354608584,160.07084219579457,0.0031155506478113488
2026-06-09 21:35:00+09:00,USDJPY,5m,160.06888046860087,160.09805810960967,160.04873370093213,160.07174454348777,0.017985446880658493
2026-06-09 21:40:00+09:00,USDJPY,5m,160.07725085220605,160.08136142120347,160.0503122463404,160.07140651154293,0.017639674319708955
2026-06-09 21:45:00+09:00,USDJPY,5m,160.0767227383732,160.09842010503596,160.05823969521597,160.07156015424326,0.008430876595928814
2026-06-09 21:50:00+09:00,USDJPY,5m,160.0800822154569,160.08568319634196,160.04799815208673,160.07186996530945,0.018038911104749623
2026-06-09 21:55:00+09:00,USDJPY,5m,160.06245976992062,160.09523025603386,160.05094579060867,160.072163166672,0.012686151339162233
2026-06-09 22:00:00+09:00,USDJPY,5m,160.0784008041692,160.0851993722774,160.0512826053648,160.07221873983275,0.016506301646340236
2026-06-09 22:05:00+09:00,USDJPY,5m,160.08144359034625,160.10032214106465,160.0538386567641,160.07267434928377,0.009693759280883858
2026-06-09 22:10:00+09:00,USDJPY,5m,160.07875970763754,160.08113962679334,160.06768895695316,160.07297369865537,0.004041169892208357
2026-06-09 22:15:00+09:00,USDJPY,5m,160.06484499039937,160.0817040959338,160.04982842161505,160.07224110120197,0.009807087127628292
2026-06-09 22:20:00+09:00,USDJPY,5m,160.06439817693743,160.0900983479696,160.05837155006287,160.07277259484061,0.010231396363944163
2026-06-09 22:25:00+09:00,USDJPY,5m,160.0637318741391,160.08036343031893,160.044749726589,160.07331496934296,0.011916995489130855
2026-06-09 22:30:00+09:00,USDJPY,5m,160.075441902197,160.082766502298,160.0474173784035,160.07286699768045,0.003900488832279704
2026-06-09 22:35:00+09:00,USDJPY,5m,160.07549321341895,160.10149391993704,160.05320739864345,160.07289976038174,0.01984523353489301
2026-06-09 22:40:00+09:00,USDJPY,5m,160.08305803206179,160.10273199930612,160.06201520823194,160.07331975777743,0.0063944627745243145
2026-06-09 22:45:00+09:00,USDJPY,5m,160.07116503296777,160.08761065271895,160.06311123465375,160.07320416948568,0.005573943263667672
2026-06-09 22:50:00+09:00,USDJPY,5m,160.07049608201228,160.10194010683966,160.0603483353724,160.07385795631433,0.011482452539406858
2026-06-09 22:55:00+09:00,USDJPY,5m,160.0777747783548,160.09390689670295,160.05837208122162,160.0752862798111,0.011669747229107996
2026-06-09 23:00:00+09:00,USDJPY,5m,160.08133686164166,160.08656824983836,160.06242305044054,160.0748246881915,0.009916773280998398
2026-06-09 23:05:00+09:00,USDJPY,5m,160.0827415404201,160.09656602945665,160.05613282404482,160.07400606142963,0.015894058633854583
2026-06-09 23:10:00+09:00,USDJPY,5m,160.08026083591056,160.09567089775135,160.06506409194915,160.074198352587,0.01129977921311485
2026-06-09 23:15:00+09:00,USDJPY,5m,160.07317476970238,160.10436942306777,160.04519846976942,160.07464129009006,0.012974518192609715
2026-06-09 23:20:00+09:00,USDJPY,5m,160.077211054972,160.086138952451,160.06681465639164,160.07451277026576,0.015027434937340142
2026-06-09 23:25:00+09:00,USDJPY,5m,160.08252071319808,160.09719621423028,160.0470961231724,160.07539472666375,0.002450451828149599
2026-06-09 23:30:00+09:00,USDJPY,5m,160.07441375695018,160.08090215705968,160.04676211289888,160.07460156318393,0.012271595285810807
2026-06-09 23:35:00+09:00,USDJPY,5m,160.06936104723184,160.08286846532513,160.05689330231223,160.07502731435773,0.01791550048211065
2026-06-09 23:40:00+09:00,USDJPY,5m,160.06806826666022,160.07977175723906,160.05155104106936,160.07467379786527,0.0023129973726578107
2026-06-09 23:45:00+09:00,USDJPY,5m,160.06571857950055,160.1057019416355,160.0598142171597,160.075715424609,0.0092932778684173
2026-06-09 23:50:00+09:00,USDJPY,5m,160.08128569372053,160.10197777624958,160.05617006938235,160.0769209338209,0.01867209410370494
2026-06-09 23:55:00+09:00,USDJPY,5m,160.06869288404516,160.10113901523658,160.06295654143273,160.07647093986824,0.008356779241085681
2026-06-10 00:00:00+09:00,USDJPY,5m,160.0710279875806,160.09389435746888,160.06362223009205,160.07615120558668,0.010257118835604337
2026-06-10 00:05:00+09:00,USDJPY,5m,160.07263448494933,160.0891786353915,160.05722121366463,160.07667695831887,0.019667745074797634
2026-06-10 00:10:00+09:00,USDJPY,5m,160.07766227713174,160.08523628704057,160.0590014380744,160.07645467992901,0.0055878294611103295
2026-06-10 00:15:00+09:00,USDJPY,5m,160.07439657874414,160.0885543016694,160.05694902396948,160.07643743319824,0.003174593404250107
2026-06-10 00:20:00+09:00,USDJPY,5m,160.07995614609104,160.09086194679878,160.0642961517184,160.07646266625056,0.017469606635503482
2026-06-10 00:25:00+09:00,USDJPY,5m,160.06643363554343,160.09922861478137,160.06114691656143,160.07532086235685,0.017632376141822635
2026-06-10 00:30:00+09:00,USDJPY,5m,160.06780134359448,160.09381410443177,160.06822511069348,160.0753225597092,0.010497401024240238
2026-06-10 00:35:00+09:00,USDJPY,5m,160.0749029531154,160.08185581370864,160.06861181373796,160.07491872304476,0.011255729140591154
2026-06-10 00:40:00+09:00,USDJPY,5m,160.07137214510826,160.0800835745753,160.0632964211095,160.07463284935133,0.01704451465312105
2026-06-10 00:45:00+09:00,USDJPY,5m,160.07142529580844,160.08306733304175,160.06865285707013,160.0755090285534,0.015294070966084313
2026-06-10 00:50:00+09:00,USDJPY,5m,160.0661056859976,160.09002759225928,160.06717075670096,160.07476512441684,0.006772682039906192
2026-06-10 00:55:00+09:00,USDJPY,5m,160.08317743102384,160.10359287045512,160.04993983739405,160.0752630475289,0.0023040803912873324
2026-06-10 01:00:00+09:00,USDJPY,5m,160.0789420414932,160.0960407318009,160.06913382734527,160.0751056697707,0.010634602925603824
2026-06-10 01:05:00+09:00,USDJPY,5m,160.06738017680598,160.09999346116646,160.0534742438212,160.07494781366958,0.01746042186972155
2026-06-10 01:10:00+09:00,USDJPY,5m,160.06673295596198,160.09209140166985,160.06361809308683,160.07543203680723,0.018125024180422923
2026-06-10 01:15:00+09:00,USDJPY,5m,160.08514351825258,160.08968771966383,160.04885742556627,160.07564606758396,0.01921207154737077
2026-06-10 01:20:00+09:00,USDJPY,5m,160.0796218863911,160.08370844470022,160.05887362826786,160.0759984353823,0.017832138277030063
2026-06-10 01:25:00+09:00,USDJPY,5m,160.0749384676005,160.1034876717333,160.06394993469542,160.07658934617862,0.012440783995365771
2026-06-10 01:30:00+09:00,USDJPY,5m,160.0804351819638,160.1009795618744,160.05845958775646,160.0764005611487,0.010002900786249817
2026-06-10 01:35:00+09:00,USDJPY,5m,160.08116985483758,160.08524617154794,160.06149426863186,160.076043219108,0.015947297237613785
2026-06-10 01:40:00+09:00,USDJPY,5m,160.08100137283984,160.09320864288898,160.0562946021753,160.07540212879206,0.015316789418580737
2026-06-10 01:45:00+09:00,USDJPY,5m,160.07447442858714,160.0921012526721,160.0670535607659,160.07491688247407,0.01168658174146618
2026-06-10 01:50:00+09:00,USDJPY,5m,160.07529399429174,160.09732362794642,160.04677157655894,160.07669633912926,0.003571892706052444
2026-06-10 01:55:00+09:00,USDJPY,5m,160.0676737085631,160.10610781922747,160.06181424993528,160.0774531468777,0.018669464242164542
2026-06-10 02:00:00+09:00,USDJPY,5m,160.08518364456083,160.09614678830204,160.0629467362653,160.07665250225799,0.01020084567502992
2026-06-10 02:05:00+09:00,USDJPY,5m,160.0779351850517,160.09437445915339,160.053113781276,160.07586902748392,0.008540008074492757
2026-06-10 02:10:00+09:00,USDJPY,5m,160.07023122586477,160.08242622044435,160.0620706619586,160.07616814712097,0.013332213113037892
2026-06-10 02:15:00+09:00,USDJPY,5m,160.0848985743878,160.08307919289985,160.05067464837367,160.0765065059994,0.014129083301005586
2026-06-10 02:20:00+09:00,USDJPY,5m,160.08514447433598,160.08652950608374,160.06048906819157,160.07684583630058,0.005792382506545426
2026-06-10 02:25:00+09:00,USDJPY,5m,160.08648654611176,160.08251463211676,160.0537139024928,160.07670286282445,0.017064899206579213
2026-06-10 02:30:00+09:00,USDJPY,5m,160.0841187215312,160.10022141265767,160.06895125985739,160.07663759026843,0.007218867685922802
2026-06-10 02:35:00+09:00,USDJPY,5m,160.08680000573932,160.09992757558277,160.05069133834405,160.07684431798293,0.005360310666457702
2026-06-10 02:40:00+09:00,USDJPY,5m,160.07179957754917,160.0853072596475,160.05351290411727,160.0769058537867,0.009315197351380955
2026-06-10 02:45:00+09:00,USDJPY,5m,160.08242926526705,160.10148624608294,160.0652913541015,160.07558427356307,0.015150081456154376
2026-06-10 02:50:00+09:00,USDJPY,5m,160.08191695996064,160.08432604465588,160.06682424354108,160.07545639378472,0.019378247211916465
2026-06-10 02:55:00+09:00,USDJPY,5m,160.0695743571086,160.0874849395991,160.06204824120604,160.07495554992417,0.016567062758685802
2026-06-10 03:00:00+09:00,USDJPY,5m,160.06703942775553,160.08629509925456,160.0456689121247,160.0750706767755,0.01892627079806345
2026-06-10 03:05:00+09:00,USDJPY,5m,160.0864602424506,160.0911795096414,160.0654510428129,160.07687183217706,0.004530904473377482
2026-06-10 03:10:00+09:00,USDJPY,5m,160.07302281220677,160.08846891532363,160.0606991409527,160.07710232117637,0.0032811823795461824
2026-06-10 03:15:00+09:00,USDJPY,5m,160.084342039174,160.09414797652562,160.07117369772172,160.07692420336465,0.012038685714320083
2026-06-10 03:20:00+09:00,USDJPY,5m,160.0675698273593,160.0926724812997,160.06255659602667,160.07748728426583,0.007225354694792619
2026-06-10 03:25:00+09:00,USDJPY,5m,160.06820739314256,160.10745113426765,160.05850389661234,160.07778689699816,0.016904989513446912
2026-06-10 03:30:00+09:00,USDJPY,5m,160.07736637986636,160.08444711244564,160.04922083837974,160.07804895369244,0.01409578168524187
2026-06-10 03:35:00+09:00,USDJPY,5m,160.07319735772705,160.08697759845805,160.06050466292487,160.07842306404837,0.0194731069517443
2026-06-10 03:40:00+09:00,USDJPY,5m,160.083463815856,160.08598763753497,160.05418930703283,160.07966699018726,0.006586262403163476
2026-06-10 03:45:00+09:00,USDJPY,5m,160.08030974363743,160.09964448700063,160.06032026606184,160.07899845712606,0.010744114058394184
2026-06-10 03:50:00+09:00,USDJPY,5m,160.07084235232116,160.0856553683075,160.07327301103626,160.07929263637214,0.01102232859365636
2026-06-10 03:55:00+09:00,USDJPY,5m,160.07199937362049,160.10465780112855,160.0658716008144,160.07874680769416,0.006305182307432772
2026-06-10 04:00:00+09:00,USDJPY,5m,160.07685110068314,160.09688858104903,160.0597013775862,160.07909011528199,0.012621681190784141
2026-06-10 04:05:00+09:00,USDJPY,5m,160.0722609846542,160.09672409398962,160.04978405422682,160.0785489033751,0.009979147749426312
2026-06-10 04:10:00+09:00,USDJPY,5m,160.0841529302318,160.09734834597973,160.05183022429313,160.07830848328692,0.010040988007817726
2026-06-10 04:15:00+09:00,USDJPY,5m,160.07646283404947,160.08741177199605,160.06743253898392,160.0781414293384,0.008529259663504707
2026-06-10 04:20:00+09:00,USDJPY,5m,160.07060555670682,160.08867917694786,160.06823417361952,160.07873691937,0.002304728343659631
2026-06-10 04:25:00+09:00,USDJPY,5m,160.07898485008178,160.09226842510816,160.0692686678585,160.07929799203635,0.011397714264466202
2026-06-10 04:30:00+09:00,USDJPY,5m,160.0703773252317,160.09839797200604,160.05049808920293,160.0785605616105,0.00803446104260596
2026-06-10 04:35:00+09:00,USDJPY,5m,160.07118226818548,160.0888564664756,160.05228686824955,160.0786035220771,0.002023757641717934
2026-06-10 04:40:00+09:00,USDJPY,5m,160.0729799708048,160.08609606734257,160.0538156883579,160.07818777416423,0.007542986737914777
2026-06-10 04:45:00+09:00,USDJPY,5m,160.08463322532276,160.10669559337828,160.0626242933622,160.07744267121782,0.007015309995615626
2026-06-10 04:50:00+09:00,USDJPY,5m,160.08581471163424,160.0828720063578,160.0597129433801,160.07732246098757,0.009082066758025444
2026-06-10 04:55:00+09:00,USDJPY,5m,160.08367252590116,160.1022148064479,160.06053907769464,160.0771473713145,0.004373335813581146
2026-06-10 05:00:00+09:00,USDJPY,5m,160.07529494555465,160.10331427994566,160.0672784485173,160.0786134012063,0.01113830884343152
2026-06-10 05:05:00+09:00,USDJPY,5m,160.0743321059237,160.09131352994766,160.0612574759478,160.07888317710152,0.01446392634532634
2026-06-10 05:10:00+09:00,USDJPY,5m,160.07904972041686,160.08645727200124,160.07230419290474,160.07806660660106,0.013343340242982305
2026-06-10 05:15:00+09:00,USDJPY,5m,160.08217480540924,160.0863784583662,160.06944248286112,160.07773774219856,0.016467589056245433
2026-06-10 05:20:00+09:00,USDJPY,5m,160.08822802793904,160.10079636260676,160.0511958322716,160.07836057217582,0.010136149183767462
2026-06-10 05:25:00+09:00,USDJPY,5m,160.0722550520771,160.1006938026167,160.05583164366377,160.07962363783955,0.01134365114611511
2026-06-10 05:30:00+09:00,USDJPY,5m,160.06966788783268,160.1032506897085,160.06311033762572,160.0786820478522,0.0165872349354617
2026-06-10 05:35:00+09:00,USDJPY,5m,160.08145121100102,160.1060011225311,160.05963533416403,160.07756409322113,0.009698621074746294
2026-06-10 05:40:00+09:00,USDJPY,5m,160.08534118799642,160.10099485640802,160.06444670017734,160.07869667232634,0.014628788298192747
2026-06-10 05:45:00+09:00,USDJPY,5m,160.0858674164301,160.08783672924653,160.05542094415372,160.07894044083275,0.009822842636923854
2026-06-10 05:50:00+09:00,USDJPY,5m,160.08199873617517,160.08951553061277,160.05382478571283,160.07842946519364,0.009519251501208128
2026-06-10 05:55:00+09:00,USDJPY,5m,160.0878405587277,160.10481508591712,160.05467811289023,160.0787602426453,0.015683701241524885
2026-06-10 06:00:00+09:00,USDJPY,5m,160.0774088892728,160.08742144589775,160.05412350088105,160.0771887940019,0.005147064478391802
2026-06-10 06:05:00+09:00,USDJPY,5m,160.0854771152726,160.08401387722972,160.06708821083853,160.07720081930586,0.008094547494948326
2026-06-10 06:10:00+09:00,USDJPY,5m,160.0867637547494,160.0999895133606,160.06395826252856,160.07740751200956,0.006035100981444232
2026-06-10 06:15:00+09:00,USDJPY,5m,160.08491522323334,160.09303523298053,160.06122593821868,160.07797207409328,0.008463978973416749
2026-06-10 06:20:00+09:00,USDJPY,5m,160.0735689077871,160.10537473783555,160.06410391173623,160.0773737365219,0.006146746802588433
2026-06-10 06:25:00+09:00,USDJPY,5m,160.07135946184215,160.09869152559608,160.0535616438148,160.07743514881875,0.012429301359559785
2026-06-10 06:30:00+09:00,USDJPY,5m,160.07785229534275,160.0841503684879,160.06365605593686,160.07688989404312,0.016367074447121217
2026-06-10 06:35:00+09:00,USDJPY,5m,160.07611341930414,160.10574953847788,160.0685973221269,160.07705312429653,0.016159035101922237
2026-06-10 06:40:00+09:00,USDJPY,5m,160.08408108334694,160.0879898480941,160.0615499052019,160.0765259165031,0.008561017361878264
2026-06-10 06:45:00+09:00,USDJPY,5m,160.06829168942096,160.08972136825977,160.04679319518004,160.0762910559996,0.019797687306096712
2026-06-10 06:50:00+09:00,USDJPY,5m,160.07085836798896,160.09076007710482,160.0650565314394,160.07570356676274,0.012689378564704415
2026-06-10 06:55:00+09:00,USDJPY,5m,160.08114022739818,160.08238485591792,160.05580028203423,160.07610424850782,0.009189205432009306
2026-06-10 07:00:00+09:00,USDJPY,5m,160.06852905207737,160.09404220473357,160.06080499293182,160.0766293191778,0.01703970702634566
2026-06-10 07:05:00+09:00,USDJPY,5m,160.07291383511628,160.08458150911272,160.0697229326446,160.07649854683584,0.015137732227567537
2026-06-10 07:10:00+09:00,USDJPY,5m,160.07427459751392,160.09155574780004,160.05933457448288,160.07653148963283,0.015486956062833882
2026-06-10 07:15:00+09:00,USDJPY,5m,160.0781242107153,160.08944007948384,160.05311822656782,160.07567233478403,0.005530508295209689
2026-06-10 07:20:00+09:00,USDJPY,5m,160.06866518170963,160.0998235308809,160.05767202939955,160.07550252879525,0.010429837532633993
2026-06-10 07:25:00+09:00,USDJPY,5m,160.082694495832,160.10056166881583,160.04867975443133,160.075482406025,0.01751290635484285
2026-06-10 07:30:00+09:00,USDJPY,5m,160.07601572658896,160.08590020393936,160.0648414564632,160.07706488187964,0.011072684137317632
2026-06-10 07:35:00+09:00,USDJPY,5m,160.0847481359018,160.09057148134866,160.06925147238158,160.07640770166418,0.014302149381578907
2026-06-10 07:40:00+09:00,USDJPY,5m,160.0766536062801,160.0916300370332,160.04888206771597,160.07729620800743,0.012582807194616763
2026-06-10 07:45:00+09:00,USDJPY,5m,160.0734051284503,160.0866895843699,160.0634494145333,160.0779043232715,0.01716242217893088
2026-06-10 07:50:00+09:00,USDJPY,5m,160.07091928168794,160.10304404274046,160.05867256632786,160.07808270511418,0.007122095115708848
2026-06-10 07:55:00+09:00,USDJPY,5m,160.06922277929894,160.1018285856131,160.05434779925147,160.07914787740472,0.012358555001954569
2026-06-10 08:00:00+09:00,USDJPY,5m,160.08002429038797,160.08914068534568,160.0662732990914,160.07938114068827,0.004218224024176472
2026-06-10 08:05:00+09:00,USDJPY,5m,160.0717677701442,160.0937926839205,160.05672052275122,160.07962463620566,0.014423793980590422
2026-06-10 08:10:00+09:00,USDJPY,5m,160.07743731908647,160.08724788943528,160.0712172925684,160.07960276381385,0.015175421090348818
2026-06-10 08:15:00+09:00,USDJPY,5m,160.08213234036808,160.10105207007066,160.0680645614632,160.08034690514333,0.0027710717814019717
2026-06-10 08:20:00+09:00,USDJPY,5m,160.07652850462165,160.08904908479732,160.0723970207802,160.0810147866836,0.014164237345303733
2026-06-10 08:25:00+09:00,USDJPY,5m,160.07415386615844,160.11029773452674,160.05536861635107,160.08064938031112,0.009464422774984155
2026-06-10 08:30:00+09:00,USDJPY,5m,160.08536226444653,160.10438488386154,160.06930160111366,160.07986783199433,0.004233743769974282
2026-06-10 08:35:00+09:00,USDJPY,5m,160.08869186705755,160.0945120073515,160.0568209547268,160.07975604361192,0.00955833585857242
2026-06-10 08:40:00+09:00,USDJPY,5m,160.0712948288305,160.09875011878026,160.05070356054213,160.07928602047326,0.005496192734520471
2026-06-10 08:45:00+09:00,USDJPY,5m,160.0723697122162,160.1070414511339,160.06106360050177,160.0792579057285,0.009480071578219697
2026-06-10 08:50:00+09:00,USDJPY,5m,160.08921062175438,160.0988628506192,160.06150963880282,160.08001036860932,0.008918102503253499
2026-06-10 08:55:00+09:00,USDJPY,5m,160.0705016720525,160.0891084497762,160.06322014841382,160.07974598761626,0.015291049464849035
2026-06-10 09:00:00+09:00,USDJPY,5m,160.08928294031847,160.094197877477,160.06658304000263,160.07973029358746,0.01593588004699446
2026-06-10 09:05:00+09:00,USDJPY,5m,160.06986799689005,160.1058537288541,160.06288373145523,160.07977510722836,0.012926515778921841
2026-06-10 09:10:00+09:00,USDJPY,5m,160.0877675388707,160.10139949115742,160.06022397745102,160.0802941657577,0.0024083631592840557
2026-06-10 09:15:00+09:00,USDJPY,5m,160.07510253577703,160.10022414176564,160.04930624285302,160.0789560321573,0.018758401023277894
2026-06-10 09:20:00+09:00,USDJPY,5m,160.08737378914398,160.10527254912265,160.05015789799748,160.07860201198042,0.01435219904173606
2026-06-10 09:25:00+09:00,USDJPY,5m,160.0750776879685,160.10608810863235,160.05218495823846,160.07873878219579,0.002615518098581399
2026-06-10 09:30:00+09:00,USDJPY,5m,160.08255495600034,160.10746364386415,160.05224056617703,160.07946882956966,0.016738992185854125
2026-06-10 09:35:00+09:00,USDJPY,5m,160.07078433949647,160.0865549179325,160.06248745851886,160.07918368810115,0.0056047907849239315
2026-06-10 09:40:00+09:00,USDJPY,5m,160.07291435270662,160.0966709065266,160.0566316482981,160.07806775647754,0.012425981412279923
2026-06-10 09:45:00+09:00,USDJPY,5m,160.0839231702747,160.10196232137557,160.0510729152717,160.0784495833451,0.01039941865910337
2026-06-10 09:50:00+09:00,USDJPY,5m,160.07865208298537,160.10200153704,160.06325459678703,160.0780783659118,0.009557098082391382
2026-06-10 09:55:00+09:00,USDJPY,5m,160.08593394715209,160.0975424709656,160.04833050395771,160.07737456591636,0.018014846962239157
2026-06-10 10:00:00+09:00,USDJPY,5m,160.07558498684938,160.08617964206212,160.0616153071308,160.07700995868254,0.009872503248127065
2026-06-10 10:05:00+09:00,USDJPY,5m,160.0843054907842,160.10184475731646,160.05688217683308,160.07690924346792,0.0033561941163167135
2026-06-10 10:10:00+09:00,USDJPY,5m,160.07553550541877,160.0995591800071,160.0538112788374,160.07655639666922,0.01903949708986915
2026-06-10 10:15:00+09:00,USDJPY,5m,160.084828022609,160.0823964513237,160.04647825670804,160.07524305703495,0.018569634162313296
2026-06-10 10:20:00+09:00,USDJPY,5m,160.0849879843811,160.09238654236995,160.0646758899018,160.0757912967531,0.01431978841246878
2026-06-10 10:25:00+09:00,USDJPY,5m,160.07314895588897,160.0859156567659,160.0529129473219,160.07656622177785,0.01042206550637645
2026-06-10 10:30:00+09:00,USDJPY,5m,160.084685608381,160.09040406111546,160.05894674531905,160.07696713497265,0.003671470512983383
2026-06-10 10:35:00+09:00,USDJPY,5m,160.0832467510547,160.08174655087555,160.06458059505488,160.0762945235704,0.016233466134394574
2026-06-10 10:40:00+09:00,USDJPY,5m,160.0703972365966,160.0911918753603,160.05176845765513,160.07618362865003,0.0033586024596325217
2026-06-10 10:45:00+09:00,USDJPY,5m,160.07867552387657,160.0949366388898,160.05738415885654,160.0761897158609,0.003234817728112622
2026-06-10 10:50:00+09:00,USDJPY,5m,160.0680126388064,160.0970485573153,160.05503464697838,160.07655899249463,0.011672909163908627
2026-06-10 10:55:00+09:00,USDJPY,5m,160.08370421119952,160.09855725541607,160.0638974700734,160.07696999678785,0.004882308323323524
2026-06-10 11:00:00+09:00,USDJPY,5m,160.07003041017867,160.10244677533618,160.05950764371292,160.0765394925086,0.002139144812126282
2026-06-10 11:05:00+09:00,USDJPY,5m,160.06801498387017,160.08698526252434,160.05616483356775,160.07659868984246,0.009616041757924153
2026-06-10 11:10:00+09:00,USDJPY,5m,160.074887439996,160.08489510364618,160.06176028772845,160.0768830580852,0.004469910168981187
2026-06-10 11:15:00+09:00,USDJPY,5m,160.0793049942505,160.10405498077594,160.06780723798232,160.0777665514785,0.004889277475052443
2026-06-10 11:20:00+09:00,USDJPY,5m,160.08529759457357,160.0871145757747,160.0491582430945,160.07819925540238,0.003384391497236024
2026-06-10 11:25:00+09:00,USDJPY,5m,160.08816753992525,160.10805169144822,160.06089600091374,160.07868268941482,0.00569168756702498
2026-06-10 11:30:00+09:00,USDJPY,5m,160.07753283564298,160.10480644112656,160.05539497613438,160.07874298539159,0.01487871523593901
2026-06-10 11:35:00+09:00,USDJPY,5m,160.0708081993384,160.09712117602592,160.0643230810398,160.0795992608787,0.01656069152992025
2026-06-10 11:40:00+09:00,USDJPY,5m,160.0848374301368,160.10939065417932,160.06597682445565,160.07985511855628,0.010145605592527413
2026-06-10 11:45:00+09:00,USDJPY,5m,160.08065193093464,160.08678288403786,160.0641693583485,160.07934846581017,0.01111796868586552
2026-06-10 11:50:00+09:00,USDJPY,5m,160.07915831468912,160.0927771318216,160.0649705716976,160.08020048779224,0.002587790622695647
2026-06-10 11:55:00+09:00,USDJPY,5m,160.0768146073316,160.10158484013178,160.06202472685723,160.08062922975577,0.0032476927046837037
2026-06-10 12:00:00+09:00,USDJPY,5m,160.08042137389995,160.0941235750549,160.06178665659357,160.0803734033431,0.006636219061691305
2026-06-10 12:05:00+09:00,USDJPY,5m,160.0768692996518,160.10830502136218,160.0626668621656,160.08009570756266,0.011790171572836657
2026-06-10 12:10:00+09:00,USDJPY,5m,160.08542389024467,160.0869243050942,160.0719140082668,160.08028365288973,0.015311920677229874
2026-06-10 12:15:00+09:00,USDJPY,5m,160.08144943769676,160.09930685956843,160.0631696768044,160.0805715637669,0.012890055104084596
2026-06-10 12:20:00+09:00,USDJPY,5m,160.08823689460937,160.10047159581114,160.07147234161576,160.08069993912628,0.009058301389762189
2026-06-10 12:25:00+09:00,USDJPY,5m,160.08176760262333,160.10221492742477,160.07274332967293,160.08089672433033,0.004129833314056488
2026-06-10 12:30:00+09:00,USDJPY,5m,160.07669194702189,160.09331835433838,160.05361055582156,160.0819266987551,0.01605391822796941
2026-06-10 12:35:00+09:00,USDJPY,5m,160.08960146229106,160.09669378533442,160.06245587431775,160.08257962464643,0.008548148928783028
2026-06-10 12:40:00+09:00,USDJPY,5m,160.0838483868998,160.10879601924282,160.06121675454807,160.0827040060012,0.015248972260690215
2026-06-10 12:45:00+09:00,USDJPY,5m,160.07741561311252,160.0931523615739,160.06823395059132,160.08327879234966,0.011233619154458155
2026-06-10 12:50:00+09:00,USDJPY,5m,160.08513943420667,160.10834097418686,160.05494475570967,160.08266927800753,0.015295916964112855
2026-06-10 12:55:00+09:00,USDJPY,5m,160.08007236953637,160.10198441981007,160.061969771998,160.0829180342375,0.018331212106146293
2026-06-10 13:00:00+09:00,USDJPY,5m,160.09090173029318,160.1080683058272,160.05978437130926,160.08401361804735,0.018578531288968435
2026-06-10 13:05:00+09:00,USDJPY,5m,160.08295878528304,160.1067329746667,160.06967872878442,160.0838927905101,0.011631922040010862
2026-06-10 13:10:00+09:00,USDJPY,5m,160.08792303731508,160.09358199753754,160.05439391313246,160.08339421015293,0.011207150565781499
2026-06-10 13:15:00+09:00,USDJPY,5m,160.0749236809725,160.10223327523062,160.05750142456583,160.08301295681977,0.006782212379051071
2026-06-10 13:20:00+09:00,USDJPY,5m,160.0802896639234,160.1090622558175,160.056020465422,160.08236917699736,0.018844396967527245
2026-06-10 13:25:00+09:00,USDJPY,5m,160.09157314858194,160.09771122577254,160.07260346316684,160.0819083198525,0.010242545009593177
2026-06-10 13:30:00+09:00,USDJPY,5m,160.0878652207829,160.11086078424893,160.06992193479658,160.08169601499335,0.004296642307172789
2026-06-10 13:35:00+09:00,USDJPY,5m,160.07406149082917,160.09716805228436,160.06872200978972,160.08086267478183,0.009788688463277899
2026-06-10 13:40:00+09:00,USDJPY,5m,160.07643732677175,160.0894516866989,160.06910931520102,160.0808820457822,0.0042869585042840715
2026-06-10 13:45:00+09:00,USDJPY,5m,160.0780297282636,160.09616927908843,160.05504820803387,160.08143341208648,0.011045570316627352
2026-06-10 13:50:00+09:00,USDJPY,5m,160.0839060695883,160.10969131853815,160.07510163849818,160.0808987583784,0.01210295926741182
2026-06-10 13:55:00+09:00,USDJPY,5m,160.08696022392235,160.09481334996605,160.07491782900803,160.08182032873256,0.008079603706884536
2026-06-10 14:00:00+09:00,USDJPY,5m,160.08712733616184,160.10883925798237,160.07028893221994,160.0821368039857,0.003289711056166724
2026-06-10 14:05:00+09:00,USDJPY,5m,160.08296263346318,160.1097964193791,160.07276832797083,160.08276515233706,0.018983063641398304
2026-06-10 14:10:00+09:00,USDJPY,5m,160.08859686236153,160.09613511471306,160.0715839612577,160.08238045160476,0.015920356042701735
2026-06-10 14:15:00+09:00,USDJPY,5m,160.08164472839616,160.08998460819228,160.05795458700968,160.082903166741,0.017099859449092182
2026-06-10 14:20:00+09:00,USDJPY,5m,160.07473561770666,160.10537195412974,160.06317984155345,160.08225800640076,0.00860363109715213
2026-06-10 14:25:00+09:00,USDJPY,5m,160.08409099173434,160.0955899623766,160.07765788836895,160.08280215490126,0.01569495854035011
2026-06-10 14:30:00+09:00,USDJPY,5m,160.09196128619715,160.10748834886155,160.0671821893625,160.08291525850512,0.010736712113045497
2026-06-10 14:35:00+09:00,USDJPY,5m,160.08911708226498,160.09932358044364,160.06806008606588,160.08325720923713,0.005619502791308828
2026-06-10 14:40:00+09:00,USDJPY,5m,160.0841358654276,160.09969352103232,160.07471322073764,160.08256185247376,0.004239620784329839
2026-06-10 14:45:00+09:00,USDJPY,5m,160.08497092377536,160.1064825457371,160.06013126585336,160.0820348105684,0.008210915647797024
2026-06-10 14:50:00+09:00,USDJPY,5m,160.09101438804007,160.0969622307759,160.05985071778986,160.08240314749935,0.004475938006552514
2026-06-10 14:55:00+09:00,USDJPY,5m,160.0804109945855,160.09792232232988,160.0588218082205,160.0818441386968,0.019968841571673238
2026-06-10 15:00:00+09:00,USDJPY,5m,160.0787599452509,160.0965368241913,160.0589202888331,160.08213206247206,0.0028854018241763974
2026-06-10 15:05:00+09:00,USDJPY,5m,160.09086661108822,160.09550529267014,160.0763204591149,160.0813217797882,0.009940584788643379
2026-06-10 15:10:00+09:00,USDJPY,5m,160.08910954698598,160.09998934873832,160.0529926642196,160.08184068431578,0.010137683403026915
2026-06-10 15:15:00+09:00,USDJPY,5m,160.07757204201928,160.10633115643944,160.05575595115056,160.08111117032692,0.00741137471447016
2026-06-10 15:20:00+09:00,USDJPY,5m,160.08072816223674,160.0954967580876,160.0538530078748,160.08145255028953,0.012284328182725018
2026-06-10 15:25:00+09:00,USDJPY,5m,160.0801394914299,160.09994429686316,160.07644684646704,160.08183792884972,0.0046995864347278045
2026-06-10 15:30:00+09:00,USDJPY,5m,160.07441177933208,160.1031980488947,160.053083395864,160.08142986575865,0.016110422850570207
2026-06-10 15:35:00+09:00,USDJPY,5m,160.09094546817516,160.0935250678565,160.0565443684817,160.0817890816989,0.00798405892845749
2026-06-10 15:40:00+09:00,USDJPY,5m,160.0800415956813,160.0938934171795,160.05602486848295,160.08195534705692,0.012644166616375553
2026-06-10 15:45:00+09:00,USDJPY,5m,160.08914862359595,160.10997737011877,160.07430985732515,160.08164204194318,0.01488150624920527
2026-06-10 15:50:00+09:00,USDJPY,5m,160.07483403368636,160.10413527346603,160.05757745840978,160.08104690913274,0.018002758118422904
2026-06-10 15:55:00+09:00,USDJPY,5m,160.08083674993048,160.09930900062332,160.0508814164767,160.07987933371774,0.017044173856139603
2026-06-10 16:00:00+09:00,USDJPY,5m,160.0705783514486,160.10129212510662,160.05813544021066,160.08009912374612,0.012949562505864074
2026-06-10 16:05:00+09:00,USDJPY,5m,160.08445465176015,160.0849027281609,160.0599062069677,160.0791702420833,0.008991077246909965
2026-06-10 16:10:00+09:00,USDJPY,5m,160.0808557265679,160.099690022742,160.05059670665926,160.07923744860298,0.011057684061349353
2026-06-10 16:15:00+09:00,USDJPY,5m,160.08160117134273,160.09682710150392,160.06301595162995,160.07908937967332,0.015837226280818448
2026-06-10 16:20:00+09:00,USDJPY,5m,160.0705412829897,160.09815060733308,160.05952452618084,160.0795068653386,0.017795819766070517
2026-06-10 16:25:00+09:00,USDJPY,5m,160.07355640464306,160.09332123370964,160.06242718070152,160.07933563803888,0.003868074707180094
2026-06-10 16:30:00+09:00,USDJPY,5m,160.07063458681415,160.08618481680992,160.05082681383308,160.07914796936709,0.008927412724874965
2026-06-10 16:35:00+09:00,USDJPY,5m,160.07537537810572,160.08943057262996,160.07269497362051,160.07959709178965,0.015970098771443012
2026-06-10 16:40:00+09:00,USDJPY,5m,160.08235690676074,160.1085767444374,160.06228013408648,160.0798081266071,0.009769731726691298
2026-06-10 16:45:00+09:00,USDJPY,5m,160.08133153986776,160.09522530923817,160.05783400914677,160.0800078201814,0.00798009975319311
2026-06-10 16:50:00+09:00,USDJPY,5m,160.08254237716758,160.0969664596311,160.05550171727475,160.0802993807353,0.009403808542818854
2026-06-10 16:55:00+09:00,USDJPY,5m,160.08037306288892,160.0857057822077,160.05981257127527,160.07938803746137,0.012851205442154316
2026-06-10 17:00:00+09:00,USDJPY,5m,160.0753126865829,160.08579126640797,160.05212916706634,160.07985211066938,0.01999649259440843
2026-06-10 17:05:00+09:00,USDJPY,5m,160.07511974189268,160.10315912812197,160.0516798057737,160.0802295919458,0.010873863723881574
2026-06-10 17:10:00+09:00,USDJPY,5m,160.07237077573936,160.09808194867165,160.0730216014888,160.07962958206863,0.00575290054917669
2026-06-10 17:15:00+09:00,USDJPY,5m,160.08647455128252,160.09721078338984,160.06443387029591,160.07949313378444,0.004931238355023706
2026-06-10 17:20:00+09:00,USDJPY,5m,160.08180913658268,160.0905576626724,160.07389307386882,160.07947954941184,0.0027622954545754573
2026-06-10 17:25:00+09:00,USDJPY,5m,160.0731390715913,160.10302761963197,160.06617343490686,160.0794088513412,0.012058710228529787
2026-06-10 17:30:00+09:00,USDJPY,5m,160.07316335491757,160.08882508179886,160.06119746187187,160.07961916732114,0.011802297646799017
2026-06-10 17:35:00+09:00,USDJPY,5m,160.0879486994208,160.09023635598177,160.05271811412752,160.08048798739026,0.005694210682045566
2026-06-10 17:40:00+09:00,USDJPY,5m,160.08600166470214,160.09766485171056,160.05498318936523,160.08114704742687,0.014515929316146209
2026-06-10 17:45:00+09:00,USDJPY,5m,160.0835576975089,160.09252671246358,160.072182222744,160.0803697159108,0.015339926749334256
2026-06-10 17:50:00+09:00,USDJPY,5m,160.07889024005578,160.09193953243582,160.07342719853648,160.080752957905,0.006663767696878003
2026-06-10 17:55:00+09:00,USDJPY,5m,160.07679982918228,160.10269125901053,160.0618286344278,160.0815603178967,0.008193795752535258
2026-06-10 18:00:00+09:00,USDJPY,5m,160.09139141827137,160.10307669663956,160.06349945369763,160.0818024030091,0.019828490102250622
2026-06-10 18:05:00+09:00,USDJPY,5m,160.0884117827647,160.10807991800922,160.07080755022847,160.08246699126423,0.008736760421313217
2026-06-10 18:10:00+09:00,USDJPY,5m,160.07971993799438,160.09912706770598,160.0561980264178,160.08368435353165,0.015694430091609833
2026-06-10 18:15:00+09:00,USDJPY,5m,160.09125987518487,160.09113570653494,160.05612441902275,160.0843085792593,0.01014905767933892
2026-06-10 18:20:00+09:00,USDJPY,5m,160.089646803389,160.09630982403974,160.0694028784582,160.0844681644167,0.01628020690149757
2026-06-10 18:25:00+09:00,USDJPY,5m,160.0810468284987,160.11460535408105,160.0578476535733,160.08510521750114,0.015842418298087663
2026-06-10 18:30:00+09:00,USDJPY,5m,160.08373320728586,160.10510861458184,160.07060342784445,160.085202150201,0.014019608453573642
2026-06-10 18:35:00+09:00,USDJPY,5m,160.07894556093478,160.107969919147,160.06180607123125,160.08522649202698,0.017386010233320426
2026-06-10 18:40:00+09:00,USDJPY,5m,160.0772466923731,160.0902095892262,160.06812708804685,160.08502564348555,0.018905932907798337
2026-06-10 18:45:00+09:00,USDJPY,5m,160.09042893215764,160.1039288348054,160.07790911258817,160.08597369150084,0.012439699768137512
2026-06-10 18:50:00+09:00,USDJPY,5m,160.08084287144837,160.09143085073958,160.05729427927037,160.0854926343013,0.0062744403300094235
2026-06-10 18:55:00+09:00,USDJPY,5m,160.09282324225103,160.10565281023838,160.07006964010165,160.0864220549361,0.009175321309593351
2026-06-10 19:00:00+09:00,USDJPY,5m,160.09664414764063,160.11475124465125,160.0633697974023,160.08673197341034,0.01564950284323928
2026-06-10 19:05:00+09:00,USDJPY,5m,160.07743478598402,160.11511286796795,160.07172304434465,160.08590238970544,0.013715902732229652
2026-06-10 19:10:00+09:00,USDJPY,5m,160.0855936817829,160.10464679616598,160.08066095731684,160.08613297928125,0.005200370094174478
2026-06-10 19:15:00+09:00,USDJPY,5m,160.09092421456288,160.10133808350795,160.07736970440936,160.08488296337666,0.0029223117406356447
2026-06-10 19:20:00+09:00,USDJPY,5m,160.09104728611757,160.11389369554297,160.0678627811995,160.08526826818675,0.014293308683757168
2026-06-10 19:25:00+09:00,USDJPY,5m,160.09100935024316,160.10764965287646,160.0635602981484,160.08580940707654,0.006519422432528217
2026-06-10 19:30:00+09:00,USDJPY,5m,160.0824438922092,160.09208647549164,160.0720956103387,160.08546399350317,0.010994064387122963
2026-06-10 19:35:00+09:00,USDJPY,5m,160.08462518723445,160.10219126156244,160.0631609106413,160.08554812212074,0.015441441905226698
2026-06-10 19:40:00+09:00,USDJPY,5m,160.0886299837278,160.0977367420426,160.06426472684518,160.08673061658098,0.012128002051813998
2026-06-10 19:45:00+09:00,USDJPY,5m,160.0959159802299,160.10318227659465,160.06383877087524,160.08643716855843,0.003499446496012335
2026-06-10 19:50:00+09:00,USDJPY,5m,160.08236276942495,160.10219846330634,160.06849877765566,160.08581182400619,0.005340444262103998
2026-06-10 19:55:00+09:00,USDJPY,5m,160.09517369980202,160.10626444211806,160.05883866829464,160.08671082204768,0.0059479073125565446
2026-06-10 20:00:00+09:00,USDJPY,5m,160.0832855127256,160.10181763662072,160.07066846141248,160.087898374362,0.0066415565656072085
2026-06-10 20:05:00+09:00,USDJPY,5m,160.09769208107454,160.0970173530015,160.07165396192767,160.08791059176508,0.012177261055109079
2026-06-10 20:10:00+09:00,USDJPY,5m,160.0919327433229,160.1061204554511,160.0785429491111,160.08852746958635,0.011071384036857083
2026-06-10 20:15:00+09:00,USDJPY,5m,160.08861258474283,160.1150974272443,160.07665097795177,160.08934235513567,0.005656880690555761
2026-06-10 20:20:00+09:00,USDJPY,5m,160.0911746731574,160.11050717029784,160.08284850228318,160.08890686459614,0.003215987182202368
2026-06-10 20:25:00+09:00,USDJPY,5m,160.08407630447573,160.10208487774307,160.06778729875452,160.08862568109492,0.005085779680544926
2026-06-10 20:30:00+09:00,USDJPY,5m,160.08485768295304,160.1177622813718,160.07816081220463,160.0893742058028,0.01971886362713486
2026-06-10 20:35:00+09:00,USDJPY,5m,160.0826663052469,160.11820040365126,160.0777913330079,160.09039521437003,0.010433845096246501
2026-06-10 20:40:00+09:00,USDJPY,5m,160.08302394884024,160.1009766528707,160.06647257984451,160.09074294288612,0.017612219084638024
2026-06-10 20:45:00+09:00,USDJPY,5m,160.08717848910342,160.09621049390205,160.077044524695,160.09022505427404,0.01727754440003918
2026-06-10 20:50:00+09:00,USDJPY,5m,160.096684400499,160.11496000864983,160.08037239364072,160.09142729094106,0.011207352034331727
2026-06-10 20:55:00+09:00,USDJPY,5m,160.09327813175435,160.1168089649361,160.08189226467402,160.09111870840238,0.014720378752289785
2026-06-10 21:00:00+09:00,USDJPY,5m,160.08297931694028,160.12012423988244,160.06655616567912,160.09092762573366,0.005469536187428821
2026-06-10 21:05:00+09:00,USDJPY,5m,160.09818775893388,160.11838893828656,160.0829003719846,160.09114302843435,0.014391140688684351
2026-06-10 21:10:00+09:00,USDJPY,5m,160.0941128772266,160.11209889389195,160.07574168068052,160.09208552468678,0.006902922426739212
2026-06-10 21:15:00+09:00,USDJPY,5m,160.10182502180842,160.11085921875303,160.0749346573708,160.09260791027273,0.016977117741574718
2026-06-10 21:20:00+09:00,USDJPY,5m,160.09627053892115,160.09856285585448,160.0706820817558,160.09286682957293,0.0035070343959603787
2026-06-10 21:25:00+09:00,USDJPY,5m,160.08665829996508,160.10432121386214,160.07232271563268,160.093154802691,0.015916496111934998
2026-06-10 21:30:00+09:00,USDJPY,5m,160.09266657873835,160.1096812802855,160.06792289466858,160.0931909114922,0.0037988643182351517
2026-06-10 21:35:00+09:00,USDJPY,5m,160.09650574715184,160.114248392703,160.08741700935275,160.0935357952009,0.01786140626409756
2026-06-10 21:40:00+09:00,USDJPY,5m,160.0825933531753,160.11095935498727,160.07961704103482,160.0920280591543,0.0074756813264300675
2026-06-10 21:45:00+09:00,USDJPY,5m,160.08215829996195,160.1154259944209,160.07985674170948,160.09186009467885,0.013779080566950347
2026-06-10 21:50:00+09:00,USDJPY,5m,160.08460294785178,160.10400906111198,160.08336446520002,160.0920148878398,0.010775041015165038
2026-06-10 21:55:00+09:00,USDJPY,5m,160.08636756809054,160.11045809458093,160.07910482304322,160.09133427938963,0.008593456614722102
2026-06-10 22:00:00+09:00,USDJPY,5m,160.0901670558507,160.09877962946507,160.07883194052673,160.0915760733803,0.013617952997302937
2026-06-10 22:05:00+09:00,USDJPY,5m,160.09121220012292,160.1068050287373,160.07341627909955,160.09146339064773,0.019055413649922283
2026-06-10 22:10:00+09:00,USDJPY,5m,160.08528722824548,160.11628069689058,160.07093406409356,160.0925266760667,0.0027428554527431934
2026-06-10 22:15:00+09:00,USDJPY,5m,160.09694831948417,160.11581550923756,160.07895297506155,160.09348048790184,0.018539351405895882
2026-06-10 22:20:00+09:00,USDJPY,5m,160.09513376579432,160.12297707298967,160.07022424877755,160.09321100456037,0.012963469790378246
2026-06-10 22:25:00+09:00,USDJPY,5m,160.08901978391023,160.10507778008312,160.07972636846893,160.09313050193342,0.016531657413842944
2026-06-10 22:30:00+09:00,USDJPY,5m,160.08336933106276,160.1105508658734,160.0808390414612,160.09309613339406,0.008909749161816997
2026-06-10 22:35:00+09:00,USDJPY,5m,160.08438809601543,160.1060733980527,160.07430543631193,160.09283513770836,0.010493173547077048
2026-06-10 22:40:00+09:00,USDJPY,5m,160.090796048209,160.10897723055027,160.08736924369114,160.0929621526988,0.01763931353242095
2026-06-10 22:45:00+09:00,USDJPY,5m,160.08559667048078,160.1189409367042,160.0855224553666,160.09251718345746,0.009467263456576816
2026-06-10 22:50:00+09:00,USDJPY,5m,160.08938520637943,160.1139540411362,160.0763995756668,160.09184881425648,0.011623872201483532
2026-06-10 22:55:00+09:00,USDJPY,5m,160.09479609308104,160.11929347077452,160.06365962320604,160.09223244099084,0.0023635086155179923
2026-06-10 23:00:00+09:00,USDJPY,5m,160.09356490729894,160.10270793644966,160.0695823642453,160.09262015874137,0.004854764105084761
2026-06-10 23:05:00+09:00,USDJPY,5m,160.08677108694832,160.1189815972316,160.08494440504805,160.09214756928557,0.013550357143546398
2026-06-10 23:10:00+09:00,USDJPY,5m,160.0895712323692,160.09918883939847,160.0665368322245,160.09269478254402,0.01490558421914979
2026-06-10 23:15:00+09:00,USDJPY,5m,160.0946064598755,160.11954081791745,160.06901831664132,160.09232583590654,0.01248681686212099
2026-06-10 23:20:00+09:00,USDJPY,5m,160.09970483561023,160.10571457953588,160.07221407190679,160.09248773504936,0.004579580652960992
2026-06-10 23:25:00+09:00,USDJPY,5m,160.0980542102317,160.10585463229228,160.0674826174417,160.09298994145692,0.010017297714401028
2026-06-10 23:30:00+09:00,USDJPY,5m,160.09404777445476,160.11078198833556,160.07787702772453,160.0929797739181,0.008391705794537418
2026-06-10 23:35:00+09:00,USDJPY,5m,160.09050847843173,160.12177987315846,160.08272509219404,160.0932626184654,0.010921904192631591
2026-06-10 23:40:00+09:00,USDJPY,5m,160.09026378622988,160.0991572947961,160.07516217595133,160.09296276067906,0.017665922621973695
2026-06-10 23:45:00+09:00,USDJPY,5m,160.1004432269343,160.10666065510577,160.07413383683917,160.092854880729,0.015965505895855735
2026-06-10 23:50:00+09:00,USDJPY,5m,160.08352623659127,160.11915566478754,160.0742832057702,160.09274136507045,0.003511811025004861
2026-06-10 23:55:00+09:00,USDJPY,5m,160.10206307095092,160.10720477999843,160.07317657327553,160.09230341806253,0.018025565559942162
2026-06-11 00:00:00+09:00,USDJPY,5m,160.0954948617817,160.1021862760046,160.0634897306087,160.09220735356467,0.010491808720696825
2026-06-11 00:05:00+09:00,USDJPY,5m,160.0949109365668,160.10690803711864,160.06373204200793,160.09128818258534,0.015389518607947973
2026-06-11 00:10:00+09:00,USDJPY,5m,160.08176344708318,160.10564230287437,160.0641105644231,160.09100349033707,0.004520706162758339
2026-06-11 00:15:00+09:00,USDJPY,5m,160.09295315053888,160.1187279700777,160.0658071447683,160.09084256504104,0.014072951462726867
2026-06-11 00:20:00+09:00,USDJPY,5m,160.09039441839136,160.11474721658314,160.06211315450793,160.09069885718955,0.0062538683169702436
2026-06-11 00:25:00+09:00,USDJPY,5m,160.0826795368599,160.10819184761561,160.08310159268004,160.09056395872202,0.009890856148536768
2026-06-11 00:30:00+09:00,USDJPY,5m,160.08609534041747,160.12024616437014,160.07890881866595,160.0905369002021,0.0023035316614778796
2026-06-11 00:35:00+09:00,USDJPY,5m,160.0986408542372,160.10746650339485,160.07345816647157,160.09083456511294,0.004728991482748569
2026-06-11 00:40:00+09:00,USDJPY,5m,160.09236904367475,160.09782522112795,160.06520591302936,160.09136927535744,0.003657448876225156
2026-06-11 00:45:00+09:00,USDJPY,5m,160.08925774772482,160.1025462742667,160.07336027343325,160.09098941622133,0.006315395112888653
2026-06-11 00:50:00+09:00,USDJPY,5m,160.0817311388249,160.10617925771356,160.06657662722455,160.09027749570808,0.003800325620437801
2026-06-11 00:55:00+09:00,USDJPY,5m,160.09394469960878,160.0985848346644,160.0811882714295,160.08966226906074,0.014454380479152117
2026-06-11 01:00:00+09:00,USDJPY,5m,160.09343696377596,160.11806907546614,160.07806960198363,160.08937994730803,0.0025227182397659486
2026-06-11 01:05:00+09:00,USDJPY,5m,160.09145966665682,160.11335001696278,160.0658843921414,160.08917879451735,0.013119329011249965
2026-06-11 01:10:00+09:00,USDJPY,5m,160.08893204980203,160.1004339768883,160.0796084466554,160.0887267968776,0.004532740954860337
2026-06-11 01:15:00+09:00,USDJPY,5m,160.08663481492323,160.10772924021703,160.0741752285127,160.08795912687907,0.019012906229202146
2026-06-11 01:20:00+09:00,USDJPY,5m,160.08956087624233,160.11073168331032,160.07607379793725,160.08769545438258,0.01879569331597738
2026-06-11 01:25:00+09:00,USDJPY,5m,160.08248221938922,160.11634628357731,160.07406776799908,160.08781431035464,0.006059055845377328
2026-06-11 01:30:00+09:00,USDJPY,5m,160.0970065093177,160.11522221176355,160.0654732268072,160.08818132803415,0.013059583368014532
2026-06-11 01:35:00+09:00,USDJPY,5m,160.0896327647859,160.10573667985574,160.07366069467372,160.0878568742023,0.002504095750504252
2026-06-11 01:40:00+09:00,USDJPY,5m,160.0838429243961,160.11198539100383,160.0687374924438,160.087619075509,0.018772193774921134
2026-06-11 01:45:00+09:00,USDJPY,5m,160.08606665354142,160.1061266753694,160.07957475959734,160.0870730565237,0.011413771547450775
2026-06-11 01:50:00+09:00,USDJPY,5m,160.093177888799,160.1058817902726,160.0619387506906,160.08706419302146,0.002778016725520022
2026-06-11 01:55:00+09:00,USDJPY,5m,160.07979745705558,160.0944336847994,160.07231792019977,160.08656513584097,0.008164999874146473
2026-06-11 02:00:00+09:00,USDJPY,5m,160.08277572497812,160.09507245397933,160.06570565855307,160.0869190125289,0.003383290313502216
2026-06-11 02:05:00+09:00,USDJPY,5m,160.08944765308848,160.10409583300932,160.0627227525922,160.08585749263375,0.009072999908720479
2026-06-11 02:10:00+09:00,USDJPY,5m,160.0819614989599,160.09737325345475,160.07541019177748,160.08565171483028,0.014058674158903817
2026-06-11 02:15:00+09:00,USDJPY,5m,160.091692412871,160.09136830179528,160.05872550460995,160.08584237923378,0.010458018344745914
2026-06-11 02:20:00+09:00,USDJPY,5m,160.07857174968711,160.1090336600411,160.0655570736534,160.08596267994358,0.00890699914495018
2026-06-11 02:25:00+09:00,USDJPY,5m,160.09284222355106,160.09340066505922,160.07187037159818,160.08758850014198,0.004144826819728367
2026-06-11 02:30:00+09:00,USDJPY,5m,160.07917541445372,160.1076903011843,160.07825000056724,160.0878083801567,0.006408902822485814
2026-06-11 02:35:00+09:00,USDJPY,5m,160.07746779965194,160.10569579225177,160.05865842395107,160.0872159473986,0.003802579179290321
2026-06-11 02:40:00+09:00,USDJPY,5m,160.095133139227,160.1163890361148,160.06329196374708,160.08716866885035,0.016534977169819894
2026-06-11 02:45:00+09:00,USDJPY,5m,160.0877397053889,160.10321824953397,160.07591230698193,160.08611292105027,0.004434316903725007
2026-06-11 02:50:00+09:00,USDJPY,5m,160.08311109914243,160.09266459711014,160.07263179183258,160.0860745612007,0.012716720597880085
2026-06-11 02:55:00+09:00,USDJPY,5m,160.08023662030578,160.10437692676166,160.0603428711143,160.0855847275665,0.008169327444599226
2026-06-11 03:00:00+09:00,USDJPY,5m,160.08848167739706,160.11217136599723,160.06375202015144,160.08614396173184,0.006067610923793303
2026-06-11 03:05:00+09:00,USDJPY,5m,160.0860042812378,160.1157454696741,160.0616796302492,160.08582423756707,0.013510431910857868
2026-06-11 03:10:00+09:00,USDJPY,5m,160.0955961335282,160.10152275735982,160.06973415046227,160.0857641780176,0.010226041568784932
2026-06-11 03:15:00+09:00,USDJPY,5m,160.09505716304582,160.09840031187517,160.06248093674668,160.08539284331275,0.009202618411122066
2026-06-11 03:20:00+09:00,USDJPY,5m,160.08914664544668,160.11411248654764,160.07178381105226,160.08644615412385,0.01267133608805999
2026-06-11 03:25:00+09:00,USDJPY,5m,160.08512081858632,160.0960444616911,160.07598183554074,160.0862634084642,0.010842817312820014
2026-06-11 03:30:00+09:00,USDJPY,5m,160.08719576207298,160.1077586655661,160.06655601681925,160.08737294269028,0.007462715753928094
2026-06-11 03:35:00+09:00,USDJPY,5m,160.0915210150723,160.10301429435208,160.05847108560758,160.08787143374755,0.01206310317977453
2026-06-11 03:40:00+09:00,USDJPY,5m,160.08020216466866,160.09419773290784,160.0754056494991,160.08817067378396,0.014050974377912504
2026-06-11 03:45:00+09:00,USDJPY,5m,160.08496895514855,160.10208412552998,160.07187767386702,160.08840191367233,0.002480476854563377
2026-06-11 03:50:00+09:00,USDJPY,5m,160.08015363687133,160.10027890511384,160.0667981577745,160.08864819205127,0.010385691120338157
2026-06-11 03:55:00+09:00,USDJPY,5m,160.078968803694,160.10965386735225,160.0689639314506,160.08750158850367,0.003038299122503788
2026-06-11 04:00:00+09:00,USDJPY,5m,160.08126104330506,160.11606402090948,160.06125856357446,160.08734425846717,0.0053552974532259994
2026-06-11 04:05:00+09:00,USDJPY,5m,160.08756641834174,160.09956253293436,160.06381778558813,160.08786135324988,0.012089157213403517
2026-06-11 04:10:00+09:00,USDJPY,5m,160.09353750136307,160.1131286634186,160.08138458484325,160.0878420149398,0.017591400474780455
2026-06-11 04:15:00+09:00,USDJPY,5m,160.08671881885502,160.09339289645516,160.05704837018362,160.0870089010317,0.017890502225392728
2026-06-11 04:20:00+09:00,USDJPY,5m,160.08369699057258,160.10544048361237,160.06317739701836,160.08698745836136,0.003258992182495363
2026-06-11 04:25:00+09:00,USDJPY,5m,160.07966698147786,160.0947836732639,160.06142233876378,160.08801992167113,0.009543891553160721
2026-06-11 04:30:00+09:00,USDJPY,5m,160.08978396716412,160.11712888147872,160.06749811389807,160.08877805670045,0.012494116694081923
2026-06-11 04:35:00+09:00,USDJPY,5m,160.08417622602448,160.11290963630876,160.06234372609367,160.08875085429483,0.004647258281906182
2026-06-11 04:40:00+09:00,USDJPY,5m,160.0916304074194,160.11078047164116,160.08152214948782,160.08933172386105,0.015777779901405893
2026-06-11 04:45:00+09:00,USDJPY,5m,160.0986655744315,160.11471922918946,160.07542837375988,160.08912181964885,0.0153962346518703
2026-06-11 04:50:00+09:00,USDJPY,5m,160.0803357831263,160.109297491586,160.06119897310663,160.08810949669675,0.018260138246722304
2026-06-11 04:55:00+09:00,USDJPY,5m,160.0818073250783,160.1167884270332,160.0775234368222,160.08756481710387,0.0021527482175019742
2026-06-11 05:00:00+09:00,USDJPY,5m,160.08797444112696,160.1113614990616,160.0815564979005,160.08851255036498,0.005900316391802048
2026-06-11 05:05:00+09:00,USDJPY,5m,160.0977304308228,160.11647461975542,160.06365518101725,160.08835815451587,0.01688936085641579
2026-06-11 05:10:00+09:00,USDJPY,5m,160.09365831965363,160.1061504214285,160.06233497023715,160.08822212412824,0.014070440914884838
2026-06-11 05:15:00+09:00,USDJPY,5m,160.09601680507376,160.09597883153504,160.07898591575574,160.0880522212105,0.018099017366572837
2026-06-11 05:20:00+09:00,USDJPY,5m,160.08587900013373,160.1074091461998,160.06284605359465,160.08920470316423,0.0030292337815447977
2026-06-11 05:25:00+09:00,USDJPY,5m,160.100031047989,160.09836209921502,160.0680210836235,160.09019027851343,0.012745351382895972
2026-06-11 05:30:00+09:00,USDJPY,5m,160.0835882029748,160.1113438836329,160.0735294795731,160.0915315466535,0.012242838348086137
2026-06-11 05:35:00+09:00,USDJPY,5m,160.0825055776482,160.10850844604045,160.06568986470774,160.09144611952726,0.002642139494489583
2026-06-11 05:40:00+09:00,USDJPY,5m,160.09874554676162,160.11219787916636,160.07615226298756,160.09163349422053,0.011243397384424704
2026-06-11 05:45:00+09:00,USDJPY,5m,160.09927880609501,160.09598468321724,160.0808836597853,160.09073350869087,0.012971365603578637
2026-06-11 05:50:00+09:00,USDJPY,5m,160.08344137649746,160.1015006816379,160.07950835243128,160.09162966934653,0.00544327713563793
2026-06-11 05:55:00+09:00,USDJPY,5m,160.0832075501507,160.10822226241356,160.07330990115844,160.09093900161577,0.006919932496243933
2026-06-11 06:00:00+09:00,USDJPY,5m,160.08174255010914,160.11984165599375,160.0727957971372,160.09107906695402,0.013526252233359268
2026-06-11 06:05:00+09:00,USDJPY,5m,160.08252083669032,160.10502091144636,160.06529116477643,160.09043068543747,0.010429417056799251
2026-06-11 06:10:00+09:00,USDJPY,5m,160.08427576167742,160.10569666599275,160.0653035472501,160.09008736534142,0.017444245836229885
2026-06-11 06:15:00+09:00,USDJPY,5m,160.098996540261,160.11246241010795,160.0700608439527,160.0895950078828,0.008162871788165391
2026-06-11 06:20:00+09:00,USDJPY,5m,160.09259748717116,160.10933510165853,160.06472064564224,160.08924028272637,0.006799873850987621
2026-06-11 06:25:00+09:00,USDJPY,5m,160.09449786961486,160.10139996285696,160.07913247264716,160.0889268091045,0.019727586926207172
2026-06-11 06:30:00+09:00,USDJPY,5m,160.09413063590137,160.10387825771673,160.0823562346502,160.08860784782755,0.018400443862341506
2026-06-11 06:35:00+09:00,USDJPY,5m,160.0898193231702,160.09956034314604,160.06227700260874,160.0891178481746,0.0025218694099816375
2026-06-11 06:40:00+09:00,USDJPY,5m,160.09441471005303,160.117615466977,160.0815760681547,160.08846493049876,0.01587311507551819
2026-06-11 06:45:00+09:00,USDJPY,5m,160.09052340600277,160.09687311489392,160.0774400446114,160.088607255355,0.0039860259288536535
2026-06-11 06:50:00+09:00,USDJPY,5m,160.08563895279843,160.10364395046054,160.06696505710576,160.08934803084637,0.0024947335069286773
2026-06-11 06:55:00+09:00,USDJPY,5m,160.090272315203,160.09469608733315,160.07381391458696,160.08905011302764,0.006926519287394281
2026-06-11 07:00:00+09:00,USDJPY,5m,160.0892995334159,160.09917384899154,160.0617215124453,160.0886293616932,0.006848225823099878
2026-06-11 07:05:00+09:00,USDJPY,5m,160.09497010799328,160.11301282537758,160.07605155205152,160.08850104691808,0.016747737722245366
2026-06-11 07:10:00+09:00,USDJPY,5m,160.09885342639072,160.09924826285032,160.08392209837638,160.0892188820431,0.014792010426971034
2026-06-11 07:15:00+09:00,USDJPY,5m,160.0875661979301,160.0963469316849,160.07682895560765,160.08934534662168,0.019668969691976262
2026-06-11 07:20:00+09:00,USDJPY,5m,160.09430443161375,160.10589794754105,160.0695847418153,160.08903661804493,0.014807232205612733
2026-06-11 07:25:00+09:00,USDJPY,5m,160.0813322041164,160.094586174904,160.07493848465054,160.08933694403564,0.009528599958608863
2026-06-11 07:30:00+09:00,USDJPY,5m,160.0942221961347,160.09580472260637,160.07031374985175,160.08868556874572,0.014580697897013904
2026-06-11 07:35:00+09:00,USDJPY,5m,160.08653272269186,160.11429503119106,160.0621894314811,160.08910438445199,0.019990263209355243
2026-06-11 07:40:00+09:00,USDJPY,5m,160.08014735209443,160.1136463824581,160.06154742248086,160.08935954883663,0.014782553886125507
2026-06-11 07:45:00+09:00,USDJPY,5m,160.08644978732517,160.11706333426406,160.0775355121376,160.08918486375393,0.01571026440764573
2026-06-11 07:50:00+09:00,USDJPY,5m,160.09090456729328,160.11505459817263,160.0721382004431,160.08869171227485,0.018890570273424674
2026-06-11 07:55:00+09:00,USDJPY,5m,160.08055470707512,160.1102490928025,160.06944110334047,160.0881697037215,0.0040457227036103
2026-06-11 08:00:00+09:00,USDJPY,5m,160.0969812839719,160.09480891555583,160.0597727827011,160.0885005941233,0.014686117282059085
2026-06-11 08:05:00+09:00,USDJPY,5m,160.08080143069023,160.11381919787445,160.05928254944567,160.08924798242478,0.017314507243414084
2026-06-11 08:10:00+09:00,USDJPY,5m,160.09747573217322,160.11501336804758,160.07799041655554,160.08887559777656,0.019178814803976076
2026-06-11 08:15:00+09:00,USDJPY,5m,160.0933033801574,160.114137683443,160.06598613301506,160.0891606297987,0.005797447214810589
2026-06-11 08:20:00+09:00,USDJPY,5m,160.08451265709584,160.10563038947024,160.0734676370317,160.08791841358754,0.011070722139036397
2026-06-11 08:25:00+09:00,USDJPY,5m,160.08539264990333,160.0984001889154,160.082374938027,160.08757764294916,0.014249987257600674
2026-06-11 08:30:00+09:00,USDJPY,5m,160.0923851948841,160.11370225698164,160.08233769452852,160.08756900758942,0.006454419131024075
2026-06-11 08:35:00+09:00,USDJPY,5m,160.08906261955684,160.11021226778274,160.07051904735016,160.08703319753923,0.012808511538504935
2026-06-11 08:40:00+09:00,USDJPY,5m,160.08991415214348,160.1160003230741,160.06927292088926,160.08648129371437,0.00663641808496399
2026-06-11 08:45:00+09:00,USDJPY,5m,160.08387391831076,160.09498294092438,160.08052638356617,160.0860906259805,0.008002226369569652
2026-06-11 08:50:00+09:00,USDJPY,5m,160.08603221125364,160.0969175561938,160.06410275619814,160.0862759416175,0.009947336537195572
2026-06-11 08:55:00+09:00,USDJPY,5m,160.0959708938872,160.09646849795348,160.07382345949156,160.08617354420645,0.011525421777438207
